x,y,z,Bx,By,Bz,Ex,Ey,Ez
0.000000000000e+00,0.000000000000e+00,1.000000000000e+00,-2.671242790429e-14,5.170462614643e-13,-6.937113637299e-14,4.920118148723e+04,-4.036350889171e+01,-8.641328154881e+03
