x,y,z,Bx,By,Bz,Ex,Ey,Ez
0.000000000000e+00,0.000000000000e+00,1.000000000000e+00,6.217054900058e-17,5.228831075695e-15,-3.697864652263e-16,-1.886183599949e+03,-5.934060996805e-02,-8.733251498229e+01
