x,y,z,Bx,By,Bz,Ex,Ey,Ez
0.000000000000e+00,0.000000000000e+00,1.000000000000e+00,4.761290857344e-19,1.368620897459e-16,-3.278482858901e-17,-1.648449433759e+02,-1.179173451736e-02,-2.287364355211e+00
