x,y,z,Bx,By,Bz,Ex,Ey,Ez
0.000000000000e+00,0.000000000000e+00,1.000000000000e+00,2.209139888736e-19,7.447087680255e-17,-4.895218044561e-18,-1.097329694495e+02,-6.377161144682e-04,-1.242986347620e+00
