x,y,z,Bx,By,Bz,Ex,Ey,Ez
0.000000000000e+00,0.000000000000e+00,1.000000000000e+00,-3.171546268133e-16,1.795156354882e-14,-1.326042655044e-15,4.347579928045e+03,-1.169397784260e+00,-2.998928936509e+02
