x,y,z,Bx,By,Bz,Ex,Ey,Ez
0.000000000000e+00,0.000000000000e+00,1.000000000000e+00,-2.223755129808e-17,2.598772414640e-15,-4.794033740957e-16,1.179767756949e+03,-1.825564483846e-01,-4.342514779385e+01
