x,y,z,Bx,By,Bz,Ex,Ey,Ez
0.000000000000e+00,0.000000000000e+00,1.000000000000e+00,-6.858521192639e-18,9.511047220476e-16,-2.291445867970e-17,6.013988396754e+02,-5.510669748356e-02,-1.588801395183e+01
