x,y,z,Bx,By,Bz,Ex,Ey,Ez
0.000000000000e+00,0.000000000000e+00,1.000000000000e+00,1.078139547845e-18,2.565654305176e-16,2.032979497856e-18,-2.507501934330e+02,-6.729028475221e-03,-4.289087034576e+00
