x,y,z,Bx,By,Bz,Ex,Ey,Ez
0.000000000000e+00,0.000000000000e+00,1.000000000000e+00,-8.869124476354e-15,2.211249424770e-13,-2.786607196206e-14,2.559872390875e+04,9.978711894465e-01,-3.695335461641e+03
