x,y,z,Bx,By,Bz,Ex,Ey,Ez
0.000000000000e+00,0.000000000000e+00,1.000000000000e+00,2.168586549201e-17,2.332226616453e-15,-1.866325844990e-16,-1.096324933407e+03,4.934921880903e-02,-3.894628879129e+01
