x,y,z,Bx,By,Bz,Ex,Ey,Ez
0.000000000000e+00,0.000000000000e+00,1.000000000000e+00,1.919475870525e-19,6.503392529456e-17,1.082778854884e-17,-1.003068078050e+02,8.309057382602e-04,-1.086547826150e+00
