x,y,z,Bx,By,Bz,Ex,Ey,Ez
0.000000000000e+00,0.000000000000e+00,1.000000000000e+00,5.426375678020e-17,4.708503231852e-15,-3.865556916278e-16,-1.757844769141e+03,-8.207790379230e-02,-7.864464970251e+01
