x,y,z,Bx,By,Bz,Ex,Ey,Ez
0.000000000000e+00,0.000000000000e+00,1.000000000000e+00,-1.329809251730e-18,3.563723236320e-16,-9.297747934371e-17,3.121959567519e+02,-1.054465231350e-03,-5.952673121883e+00
