x,y,z,Bx,By,Bz,Ex,Ey,Ez
0.000000000000e+00,0.000000000000e+00,1.000000000000e+00,2.713787016230e-17,2.697702849259e-15,-2.177412633318e-16,-1.209345601599e+03,6.091188097819e-02,-4.507719736198e+01
