x,y,z,Bx,By,Bz,Ex,Ey,Ez
0.000000000000e+00,0.000000000000e+00,1.000000000000e+00,6.500908551208e-18,8.567482791059e-16,-1.618526101996e-16,-5.611188979608e+02,-6.465353361228e-03,-1.431825100723e+01
