x,y,z,Bx,By,Bz,Ex,Ey,Ez
0.000000000000e+00,0.000000000000e+00,1.000000000000e+00,3.582444922750e-19,1.222824181832e-16,-2.442585720936e-17,-1.528865487982e+02,7.310562599846e-03,-2.043231148912e+00
