x,y,z,Bx,By,Bz,Ex,Ey,Ez
0.000000000000e+00,0.000000000000e+00,1.000000000000e+00,-1.055855717167e-17,1.286327589234e-15,-3.807549220799e-17,7.360838090984e+02,3.900455528987e-02,-2.149218790562e+01
