x,y,z,Bx,By,Bz,Ex,Ey,Ez
0.000000000000e+00,0.000000000000e+00,1.000000000000e+00,-8.946506234697e-17,7.053527155945e-15,-2.258166943055e-16,2.310477953030e+03,5.157422643242e-02,-1.179926486455e+02
