x,y,z,Bx,By,Bz,Ex,Ey,Ez
0.000000000000e+00,0.000000000000e+00,1.000000000000e+00,-2.109945331824e-17,2.294066506141e-15,-2.874216883440e-16,1.085461692483e+03,-4.328900441828e-02,-3.835615514320e+01
