x,y,z,Bx,By,Bz,Ex,Ey,Ez
0.000000000000e+00,0.000000000000e+00,1.000000000000e+00,5.952856757591e-19,1.606483119092e-16,1.244800875752e-17,-1.832408172679e+02,7.726991078974e-03,-2.681128808043e+00
