x,y,z,Bx,By,Bz,Ex,Ey,Ez
0.000000000000e+00,0.000000000000e+00,1.000000000000e+00,-9.701878214675e-15,2.368242132088e-13,-3.067986382716e-14,2.694566407455e+04,-5.137848712345e-01,-3.957600532956e+03
