x,y,z,Bx,By,Bz,Ex,Ey,Ez
0.000000000000e+00,0.000000000000e+00,1.000000000000e+00,9.682443356816e-19,2.056910664208e-16,-2.826767028020e-17,-2.163112653766e+02,5.033009150969e-03,-3.437123078715e+00
