x,y,z,Bx,By,Bz,Ex,Ey,Ez
0.000000000000e+00,0.000000000000e+00,1.000000000000e+00,-8.746121990571e-17,6.702868157232e-15,-2.571388771080e-16,2.232229178772e+03,-5.096938200660e-02,-1.121229087027e+02
