x,y,z,Bx,By,Bz,Ex,Ey,Ez
0.000000000000e+00,0.000000000000e+00,1.000000000000e+00,8.363134309669e-19,2.167195401074e-16,-3.966620167213e-17,-2.240617796616e+02,-2.969863517074e-04,-3.623005781470e+00
