x,y,z,Bx,By,Bz,Ex,Ey,Ez
0.000000000000e+00,0.000000000000e+00,1.000000000000e+00,6.721372817627e-19,1.633654043967e-16,-1.793920132849e-18,-1.853103326141e+02,9.617838818272e-03,-2.726528243714e+00
