x,y,z,Bx,By,Bz,Ex,Ey,Ez
0.000000000000e+00,0.000000000000e+00,1.000000000000e+00,-7.794314843063e-19,1.697756115816e-16,6.799509216846e-18,1.900757699388e+02,2.831823146470e-03,-2.832458267511e+00
