x,y,z,Bx,By,Bz,Ex,Ey,Ez
0.000000000000e+00,0.000000000000e+00,1.000000000000e+00,1.927873014100e-19,6.684998872200e-17,7.116038512340e-18,-1.021990701094e+02,3.425263023706e-03,-1.117375589046e+00
