x,y,z,Bx,By,Bz,Ex,Ey,Ez
0.000000000000e+00,0.000000000000e+00,1.000000000000e+00,-4.082333857519e-19,1.061160957643e-16,-1.103623143935e-17,1.390758446860e+02,-5.388952874869e-04,-1.773232485510e+00
