x,y,z,Bx,By,Bz,Ex,Ey,Ez
0.000000000000e+00,0.000000000000e+00,1.000000000000e+00,1.322543327343e-17,1.641414077410e-15,-1.855638009313e-16,-8.667923148933e+02,-8.534279524994e-02,-2.742457001058e+01
