x,y,z,Bx,By,Bz,Ex,Ey,Ez
0.000000000000e+00,0.000000000000e+00,1.000000000000e+00,-1.317303355277e-18,2.495371744664e-16,9.219539213417e-18,2.458862016836e+02,-3.506921427515e-03,-4.165980338860e+00
