x,y,z,Bx,By,Bz,Ex,Ey,Ez
0.000000000000e+00,0.000000000000e+00,1.000000000000e+00,-4.097835263233e-19,1.055455786071e-16,-1.424743625887e-17,1.385707354988e+02,-4.246337329070e-04,-1.763577958659e+00
