x,y,z,Bx,By,Bz,Ex,Ey,Ez
0.000000000000e+00,0.000000000000e+00,1.000000000000e+00,8.016065766733e-19,1.749977399469e-16,-4.038835962332e-17,-1.942204331323e+02,4.948274821241e-03,-2.924886275077e+00
