x,y,z,Bx,By,Bz,Ex,Ey,Ez
0.000000000000e+00,0.000000000000e+00,1.000000000000e+00,2.947318415980e-17,2.957567941080e-15,-2.747181548003e-16,-1.286733578945e+03,6.631521018676e-02,-4.943600810488e+01
