x,y,z,Bx,By,Bz,Ex,Ey,Ez
0.000000000000e+00,0.000000000000e+00,1.000000000000e+00,-1.675607005895e-17,1.879464742890e-15,-2.476747263849e-16,9.486532166013e+02,-9.043622558644e-03,-3.137258500277e+01
