x,y,z,Bx,By,Bz,Ex,Ey,Ez
0.000000000000e+00,0.000000000000e+00,1.000000000000e+00,1.737543917531e-19,6.096639132404e-17,-8.900083230233e-18,-9.609926123722e+01,-2.593757340761e-04,-1.018889937685e+00
