x,y,z,Bx,By,Bz,Ex,Ey,Ez
0.000000000000e+00,0.000000000000e+00,1.000000000000e+00,-1.268614717678e-16,9.409055702532e-15,-1.208328973980e-15,2.803377036210e+03,2.996258284991e-01,-1.569682478887e+02
