x,y,z,Bx,By,Bz,Ex,Ey,Ez
0.000000000000e+00,0.000000000000e+00,1.000000000000e+00,-4.592505488005e-18,7.719958678928e-16,-1.457497666602e-16,5.234039312441e+02,-1.969565256006e-02,-1.290139422241e+01
