x,y,z,Bx,By,Bz,Ex,Ey,Ez
0.000000000000e+00,0.000000000000e+00,1.000000000000e+00,1.778053107162e-13,2.220935333023e-12,-4.175825917489e-13,-1.751066292440e+05,1.463610020422e+02,-3.711916919552e+04
