x,y,z,Bx,By,Bz,Ex,Ey,Ez
0.000000000000e+00,0.000000000000e+00,1.000000000000e+00,2.149036570315e-18,3.983092604126e-16,-3.538059757515e-17,-3.361705471199e+02,3.304768363912e-03,-6.653083524300e+00
