x,y,z,Bx,By,Bz,Ex,Ey,Ez
0.000000000000e+00,0.000000000000e+00,1.000000000000e+00,-6.297800217684e-18,9.061741031813e-16,-5.826112636844e-17,5.821467851629e+02,-6.422193063825e-02,-1.513163690481e+01
