x,y,z,Bx,By,Bz,Ex,Ey,Ez
0.000000000000e+00,0.000000000000e+00,1.000000000000e+00,-2.792894015881e-17,2.962007303962e-15,-2.057097375861e-16,1.286453775128e+03,-3.090589830515e-01,-4.943431284369e+01
