x,y,z,Bx,By,Bz,Ex,Ey,Ez
0.000000000000e+00,0.000000000000e+00,1.000000000000e+00,7.733534289197e-19,1.768672241157e-16,-3.810595371771e-17,-1.956230451349e+02,3.512460730520e-03,-2.956574449358e+00
