x,y,z,Bx,By,Bz,Ex,Ey,Ez
0.000000000000e+00,0.000000000000e+00,1.000000000000e+00,-4.053084651820e-16,2.117632429518e-14,-1.219908463871e-15,4.863796087733e+03,-8.155380349756e-01,-3.536048820683e+02
