x,y,z,Bx,By,Bz,Ex,Ey,Ez
0.000000000000e+00,0.000000000000e+00,1.000000000000e+00,-1.405432775346e-18,2.598812303404e-16,-8.741657739464e-18,2.527900157650e+02,8.544384308741e-04,-4.342345015030e+00
