x,y,z,Bx,By,Bz,Ex,Ey,Ez
0.000000000000e+00,0.000000000000e+00,1.000000000000e+00,8.151570842433e-19,2.182454994181e-16,-3.938259195775e-17,-2.251024610315e+02,-1.099724430300e-03,-3.648230137541e+00
