x,y,z,Bx,By,Bz,Ex,Ey,Ez
0.000000000000e+00,0.000000000000e+00,1.000000000000e+00,3.308374296009e-17,3.367856722957e-15,-3.696835756819e-16,-1.403834294089e+03,3.433539939640e-02,-5.627424458449e+01
