x,y,z,Bx,By,Bz,Ex,Ey,Ez
0.000000000000e+00,0.000000000000e+00,1.000000000000e+00,-1.861542911896e-16,1.140105234651e-14,-1.666630966447e-15,3.193292280808e+03,-3.591903967582e-01,-1.902641348614e+02
