x,y,z,Bx,By,Bz,Ex,Ey,Ez
0.000000000000e+00,0.000000000000e+00,1.000000000000e+00,-2.612274496897e-18,5.005931747472e-16,-2.360381867759e-17,3.917590476762e+02,3.931275592914e-02,-8.367395919976e+00
