x,y,z,Bx,By,Bz,Ex,Ey,Ez
0.000000000000e+00,0.000000000000e+00,1.000000000000e+00,-9.150033428867e-19,1.733487661745e-16,5.806476732817e-18,1.928074879534e+02,5.372952877078e-03,-2.893711916106e+00
