x,y,z,Bx,By,Bz,Ex,Ey,Ez
0.000000000000e+00,0.000000000000e+00,1.000000000000e+00,-1.375716470159e-18,3.391818256535e-16,-7.357707709723e-17,3.021952882625e+02,1.293007246005e-02,-5.669829707424e+00
