x,y,z,Bx,By,Bz,Ex,Ey,Ez
0.000000000000e+00,0.000000000000e+00,1.000000000000e+00,-4.451423236958e-19,1.339720704481e-16,6.245986905494e-18,1.624541586417e+02,1.902605896331e-03,-2.238196071285e+00
