x,y,z,Bx,By,Bz,Ex,Ey,Ez
0.000000000000e+00,0.000000000000e+00,1.000000000000e+00,2.751035574513e-19,9.029903740348e-17,3.913982356627e-18,-1.248778570748e+02,-3.325154590601e-04,-1.508920444208e+00
