x,y,z,Bx,By,Bz,Ex,Ey,Ez
0.000000000000e+00,0.000000000000e+00,1.000000000000e+00,2.767469237353e-19,9.061227046178e-17,2.570522929178e-18,-1.251663212879e+02,-1.214744235226e-04,-1.514141388315e+00
