x,y,z,Bx,By,Bz,Ex,Ey,Ez
0.000000000000e+00,0.000000000000e+00,1.000000000000e+00,-1.656308106261e-17,1.870619969592e-15,-2.528810613676e-16,9.456491814132e+02,-6.650636202693e-03,-3.122415541193e+01
