x,y,z,Bx,By,Bz,Ex,Ey,Ez
0.000000000000e+00,0.000000000000e+00,1.000000000000e+00,1.477163617940e-18,2.912270692529e-16,-4.636013068825e-17,-2.725621633016e+02,3.849673975114e-03,-4.859545299716e+00
