x,y,z,Bx,By,Bz,Ex,Ey,Ez
0.000000000000e+00,0.000000000000e+00,1.000000000000e+00,-2.799452506472e-19,8.267310666505e-17,1.521345985430e-17,1.177190200710e+02,3.083601498533e-03,-1.381185575951e+00
