x,y,z,Bx,By,Bz,Ex,Ey,Ez
0.000000000000e+00,0.000000000000e+00,1.000000000000e+00,4.468624488959e-19,1.160922943211e-16,-5.827004983086e-18,-1.477454071970e+02,8.053630901179e-03,-1.941455473985e+00
