x,y,z,Bx,By,Bz,Ex,Ey,Ez
0.000000000000e+00,0.000000000000e+00,1.000000000000e+00,1.912350176883e-18,3.736062190319e-16,-4.863182505779e-17,-3.220190943671e+02,7.773287745315e-03,-6.237993841084e+00
