x,y,z,Bx,By,Bz,Ex,Ey,Ez
0.000000000000e+00,0.000000000000e+00,1.000000000000e+00,-2.206606047285e-16,1.288358168770e-14,-1.604401879059e-15,3.471121215286e+03,-8.161601177840e-01,-2.152230882590e+02
