x,y,z,Bx,By,Bz,Ex,Ey,Ez
0.000000000000e+00,0.000000000000e+00,1.000000000000e+00,-2.940104782322e-16,1.690987273510e-14,-1.355016826092e-15,4.175148535394e+03,-1.210607002732e+00,-2.825634481675e+02
