x,y,z,Bx,By,Bz,Ex,Ey,Ez
0.000000000000e+00,0.000000000000e+00,1.000000000000e+00,1.600091373611e-19,7.244675436556e-17,-1.882395724541e-17,-1.077493759632e+02,2.809529810982e-04,-1.209375293542e+00
