x,y,z,Bx,By,Bz,Ex,Ey,Ez
0.000000000000e+00,0.000000000000e+00,1.000000000000e+00,-9.033037919539e-17,7.211918089644e-15,-2.366633176183e-16,2.345313975944e+03,1.012391863514e-01,-1.206336952867e+02
