x,y,z,Bx,By,Bz,Ex,Ey,Ez
0.000000000000e+00,0.000000000000e+00,1.000000000000e+00,-1.083350227995e-17,1.467448259989e-15,-8.201023867157e-17,8.044686039572e+02,1.044039502926e-01,-2.453514514185e+01
