x,y,z,Bx,By,Bz,Ex,Ey,Ez
0.000000000000e+00,0.000000000000e+00,1.000000000000e+00,-2.824815924912e-19,8.461057014612e-17,-3.842765961016e-18,1.195901640134e+02,5.040012983309e-03,-1.414106355337e+00
