x,y,z,Bx,By,Bz,Ex,Ey,Ez
0.000000000000e+00,0.000000000000e+00,1.000000000000e+00,1.778663103353e-18,3.069819276474e-16,-4.807487506269e-17,-2.825714652353e+02,-4.107860567875e-03,-5.129402616669e+00
