x,y,z,Bx,By,Bz,Ex,Ey,Ez
0.000000000000e+00,0.000000000000e+00,1.000000000000e+00,-1.304753153346e-18,2.900811267506e-16,1.787871978488e-17,2.720656559550e+02,2.257949369005e-02,-4.847131627208e+00
