x,y,z,Bx,By,Bz,Ex,Ey,Ez
0.000000000000e+00,0.000000000000e+00,1.000000000000e+00,-5.433217504470e-19,1.501327170401e-16,-2.871846960791e-17,1.753480148387e+02,-7.189980098144e-03,-2.509413666998e+00
