x,y,z,Bx,By,Bz,Ex,Ey,Ez
0.000000000000e+00,0.000000000000e+00,1.000000000000e+00,5.277944815304e-19,1.103806940682e-16,5.705892868185e-18,-1.426859321962e+02,5.141025242012e-03,-1.842894152176e+00
