x,y,z,Bx,By,Bz,Ex,Ey,Ez
0.000000000000e+00,0.000000000000e+00,1.000000000000e+00,-1.808302190988e-16,1.120793306368e-14,-1.658823148690e-15,3.156311214178e+03,-2.891131281306e-01,-1.870165767839e+02
