x,y,z,Bx,By,Bz,Ex,Ey,Ez
0.000000000000e+00,0.000000000000e+00,1.000000000000e+00,1.970088890556e-15,7.162763810433e-14,-7.872927870575e-15,-1.133269397924e+04,-2.070398502496e+00,-1.196410844118e+03
