x,y,z,Bx,By,Bz,Ex,Ey,Ez
0.000000000000e+00,0.000000000000e+00,1.000000000000e+00,6.627130037811e-17,5.480860687813e-15,-3.633851113320e-16,-1.946816006416e+03,-3.420658777045e-02,-9.153659831257e+01
