x,y,z,Bx,By,Bz,Ex,Ey,Ez
0.000000000000e+00,0.000000000000e+00,1.000000000000e+00,4.226781485981e-16,2.186622185062e-14,-9.634635765666e-16,-4.971151043414e+03,8.817015283776e-01,-3.650493520866e+02
