x,y,z,Bx,By,Bz,Ex,Ey,Ez
0.000000000000e+00,0.000000000000e+00,1.000000000000e+00,-3.119861686728e-18,5.822067326758e-16,-6.515357068180e-17,4.332319570986e+02,2.092517513489e-02,-9.724502435059e+00
