x,y,z,Bx,By,Bz,Ex,Ey,Ez
0.000000000000e+00,0.000000000000e+00,1.000000000000e+00,1.648781844115e-19,6.286609507704e-17,-4.837200375391e-18,-9.806996546854e+01,-8.909781748802e-04,-1.050381259572e+00
