x,y,z,Bx,By,Bz,Ex,Ey,Ez
0.000000000000e+00,0.000000000000e+00,1.000000000000e+00,-5.869133556086e-14,9.548679082905e-13,-1.365356372187e-13,8.156405872678e+04,-5.357088846677e+01,-1.595216036501e+04
