x,y,z,Bx,By,Bz,Ex,Ey,Ez
0.000000000000e+00,0.000000000000e+00,1.000000000000e+00,1.777127366294e-18,3.077577718469e-16,-4.674933873138e-17,-2.830611818690e+02,-4.431823873226e-03,-5.142735389586e+00
