x,y,z,Bx,By,Bz,Ex,Ey,Ez
0.000000000000e+00,0.000000000000e+00,1.000000000000e+00,6.339689343562e-15,1.705340683426e-13,-1.802553841009e-14,-2.109598815513e+04,-8.994993858390e+00,-2.848382307156e+03
