x,y,z,Bx,By,Bz,Ex,Ey,Ez
0.000000000000e+00,0.000000000000e+00,1.000000000000e+00,-4.444665671392e-19,1.246880393437e-16,-1.714353279565e-17,1.548437184908e+02,-3.679920701521e-03,-2.082766003424e+00
