x,y,z,Bx,By,Bz,Ex,Ey,Ez
0.000000000000e+00,0.000000000000e+00,1.000000000000e+00,4.352087688825e-18,6.155510465987e-16,4.747316151844e-18,-4.493959555523e+02,-2.503586813589e-02,-1.027636530733e+01
