x,y,z,Bx,By,Bz,Ex,Ey,Ez
0.000000000000e+00,0.000000000000e+00,1.000000000000e+00,-4.858795385196e-16,2.383902999745e-14,-1.115373860639e-15,5.274529912293e+03,-2.899412314648e-01,-3.981707323137e+02
