x,y,z,Bx,By,Bz,Ex,Ey,Ez
0.000000000000e+00,0.000000000000e+00,1.000000000000e+00,2.036516072820e-18,5.210949998127e-16,-8.974465911335e-17,-4.024578894041e+02,-1.896264817611e-02,-8.707762413577e+00
