x,y,z,Bx,By,Bz,Ex,Ey,Ez
0.000000000000e+00,0.000000000000e+00,1.000000000000e+00,1.661187651994e-19,6.306096978822e-17,-3.344274316973e-18,-9.827015122803e+01,-8.721583650442e-04,-1.053601945793e+00
