x,y,z,Bx,By,Bz,Ex,Ey,Ez
0.000000000000e+00,0.000000000000e+00,1.000000000000e+00,5.275488062665e-19,1.131566132691e-16,-8.966535891277e-19,-1.451823107674e+02,6.934628584050e-03,-1.891340772595e+00
