x,y,z,Bx,By,Bz,Ex,Ey,Ez
0.000000000000e+00,0.000000000000e+00,1.000000000000e+00,-2.186290495787e-15,7.520357093081e-14,-8.141815118009e-15,1.171798783992e+04,-5.674463543296e-01,-1.255200391394e+03
