x,y,z,Bx,By,Bz,Ex,Ey,Ez
0.000000000000e+00,0.000000000000e+00,1.000000000000e+00,2.758088899887e-18,4.586812417532e-16,-5.752766917028e-17,-3.696381299107e+02,1.163370624536e-02,-7.668051898634e+00
