x,y,z,Bx,By,Bz,Ex,Ey,Ez
0.000000000000e+00,0.000000000000e+00,1.000000000000e+00,-2.791817833635e-18,5.376728317719e-16,-8.621691314341e-17,4.108774216938e+02,3.400022780252e-02,-8.983713202920e+00
