x,y,z,Bx,By,Bz,Ex,Ey,Ez
0.000000000000e+00,0.000000000000e+00,1.000000000000e+00,-9.836534302956e-13,8.178002990241e-12,-3.093752708872e-12,6.885485882455e+05,-1.456591332730e+02,-1.364302424460e+05
