x,y,z,Bx,By,Bz,Ex,Ey,Ez
0.000000000000e+00,0.000000000000e+00,1.000000000000e+00,2.807372255945e-19,8.620960950401e-17,-2.352972367840e-18,-1.210858461397e+02,-3.358055585885e-03,-1.440734768177e+00
