x,y,z,Bx,By,Bz,Ex,Ey,Ez
0.000000000000e+00,0.000000000000e+00,1.000000000000e+00,2.662223045255e-18,4.751520583604e-16,-7.999686343762e-17,-3.786030326823e+02,5.776915414126e-03,-7.947424120966e+00
