x,y,z,Bx,By,Bz,Ex,Ey,Ez
0.000000000000e+00,0.000000000000e+00,1.000000000000e+00,-6.721932576356e-12,6.768994187287e-11,1.640127986546e-10,-6.326976569355e+05,-6.364502769586e+03,-1.129956610531e+06
