x,y,z,Bx,By,Bz,Ex,Ey,Ez
0.000000000000e+00,0.000000000000e+00,1.000000000000e+00,7.624249741574e-17,6.035636825212e-15,-3.794613162458e-16,-2.077276416336e+03,4.453764714577e-02,-1.007897767676e+02
