x,y,z,Bx,By,Bz,Ex,Ey,Ez
0.000000000000e+00,0.000000000000e+00,1.000000000000e+00,4.511445563667e-18,6.315573157422e-16,2.643106012840e-17,-4.573440809251e+02,-1.536701777019e-02,-1.055014979298e+01
