x,y,z,Bx,By,Bz,Ex,Ey,Ez
0.000000000000e+00,0.000000000000e+00,1.000000000000e+00,1.709904774598e-19,6.355064091099e-17,7.245540285105e-19,-9.877326206627e+01,-7.033936109258e-04,-1.061711904160e+00
