x,y,z,Bx,By,Bz,Ex,Ey,Ez
0.000000000000e+00,0.000000000000e+00,1.000000000000e+00,-2.041624978516e-15,7.170859422773e-14,-8.126576160214e-15,1.133152867180e+04,-2.398807187033e-01,-1.196739350365e+03
