x,y,z,Bx,By,Bz,Ex,Ey,Ez
0.000000000000e+00,0.000000000000e+00,1.000000000000e+00,-1.532429727800e-18,3.182655168607e-16,-6.058127587346e-17,2.895815625968e+02,2.647371530916e-02,-5.320041658062e+00
