x,y,z,Bx,By,Bz,Ex,Ey,Ez
0.000000000000e+00,0.000000000000e+00,1.000000000000e+00,2.172298158866e-18,5.049350300166e-16,-9.356990019930e-17,-3.942679951795e+02,-1.036831756526e-02,-8.443840871916e+00
