x,y,z,Bx,By,Bz,Ex,Ey,Ez
0.000000000000e+00,0.000000000000e+00,1.000000000000e+00,-2.021951132047e-19,7.621246393868e-17,-1.446338535271e-17,1.115290086621e+02,9.671310731841e-05,-1.273667614750e+00
