x,y,z,Bx,By,Bz,Ex,Ey,Ez
0.000000000000e+00,0.000000000000e+00,1.000000000000e+00,-2.052667562148e-19,7.788040958394e-17,-1.317502612220e-17,1.131235288278e+02,-9.212957604691e-04,-1.301065802686e+00
