x,y,z,Bx,By,Bz,Ex,Ey,Ez
0.000000000000e+00,0.000000000000e+00,1.000000000000e+00,-2.551306311311e-19,8.091746657199e-17,1.280782129213e-17,1.160253771835e+02,3.358592673725e-04,-1.351515162764e+00
