x,y,z,Bx,By,Bz,Ex,Ey,Ez
0.000000000000e+00,0.000000000000e+00,1.000000000000e+00,-2.467192060565e-19,8.721408886686e-17,-3.690806429940e-17,1.220634240234e+02,2.756034783194e-03,-1.457972343846e+00
