x,y,z,Bx,By,Bz,Ex,Ey,Ez
0.000000000000e+00,0.000000000000e+00,1.000000000000e+00,6.003458142674e-15,1.636250609001e-13,-1.729365932194e-14,-2.046750506574e+04,-8.782419763614e+00,-2.732902671441e+03
