x,y,z,Bx,By,Bz,Ex,Ey,Ez
0.000000000000e+00,0.000000000000e+00,1.000000000000e+00,-2.302666071659e-14,4.605679985509e-13,-6.250880813075e-14,4.489245082083e+04,-3.429712722890e+01,-7.697426366097e+03
