x,y,z,Bx,By,Bz,Ex,Ey,Ez
0.000000000000e+00,0.000000000000e+00,1.000000000000e+00,2.005677857324e-19,1.001825867394e-16,-8.528728100416e-18,-1.338171416372e+02,-4.193725470905e-03,-1.673612888122e+00
