x,y,z,Bx,By,Bz,Ex,Ey,Ez
0.000000000000e+00,0.000000000000e+00,1.000000000000e+00,1.326793529911e-19,7.045275501596e-17,-2.245457085337e-17,-1.058160777617e+02,2.664940427489e-03,-1.176980510913e+00
