x,y,z,Bx,By,Bz,Ex,Ey,Ez
0.000000000000e+00,0.000000000000e+00,1.000000000000e+00,2.707569811155e-18,4.709504169533e-16,-7.524001485418e-17,-3.763320491764e+02,7.629671162520e-03,-7.876338514315e+00
