x,y,z,Bx,By,Bz,Ex,Ey,Ez
0.000000000000e+00,0.000000000000e+00,1.000000000000e+00,5.114354382698e-15,1.449892859401e-13,-1.538850854523e-14,-1.874315384766e+04,-8.075918165761e+00,-2.421470149230e+03
