x,y,z,Bx,By,Bz,Ex,Ey,Ez
0.000000000000e+00,0.000000000000e+00,1.000000000000e+00,4.138015352232e-19,1.171898654916e-16,-7.998023717136e-18,-1.486774894328e+02,8.281948802223e-03,-1.959778617774e+00
