x,y,z,Bx,By,Bz,Ex,Ey,Ez
0.000000000000e+00,0.000000000000e+00,1.000000000000e+00,9.080310942687e-19,2.321891886048e-16,-3.318207253091e-17,-2.344280116480e+02,-7.045814010262e-03,-3.877114949536e+00
