x,y,z,Bx,By,Bz,Ex,Ey,Ez
0.000000000000e+00,0.000000000000e+00,1.000000000000e+00,1.866464607668e-19,6.463662353260e-17,8.939046890445e-18,-9.989415373553e+01,2.931472883986e-04,-1.079850030823e+00
