x,y,z,Bx,By,Bz,Ex,Ey,Ez
0.000000000000e+00,0.000000000000e+00,1.000000000000e+00,-2.744647374123e-18,4.533451428741e-16,9.784972071671e-17,3.665812970049e+02,-1.134400835433e-02,-7.578057409137e+00
