x,y,z,Bx,By,Bz,Ex,Ey,Ez
0.000000000000e+00,0.000000000000e+00,1.000000000000e+00,1.295403761825e-16,8.879493939542e-15,-1.068470200685e-15,-2.698649673679e+03,6.550812759368e-02,-1.484374937105e+02
