x,y,z,Bx,By,Bz,Ex,Ey,Ez
0.000000000000e+00,0.000000000000e+00,1.000000000000e+00,2.485076092333e-18,4.866743970173e-16,-8.920161040173e-17,-3.847579798816e+02,-9.821704521977e-05,-8.141188411760e+00
