x,y,z,Bx,By,Bz,Ex,Ey,Ez
0.000000000000e+00,0.000000000000e+00,1.000000000000e+00,-9.461378131022e-18,1.214483505978e-15,-6.249807672597e-17,7.080680287373e+02,1.892916369821e-02,-2.028133013887e+01
