x,y,z,Bx,By,Bz,Ex,Ey,Ez
0.000000000000e+00,0.000000000000e+00,1.000000000000e+00,-6.242940776127e-18,9.028287368840e-16,-6.145533685482e-17,5.807048083625e+02,-6.446511366169e-02,-1.507544845157e+01
