x,y,z,Bx,By,Bz,Ex,Ey,Ez
0.000000000000e+00,0.000000000000e+00,1.000000000000e+00,8.721571809892e-19,1.985236007921e-16,-9.747118036010e-18,-2.111504070929e+02,5.230325978861e-03,-3.315164017178e+00
