x,y,z,Bx,By,Bz,Ex,Ey,Ez
0.000000000000e+00,0.000000000000e+00,1.000000000000e+00,-3.547131748245e-19,1.127369266874e-16,1.654138753779e-18,1.448257648115e+02,3.265901232392e-03,-1.884209841971e+00
