x,y,z,Bx,By,Bz,Ex,Ey,Ez
0.000000000000e+00,0.000000000000e+00,1.000000000000e+00,-2.031722206986e-19,7.762088799170e-17,-1.439568299724e-17,1.128762089909e+02,-7.864995018745e-04,-1.296799219617e+00
