x,y,z,Bx,By,Bz,Ex,Ey,Ez
0.000000000000e+00,0.000000000000e+00,1.000000000000e+00,-4.242471276725e-17,3.677168086926e-15,2.302308698831e-16,1.487993552189e+03,1.739361110950e-01,-6.143960455329e+01
