x,y,z,Bx,By,Bz,Ex,Ey,Ez
0.000000000000e+00,0.000000000000e+00,1.000000000000e+00,2.535139434936e-19,7.591767911102e-17,1.584864600673e-18,-1.111670034284e+02,-8.367467004208e-05,-1.267462558901e+00
