x,y,z,Bx,By,Bz,Ex,Ey,Ez
0.000000000000e+00,0.000000000000e+00,1.000000000000e+00,-1.111575688497e-17,1.576083260122e-15,-1.987697507236e-16,8.436216166478e+02,1.081407599261e-01,-2.633279791066e+01
