x,y,z,Bx,By,Bz,Ex,Ey,Ez
0.000000000000e+00,0.000000000000e+00,1.000000000000e+00,-6.160035369607e-16,2.855054006420e-14,-1.224994690784e-15,5.973191569369e+03,9.847666584093e-01,-4.772973142852e+02
