x,y,z,Bx,By,Bz,Ex,Ey,Ez
0.000000000000e+00,0.000000000000e+00,1.000000000000e+00,2.333157398322e-17,2.429733586097e-15,-2.027512151341e-16,-1.126946967648e+03,5.157932807017e-02,-4.057863137254e+01
