x,y,z,Bx,By,Bz,Ex,Ey,Ez
0.000000000000e+00,0.000000000000e+00,1.000000000000e+00,7.013864418441e-19,1.643919993148e-16,-7.506890844017e-18,-1.860955969610e+02,9.980385119427e-03,-2.743816338824e+00
