x,y,z,Bx,By,Bz,Ex,Ey,Ez
0.000000000000e+00,0.000000000000e+00,1.000000000000e+00,2.773169662019e-19,8.694494754351e-17,1.883269083823e-18,-1.217740525747e+02,-3.032898639875e-03,-1.453046775768e+00
