x,y,z,Bx,By,Bz,Ex,Ey,Ez
0.000000000000e+00,0.000000000000e+00,1.000000000000e+00,1.689941284995e-18,3.157130451857e-16,-2.865046141633e-17,-2.880272371923e+02,-6.395453135345e-03,-5.278592648076e+00
