x,y,z,Bx,By,Bz,Ex,Ey,Ez
0.000000000000e+00,0.000000000000e+00,1.000000000000e+00,2.077006340451e-19,1.022540370466e-16,3.882145084043e-18,-1.355849993859e+02,-3.546952732676e-03,-1.706961921236e+00
