x,y,z,Bx,By,Bz,Ex,Ey,Ez
0.000000000000e+00,0.000000000000e+00,1.000000000000e+00,5.843241111428e-15,1.603085418976e-13,-1.694674982077e-14,-2.016383927326e+04,-8.672788421329e+00,-2.677472017048e+03
