x,y,z,Bx,By,Bz,Ex,Ey,Ez
0.000000000000e+00,0.000000000000e+00,1.000000000000e+00,-1.374848868919e-17,1.743741640524e-15,-3.010343841488e-16,9.022250595716e+02,4.336410867252e-02,-2.910569904565e+01
