x,y,z,Bx,By,Bz,Ex,Ey,Ez
0.000000000000e+00,0.000000000000e+00,1.000000000000e+00,-2.430212898294e-19,6.898062440649e-17,-1.623345308147e-17,1.042614574929e+02,-3.036140365157e-03,-1.151243586844e+00
