x,y,z,Bx,By,Bz,Ex,Ey,Ez
0.000000000000e+00,0.000000000000e+00,1.000000000000e+00,-8.348941966076e-19,2.279030909422e-16,1.336331663104e-17,2.314733481119e+02,-2.785288931265e-02,-3.804658327535e+00
