x,y,z,Bx,By,Bz,Ex,Ey,Ez
0.000000000000e+00,0.000000000000e+00,1.000000000000e+00,-4.876260518988e-19,1.532497538707e-16,-1.339535170421e-17,1.777589988200e+02,-8.260698466757e-03,-2.561419662892e+00
