x,y,z,Bx,By,Bz,Ex,Ey,Ez
0.000000000000e+00,0.000000000000e+00,1.000000000000e+00,4.608949736653e-15,1.340949926303e-13,-1.432338947582e-14,-1.771286013533e+04,-7.522305674409e+00,-2.239458367180e+03
