x,y,z,Bx,By,Bz,Ex,Ey,Ez
0.000000000000e+00,0.000000000000e+00,1.000000000000e+00,-3.540287903230e-17,3.276693696665e-15,1.719356360361e-16,1.376213400229e+03,-1.824457903161e-01,-5.469158441903e+01
