x,y,z,Bx,By,Bz,Ex,Ey,Ez
0.000000000000e+00,0.000000000000e+00,1.000000000000e+00,-8.181461828431e-14,1.236103052759e-12,-1.928924725566e-13,1.020814952692e+05,-5.609214873958e+01,-2.064538911703e+04
