x,y,z,Bx,By,Bz,Ex,Ey,Ez
0.000000000000e+00,0.000000000000e+00,1.000000000000e+00,-4.616955217216e-18,7.030270772457e-16,-1.032228033593e-16,4.915764774827e+02,1.454525027120e-02,-1.174682352859e+01
