x,y,z,Bx,By,Bz,Ex,Ey,Ez
0.000000000000e+00,0.000000000000e+00,1.000000000000e+00,2.702610053570e-14,5.177905167360e-13,-6.314444273055e-14,-4.913670895790e+04,-5.473778352689e+00,-8.647036581625e+03
