x,y,z,Bx,By,Bz,Ex,Ey,Ez
0.000000000000e+00,0.000000000000e+00,1.000000000000e+00,5.123491983508e-19,1.569719375013e-16,2.611065711149e-17,-1.804538130318e+02,3.360504164137e-03,-2.620341366685e+00
