x,y,z,Bx,By,Bz,Ex,Ey,Ez
0.000000000000e+00,0.000000000000e+00,1.000000000000e+00,5.921241777441e-18,1.046996312085e-15,-2.622255047500e-17,-6.413286611458e+02,-2.180486310600e-02,-1.748757604846e+01
