x,y,z,Bx,By,Bz,Ex,Ey,Ez
0.000000000000e+00,0.000000000000e+00,1.000000000000e+00,-4.635954328799e-18,7.427033086015e-16,-1.338574590868e-16,5.100812884962e+02,-2.948713196561e-03,-1.241353891789e+01
