x,y,z,Bx,By,Bz,Ex,Ey,Ez
0.000000000000e+00,0.000000000000e+00,1.000000000000e+00,2.850019007731e-19,8.392099848133e-17,-1.719335252994e-17,-1.189228517124e+02,-2.896164927167e-03,-1.402255675865e+00
