x,y,z,Bx,By,Bz,Ex,Ey,Ez
0.000000000000e+00,0.000000000000e+00,1.000000000000e+00,-1.131783728263e-14,2.664018660263e-13,-3.581061548008e-14,2.943992626807e+04,-4.171949597671e+00,-4.451807794607e+03
