x,y,z,Bx,By,Bz,Ex,Ey,Ez
0.000000000000e+00,0.000000000000e+00,1.000000000000e+00,9.610377205391e-19,2.079977380165e-16,-3.309174750980e-17,-2.179625404452e+02,4.214040707524e-03,-3.476441086937e+00
