x,y,z,Bx,By,Bz,Ex,Ey,Ez
0.000000000000e+00,0.000000000000e+00,1.000000000000e+00,-2.803922292913e-19,8.489273961423e-17,-7.795225176809e-18,1.198613763831e+02,5.079979763407e-03,-1.418893385834e+00
