x,y,z,Bx,By,Bz,Ex,Ey,Ez
0.000000000000e+00,0.000000000000e+00,1.000000000000e+00,-2.761500393788e-18,4.480836209681e-16,9.701324612343e-17,3.637059110890e+02,-2.020417221583e-02,-7.489213959237e+00
