x,y,z,Bx,By,Bz,Ex,Ey,Ez
0.000000000000e+00,0.000000000000e+00,1.000000000000e+00,2.303668343241e-19,9.819101171971e-17,-1.960541114464e-17,-1.320832803538e+02,-3.482868000524e-03,-1.641147088968e+00
