x,y,z,Bx,By,Bz,Ex,Ey,Ez
0.000000000000e+00,0.000000000000e+00,1.000000000000e+00,-6.503399224169e-18,9.197066338211e-16,-4.596357012291e-17,5.879693393088e+02,-6.256157026284e-02,-1.535918901371e+01
