x,y,z,Bx,By,Bz,Ex,Ey,Ez
0.000000000000e+00,0.000000000000e+00,1.000000000000e+00,-2.012244157550e-17,2.087935767886e-15,-1.734361549131e-16,1.018561495379e+03,-2.841778479769e-02,-3.488836379088e+01
