x,y,z,Bx,By,Bz,Ex,Ey,Ez
0.000000000000e+00,0.000000000000e+00,1.000000000000e+00,2.627496957088e-17,2.627206054367e-15,-2.119031062672e-16,-1.187917082642e+03,5.733162406328e-02,-4.389285516698e+01
