x,y,z,Bx,By,Bz,Ex,Ey,Ez
0.000000000000e+00,0.000000000000e+00,1.000000000000e+00,-2.896048272396e-19,9.643255240244e-17,1.798806620786e-17,1.303704904453e+02,-1.335061101869e-03,-1.609558679555e+00
