x,y,z,Bx,By,Bz,Ex,Ey,Ez
0.000000000000e+00,0.000000000000e+00,1.000000000000e+00,1.701120774887e-15,6.425250140294e-14,-7.212475429917e-15,-1.050152852222e+04,-1.307409422044e+00,-1.073506843515e+03
