x,y,z,Bx,By,Bz,Ex,Ey,Ez
0.000000000000e+00,0.000000000000e+00,1.000000000000e+00,5.693149365132e-18,9.947180389913e-16,-5.358338864125e-17,-6.201264171182e+02,-3.448683798145e-02,-1.662938372840e+01
