x,y,z,Bx,By,Bz,Ex,Ey,Ez
0.000000000000e+00,0.000000000000e+00,1.000000000000e+00,1.011071488107e-17,1.245211165045e-15,-7.343005249065e-17,-7.199764542034e+02,5.103046879940e-02,-2.078876310342e+01
