x,y,z,Bx,By,Bz,Ex,Ey,Ez
0.000000000000e+00,0.000000000000e+00,1.000000000000e+00,8.382295680986e-19,2.288839354736e-16,-3.485004511472e-17,-2.322258932786e+02,-5.842442421425e-03,-3.822608943856e+00
