x,y,z,Bx,By,Bz,Ex,Ey,Ez
0.000000000000e+00,0.000000000000e+00,1.000000000000e+00,-2.021425840942e-17,2.098117005280e-15,-1.745027353706e-16,1.021923828500e+03,-2.837106926779e-02,-3.506027806916e+01
