x,y,z,Bx,By,Bz,Ex,Ey,Ez
0.000000000000e+00,0.000000000000e+00,1.000000000000e+00,-7.052927810145e-17,5.518046018090e-15,-8.195898616065e-16,1.956430613641e+03,-5.704295690832e-02,-9.216283389429e+01
