x,y,z,Bx,By,Bz,Ex,Ey,Ez
0.000000000000e+00,0.000000000000e+00,1.000000000000e+00,1.918383656265e-19,7.351603422436e-17,-1.166718836057e-17,-1.087928535883e+02,-4.743000391309e-04,-1.227015756474e+00
