x,y,z,Bx,By,Bz,Ex,Ey,Ez
0.000000000000e+00,0.000000000000e+00,1.000000000000e+00,-7.789674664307e-14,1.189861503426e-12,-1.830695721478e-13,9.870576459363e+04,-5.545362622854e+01,-1.987381745686e+04
