x,y,z,Bx,By,Bz,Ex,Ey,Ez
0.000000000000e+00,0.000000000000e+00,1.000000000000e+00,-9.513006080742e-19,1.747885818234e-16,6.414575015755e-18,1.939168161468e+02,6.418778016616e-03,-2.918695816954e+00
