x,y,z,Bx,By,Bz,Ex,Ey,Ez
0.000000000000e+00,0.000000000000e+00,1.000000000000e+00,-4.485259567812e-17,3.949740713674e-15,-2.497601238981e-17,1.562094788974e+03,3.662162406898e-01,-6.602431333199e+01
