x,y,z,Bx,By,Bz,Ex,Ey,Ez
0.000000000000e+00,0.000000000000e+00,1.000000000000e+00,-4.520683024967e-19,1.256440913385e-16,-1.101029728685e-17,1.556392059962e+02,-3.833084784619e-03,-2.098864216460e+00
