x,y,z,Bx,By,Bz,Ex,Ey,Ez
0.000000000000e+00,0.000000000000e+00,1.000000000000e+00,-3.931826512279e-18,6.444433659359e-16,-5.449562146898e-17,4.635732080422e+02,2.237907781292e-02,-1.076106522592e+01
