x,y,z,Bx,By,Bz,Ex,Ey,Ez
0.000000000000e+00,0.000000000000e+00,1.000000000000e+00,-6.065380386829e-19,1.978786011885e-16,-6.246945855188e-17,2.108686190277e+02,1.530985264627e-02,-3.307514305409e+00
