x,y,z,Bx,By,Bz,Ex,Ey,Ez
0.000000000000e+00,0.000000000000e+00,1.000000000000e+00,-1.732655138640e-17,1.906303379722e-15,-2.317884304761e-16,9.577513664606e+02,-1.532821521211e-02,-3.182352879759e+01
