x,y,z,Bx,By,Bz,Ex,Ey,Ez
0.000000000000e+00,0.000000000000e+00,1.000000000000e+00,2.601757485096e-19,7.640642672085e-17,2.030533748015e-18,-1.116516854877e+02,2.240450219906e-04,-1.275762366456e+00
