x,y,z,Bx,By,Bz,Ex,Ey,Ez
0.000000000000e+00,0.000000000000e+00,1.000000000000e+00,1.667769666755e-19,6.821724711987e-17,-5.838467515246e-18,-1.036018906977e+02,4.262160209101e-03,-1.140361774135e+00
