x,y,z,Bx,By,Bz,Ex,Ey,Ez
0.000000000000e+00,0.000000000000e+00,1.000000000000e+00,-8.101195018707e-19,1.704884125502e-16,6.332690492729e-18,1.906174129665e+02,3.343664007145e-03,-2.844572286419e+00
