x,y,z,Bx,By,Bz,Ex,Ey,Ez
0.000000000000e+00,0.000000000000e+00,1.000000000000e+00,-8.025169958225e-19,1.862009112300e-16,8.197411450785e-18,2.025598046863e+02,1.615735310151e-02,-3.115285506717e+00
