x,y,z,Bx,By,Bz,Ex,Ey,Ez
0.000000000000e+00,0.000000000000e+00,1.000000000000e+00,2.470906673350e-19,7.555359024245e-17,6.239287916182e-19,-1.108057118763e+02,-2.890296637618e-04,-1.261284316169e+00
