x,y,z,Bx,By,Bz,Ex,Ey,Ez
0.000000000000e+00,0.000000000000e+00,1.000000000000e+00,1.840156834144e-18,3.695138303034e-16,-4.483149937569e-17,-3.196470715521e+02,8.609290067271e-03,-6.169340266782e+00
