x,y,z,Bx,By,Bz,Ex,Ey,Ez
0.000000000000e+00,0.000000000000e+00,1.000000000000e+00,2.680240783497e-17,2.669204840505e-15,-2.148715485664e-16,-1.200704807632e+03,5.943544221366e-02,-4.459843183229e+01
