x,y,z,Bx,By,Bz,Ex,Ey,Ez
0.000000000000e+00,0.000000000000e+00,1.000000000000e+00,2.647636102294e-19,9.645643306325e-17,-2.410081420506e-17,-1.305344932572e+02,-2.046218979406e-03,-1.612366073926e+00
