x,y,z,Bx,By,Bz,Ex,Ey,Ez
0.000000000000e+00,0.000000000000e+00,1.000000000000e+00,1.983469945571e-19,1.005538912835e-16,-6.203413094168e-18,-1.341359628019e+02,-4.181550492080e-03,-1.679609542598e+00
