x,y,z,Bx,By,Bz,Ex,Ey,Ez
0.000000000000e+00,0.000000000000e+00,1.000000000000e+00,5.233438665727e-13,5.116663667179e-12,-1.483223429356e-12,-4.124112082929e+05,6.659255297011e+02,-8.553141704157e+04
