x,y,z,Bx,By,Bz,Ex,Ey,Ez
0.000000000000e+00,0.000000000000e+00,1.000000000000e+00,-9.585238137816e-17,7.898906118989e-15,-4.336701116070e-16,2.493070284202e+03,2.928415301575e-01,-1.320257882562e+02
