x,y,z,Bx,By,Bz,Ex,Ey,Ez
0.000000000000e+00,0.000000000000e+00,1.000000000000e+00,-2.618866236694e-18,4.826061738952e-16,3.396824184698e-17,3.822999032924e+02,2.883350334214e-02,-8.068198529941e+00
