x,y,z,Bx,By,Bz,Ex,Ey,Ez
0.000000000000e+00,0.000000000000e+00,1.000000000000e+00,-1.811622467657e-19,5.997160904447e-17,-1.607020806016e-17,9.504465421515e+01,2.959944622574e-03,-1.002085224341e+00
