x,y,z,Bx,By,Bz,Ex,Ey,Ez
0.000000000000e+00,0.000000000000e+00,1.000000000000e+00,4.047092007342e-18,7.077150558270e-16,-1.698490850151e-18,-4.937011332645e+02,4.267460025813e-02,-1.182744963472e+01
