x,y,z,Bx,By,Bz,Ex,Ey,Ez
0.000000000000e+00,0.000000000000e+00,1.000000000000e+00,-2.350807071779e-19,7.387798000251e-17,2.986609588452e-18,1.092546432684e+02,8.249282281321e-05,-1.235004802085e+00
