x,y,z,Bx,By,Bz,Ex,Ey,Ez
0.000000000000e+00,0.000000000000e+00,1.000000000000e+00,2.182638877748e-18,4.039921192837e-16,-2.796571690407e-17,-3.393685685473e+02,3.537555942233e-03,-6.748142489276e+00
