x,y,z,Bx,By,Bz,Ex,Ey,Ez
0.000000000000e+00,0.000000000000e+00,1.000000000000e+00,8.062753382132e-13,7.069352242252e-12,-2.466400602682e-12,-5.886523279710e+05,9.902995298006e+02,-1.181606698412e+05
