x,y,z,Bx,By,Bz,Ex,Ey,Ez
0.000000000000e+00,0.000000000000e+00,1.000000000000e+00,-2.844733376383e-19,8.419012912758e-17,1.714585260736e-18,1.191851357965e+02,4.847369067166e-03,-1.406965635911e+00
