x,y,z,Bx,By,Bz,Ex,Ey,Ez
0.000000000000e+00,0.000000000000e+00,1.000000000000e+00,1.807138188852e-19,6.424059760217e-17,6.320804800996e-18,-9.948424385908e+01,-1.622360735232e-04,-1.073206899774e+00
