x,y,z,Bx,By,Bz,Ex,Ey,Ez
0.000000000000e+00,0.000000000000e+00,1.000000000000e+00,1.622767062715e-16,1.099642490137e-14,-1.383662929711e-15,-3.119116370311e+03,-4.372036174565e-01,-1.838122711291e+02
