x,y,z,Bx,By,Bz,Ex,Ey,Ez
0.000000000000e+00,0.000000000000e+00,1.000000000000e+00,5.802032546832e-17,4.959480345288e-15,-3.783582065129e-16,-1.820312308205e+03,-7.586560280251e-02,-8.283704709024e+01
