x,y,z,Bx,By,Bz,Ex,Ey,Ez
0.000000000000e+00,0.000000000000e+00,1.000000000000e+00,-4.345761914109e-19,1.237403930244e-16,-2.289747064084e-17,1.540542092706e+02,-3.270610080716e-03,-2.066831101785e+00
