x,y,z,Bx,By,Bz,Ex,Ey,Ez
0.000000000000e+00,0.000000000000e+00,1.000000000000e+00,5.251024499774e-15,1.478937266091e-13,-1.567814012729e-14,-1.901490560904e+04,-8.202988553597e+00,-2.470001234035e+03
