x,y,z,Bx,By,Bz,Ex,Ey,Ez
0.000000000000e+00,0.000000000000e+00,1.000000000000e+00,-1.936775692938e-19,6.770710331702e-17,-2.245039329954e-17,1.029594540841e+02,-1.489728374869e-03,-1.129696109185e+00
