x,y,z,Bx,By,Bz,Ex,Ey,Ez
0.000000000000e+00,0.000000000000e+00,1.000000000000e+00,4.012792231032e-19,1.251722053516e-16,-3.671981903474e-17,-1.552576744977e+02,4.804606279257e-03,-2.090787176816e+00
