x,y,z,Bx,By,Bz,Ex,Ey,Ez
0.000000000000e+00,0.000000000000e+00,1.000000000000e+00,-1.100270333461e-17,1.387190340507e-15,-3.318850475455e-17,7.746528761602e+02,7.870408982823e-02,-2.319360418264e+01
