x,y,z,Bx,By,Bz,Ex,Ey,Ez
0.000000000000e+00,0.000000000000e+00,1.000000000000e+00,-1.434298572497e-16,9.965826960314e-15,-1.430698357898e-15,2.914261319944e+03,1.533554669243e-01,-1.662195889050e+02
