x,y,z,Bx,By,Bz,Ex,Ey,Ez
0.000000000000e+00,0.000000000000e+00,1.000000000000e+00,-2.133263411726e-17,2.402028891634e-15,-3.842041831820e-16,1.119486650861e+03,-7.795166340681e-02,-4.015937064373e+01
