x,y,z,Bx,By,Bz,Ex,Ey,Ez
0.000000000000e+00,0.000000000000e+00,1.000000000000e+00,4.568718726646e-19,1.281075429584e-16,-4.642287889434e-17,-1.576819902032e+02,7.860096519092e-04,-2.139838648001e+00
