x,y,z,Bx,By,Bz,Ex,Ey,Ez
0.000000000000e+00,0.000000000000e+00,1.000000000000e+00,1.638465138664e-16,1.109094167209e-14,-1.384664900808e-15,-3.137188590218e+03,-4.595549085530e-01,-1.853872804690e+02
