x,y,z,Bx,By,Bz,Ex,Ey,Ez
0.000000000000e+00,0.000000000000e+00,1.000000000000e+00,1.758205729966e-17,2.068196458104e-15,-8.453692596830e-17,-1.011575499530e+03,1.214022508979e-02,-3.454518180810e+01
