x,y,z,Bx,By,Bz,Ex,Ey,Ez
0.000000000000e+00,0.000000000000e+00,1.000000000000e+00,-1.089924381103e-19,6.475512268139e-17,-6.757335122932e-18,1.000072248322e+02,1.085091533589e-03,-1.081479568728e+00
