x,y,z,Bx,By,Bz,Ex,Ey,Ez
0.000000000000e+00,0.000000000000e+00,1.000000000000e+00,-2.445333691113e-19,7.340488652186e-17,6.418453128283e-18,1.087847851134e+02,-3.176189732132e-04,-1.227065938654e+00
