x,y,z,Bx,By,Bz,Ex,Ey,Ez
0.000000000000e+00,0.000000000000e+00,1.000000000000e+00,-1.425426730822e-18,3.664642763434e-16,-1.100637757819e-16,3.179637138454e+02,-1.194481816340e-02,-6.118085831466e+00
