x,y,z,Bx,By,Bz,Ex,Ey,Ez
0.000000000000e+00,0.000000000000e+00,1.000000000000e+00,2.595559944917e-18,5.574463076200e-16,-6.623468195935e-17,-4.204921276259e+02,-3.190016772554e-02,-9.299665722571e+00
