x,y,z,Bx,By,Bz,Ex,Ey,Ez
0.000000000000e+00,0.000000000000e+00,1.000000000000e+00,-6.136088929543e-17,5.126923017867e-15,-9.452493475203e-16,1.861826075366e+03,1.180369663002e-01,-8.561207531727e+01
