x,y,z,Bx,By,Bz,Ex,Ey,Ez
0.000000000000e+00,0.000000000000e+00,1.000000000000e+00,-2.605972530067e-18,4.944949154770e-16,-4.921972541375e-18,3.885672084382e+02,3.704016253314e-02,-8.266038410018e+00
