x,y,z,Bx,By,Bz,Ex,Ey,Ez
0.000000000000e+00,0.000000000000e+00,1.000000000000e+00,-1.305928358698e-18,2.489445681296e-16,1.116608464027e-17,2.454888119508e+02,-3.922779658570e-03,-4.155901190139e+00
