x,y,z,Bx,By,Bz,Ex,Ey,Ez
0.000000000000e+00,0.000000000000e+00,1.000000000000e+00,4.933314806562e-19,1.323786286402e-16,-4.728668713247e-17,-1.612078107525e+02,-6.120998614249e-03,-2.211974497271e+00
