x,y,z,Bx,By,Bz,Ex,Ey,Ez
0.000000000000e+00,0.000000000000e+00,1.000000000000e+00,-4.314848522021e-17,3.742773680102e-15,1.846522290454e-16,1.505996696836e+03,2.288967672696e-01,-6.254520173302e+01
