x,y,z,Bx,By,Bz,Ex,Ey,Ez
0.000000000000e+00,0.000000000000e+00,1.000000000000e+00,-4.593768479736e-18,7.747455097180e-16,-1.462245297086e-16,5.246402524508e+02,-2.133414079472e-02,-1.294700835838e+01
