x,y,z,Bx,By,Bz,Ex,Ey,Ez
0.000000000000e+00,0.000000000000e+00,1.000000000000e+00,4.333384098958e-19,1.165281756814e-16,-6.642323384519e-18,-1.481171693428e+02,8.158472897320e-03,-1.948757181215e+00
