x,y,z,Bx,By,Bz,Ex,Ey,Ez
0.000000000000e+00,0.000000000000e+00,1.000000000000e+00,-2.113321516511e-16,1.243492441436e-14,-1.637447835809e-15,3.388183904864e+03,-6.961903552580e-01,-2.076710360874e+02
