x,y,z,Bx,By,Bz,Ex,Ey,Ez
0.000000000000e+00,0.000000000000e+00,1.000000000000e+00,-2.327411320022e-19,7.399728662085e-17,2.015527931016e-18,1.093726106722e+02,1.628894125575e-04,-1.237000191714e+00
