x,y,z,Bx,By,Bz,Ex,Ey,Ez
0.000000000000e+00,0.000000000000e+00,1.000000000000e+00,1.500675868382e-18,3.258125786082e-16,-4.535007135742e-18,-2.941603213281e+02,-4.732491042909e-03,-5.447952299500e+00
