x,y,z,Bx,By,Bz,Ex,Ey,Ez
0.000000000000e+00,0.000000000000e+00,1.000000000000e+00,-4.103394381518e-19,1.051678020210e-16,-1.615551980821e-17,1.382354691380e+02,-2.972396581836e-04,-1.757180133089e+00
