x,y,z,Bx,By,Bz,Ex,Ey,Ez
0.000000000000e+00,0.000000000000e+00,1.000000000000e+00,1.526302980686e-18,3.535961428393e-16,-1.634900505464e-17,-3.104116710704e+02,8.465120028953e-03,-5.904583132038e+00
