x,y,z,Bx,By,Bz,Ex,Ey,Ez
0.000000000000e+00,0.000000000000e+00,1.000000000000e+00,-9.596100275305e-19,2.350947160173e-16,3.986907793305e-17,2.362454622980e+02,-1.992437187971e-02,-3.923382320360e+00
