x,y,z,Bx,By,Bz,Ex,Ey,Ez
0.000000000000e+00,0.000000000000e+00,1.000000000000e+00,4.423745722925e-18,6.567863969078e-16,4.452154987070e-17,-4.696824885253e+02,4.967202048376e-03,-1.097905137192e+01
