x,y,z,Bx,By,Bz,Ex,Ey,Ez
0.000000000000e+00,0.000000000000e+00,1.000000000000e+00,-3.890553807113e-19,1.090425682782e-16,4.513203180345e-18,1.416435657309e+02,4.312535293684e-04,-1.822568385188e+00
