x,y,z,Bx,By,Bz,Ex,Ey,Ez
0.000000000000e+00,0.000000000000e+00,1.000000000000e+00,-1.385628039707e-18,2.643269740389e-16,-5.156068447933e-18,2.557152291601e+02,2.320420594159e-03,-4.417816701910e+00
