x,y,z,Bx,By,Bz,Ex,Ey,Ez
0.000000000000e+00,0.000000000000e+00,1.000000000000e+00,4.489974746432e-19,1.456724029489e-16,1.103897052513e-17,-1.717932057140e+02,-1.201384649612e-02,-2.433906561833e+00
