x,y,z,Bx,By,Bz,Ex,Ey,Ez
0.000000000000e+00,0.000000000000e+00,1.000000000000e+00,2.353723261152e-17,2.442286591600e-15,-2.039206286918e-16,-1.130864257618e+03,5.177252664102e-02,-4.078902890557e+01
