x,y,z,Bx,By,Bz,Ex,Ey,Ez
0.000000000000e+00,0.000000000000e+00,1.000000000000e+00,2.723188433976e-19,8.952124898243e-17,6.241848974863e-18,-1.241613242231e+02,-9.467231977041e-04,-1.495972936499e+00
