x,y,z,Bx,By,Bz,Ex,Ey,Ez
0.000000000000e+00,0.000000000000e+00,1.000000000000e+00,-7.774373602458e-19,1.870195320834e-16,5.943936137323e-18,2.031575473888e+02,1.677210455565e-02,-3.129001027998e+00
