x,y,z,Bx,By,Bz,Ex,Ey,Ez
0.000000000000e+00,0.000000000000e+00,1.000000000000e+00,-5.717108741610e-18,8.733625260631e-16,-9.087390791869e-17,5.679660748950e+02,-6.345719228192e-02,-1.458201179721e+01
