x,y,z,Bx,By,Bz,Ex,Ey,Ez
0.000000000000e+00,0.000000000000e+00,1.000000000000e+00,6.683270220008e-19,1.831407123117e-16,-1.978686208437e-17,-2.002104134860e+02,7.363770619822e-04,-3.061095237053e+00
