x,y,z,Bx,By,Bz,Ex,Ey,Ez
0.000000000000e+00,0.000000000000e+00,1.000000000000e+00,6.785020283974e-19,1.823317715852e-16,-2.250094337825e-17,-1.996284133844e+02,8.703706401625e-04,-3.047762184554e+00
