x,y,z,Bx,By,Bz,Ex,Ey,Ez
0.000000000000e+00,0.000000000000e+00,1.000000000000e+00,-1.523673981343e-18,3.117325014515e-16,-4.732143597382e-17,2.855471495670e+02,2.930107290590e-02,-5.209830525877e+00
