x,y,z,Bx,By,Bz,Ex,Ey,Ez
0.000000000000e+00,0.000000000000e+00,1.000000000000e+00,-2.850221304627e-19,8.391158604841e-17,5.072392290866e-18,1.189163309119e+02,4.637372415769e-03,-1.402231519842e+00
