x,y,z,Bx,By,Bz,Ex,Ey,Ez
0.000000000000e+00,0.000000000000e+00,1.000000000000e+00,-1.007075155023e-17,1.249773176002e-15,-5.120372325691e-17,7.218709977436e+02,2.745365412211e-02,-2.087514421341e+01
