x,y,z,Bx,By,Bz,Ex,Ey,Ez
0.000000000000e+00,0.000000000000e+00,1.000000000000e+00,1.720709653763e-18,3.634640376417e-16,-3.595341081277e-17,-3.161366917808e+02,9.329704533923e-03,-6.068232276030e+00
