x,y,z,Bx,By,Bz,Ex,Ey,Ez
0.000000000000e+00,0.000000000000e+00,1.000000000000e+00,-4.100894146841e-17,3.571274246510e-15,2.742743970501e-16,1.458733138237e+03,7.791832095704e-02,-5.965370966119e+01
