x,y,z,Bx,By,Bz,Ex,Ey,Ez
0.000000000000e+00,0.000000000000e+00,1.000000000000e+00,1.370954594396e-18,2.882994657746e-16,-4.009538606313e-17,-2.707135024175e+02,4.868297944586e-03,-4.810270770299e+00
