x,y,z,Bx,By,Bz,Ex,Ey,Ez
0.000000000000e+00,0.000000000000e+00,1.000000000000e+00,2.040347707896e-18,5.194416258436e-16,-9.038708662448e-17,-4.016277357662e+02,-1.813938989107e-02,-8.680870364874e+00
