x,y,z,Bx,By,Bz,Ex,Ey,Ez
0.000000000000e+00,0.000000000000e+00,1.000000000000e+00,1.485930959261e-18,3.266832385792e-16,-2.931558055006e-18,-2.946804232708e+02,-4.391499004572e-03,-5.462391134341e+00
