x,y,z,Bx,By,Bz,Ex,Ey,Ez
0.000000000000e+00,0.000000000000e+00,1.000000000000e+00,-5.427920294000e-18,8.574709712623e-16,-1.064778777225e-16,5.610693464246e+02,-6.042996618919e-02,-1.431715004970e+01
