x,y,z,Bx,By,Bz,Ex,Ey,Ez
0.000000000000e+00,0.000000000000e+00,1.000000000000e+00,4.714402746894e-19,1.290980240257e-16,-4.818530469124e-17,-1.585018953430e+02,-7.947468971316e-04,-2.156528644701e+00
