x,y,z,Bx,By,Bz,Ex,Ey,Ez
0.000000000000e+00,0.000000000000e+00,1.000000000000e+00,2.256967528378e-18,4.133289083475e-16,-1.799464219870e-17,-3.445821813686e+02,5.186730125527e-03,-6.904037898245e+00
