x,y,z,Bx,By,Bz,Ex,Ey,Ez
0.000000000000e+00,0.000000000000e+00,1.000000000000e+00,-1.526079994481e-19,6.197257803576e-17,-1.082975712611e-17,9.718201655974e+01,1.126513266531e-03,-1.036023940423e+00
