x,y,z,Bx,By,Bz,Ex,Ey,Ez
0.000000000000e+00,0.000000000000e+00,1.000000000000e+00,-2.720924268342e-18,4.587038656101e-16,9.374684021464e-17,3.694941664627e+02,-2.461403216823e-03,-7.668301945506e+00
