x,y,z,Bx,By,Bz,Ex,Ey,Ez
0.000000000000e+00,0.000000000000e+00,1.000000000000e+00,2.164242959606e-16,1.372599379430e-14,-1.166337101098e-15,-3.622448942902e+03,-8.063394454455e-01,-2.292648131983e+02
