x,y,z,Bx,By,Bz,Ex,Ey,Ez
0.000000000000e+00,0.000000000000e+00,1.000000000000e+00,-9.368804040255e-18,1.209538753438e-15,-6.366034016740e-17,7.061285299083e+02,1.792695578576e-02,-2.019833551422e+01
