x,y,z,Bx,By,Bz,Ex,Ey,Ez
0.000000000000e+00,0.000000000000e+00,1.000000000000e+00,2.174742431673e-19,7.435123097569e-17,-5.688387076035e-18,-1.096147799825e+02,-6.439330919602e-04,-1.240974966860e+00
