x,y,z,Bx,By,Bz,Ex,Ey,Ez
0.000000000000e+00,0.000000000000e+00,1.000000000000e+00,1.179075088671e-15,4.804649087927e-14,-5.764136265393e-15,-8.574350689052e+03,8.882249782681e-01,-8.032443841324e+02
