x,y,z,Bx,By,Bz,Ex,Ey,Ez
0.000000000000e+00,0.000000000000e+00,1.000000000000e+00,-2.092291784678e-17,2.225938080510e-15,-2.316690894012e-16,1.063631013494e+03,-3.253167803961e-02,-3.721352307779e+01
