x,y,z,Bx,By,Bz,Ex,Ey,Ez
0.000000000000e+00,0.000000000000e+00,1.000000000000e+00,5.901311334979e-17,5.025033794664e-15,-3.763004927108e-16,-1.836451399302e+03,-7.281203871720e-02,-8.393145663182e+01
