x,y,z,Bx,By,Bz,Ex,Ey,Ez
0.000000000000e+00,0.000000000000e+00,1.000000000000e+00,7.778605347257e-19,1.674979696062e-16,-2.380034506081e-17,-1.884812109297e+02,9.910322619078e-03,-2.796556307223e+00
