x,y,z,Bx,By,Bz,Ex,Ey,Ez
0.000000000000e+00,0.000000000000e+00,1.000000000000e+00,1.234059726228e-17,1.555086870952e-15,-2.517853639954e-16,-8.361165333415e+02,-5.631858976500e-02,-2.598493627466e+01
