x,y,z,Bx,By,Bz,Ex,Ey,Ez
0.000000000000e+00,0.000000000000e+00,1.000000000000e+00,1.177117612096e-17,1.481162716678e-15,-2.738506027550e-16,-8.093741887014e+02,-1.814063306534e-02,-2.475257335342e+01
