x,y,z,Bx,By,Bz,Ex,Ey,Ez
0.000000000000e+00,0.000000000000e+00,1.000000000000e+00,4.006959224928e-18,6.000441033354e-16,-1.808284111772e-17,-4.416572530692e+02,-3.100630408138e-02,-1.001181051366e+01
