x,y,z,Bx,By,Bz,Ex,Ey,Ez
0.000000000000e+00,0.000000000000e+00,1.000000000000e+00,-5.673711134901e-13,5.451487266586e-12,-1.657705593669e-12,4.399111206422e+05,-1.975236887239e+02,-9.093439370563e+04
