x,y,z,Bx,By,Bz,Ex,Ey,Ez
0.000000000000e+00,0.000000000000e+00,1.000000000000e+00,-4.014748052843e-19,1.074659514863e-16,-2.964483323634e-18,1.402651131053e+02,-4.005382959464e-04,-1.796032927006e+00
