x,y,z,Bx,By,Bz,Ex,Ey,Ez
0.000000000000e+00,0.000000000000e+00,1.000000000000e+00,2.900850841211e-19,9.283443943416e-17,-1.081216711228e-17,-1.272149000651e+02,4.469156403253e-04,-1.551370757376e+00
