x,y,z,Bx,By,Bz,Ex,Ey,Ez
0.000000000000e+00,0.000000000000e+00,1.000000000000e+00,-2.088594824723e-17,2.214867744542e-15,-2.238723804219e-16,1.060057188775e+03,-3.150080682293e-02,-3.702749936647e+01
