x,y,z,Bx,By,Bz,Ex,Ey,Ez
0.000000000000e+00,0.000000000000e+00,1.000000000000e+00,1.175470389398e-18,2.457474993438e-16,-1.816919500429e-17,-2.435530080606e+02,-9.699773226373e-03,-4.105791802439e+00
