x,y,z,Bx,By,Bz,Ex,Ey,Ez
0.000000000000e+00,0.000000000000e+00,1.000000000000e+00,-3.615693918686e-19,1.118974997305e-16,4.962803431226e-18,1.441087000937e+02,2.714182709896e-03,-1.870273794346e+00
