x,y,z,Bx,By,Bz,Ex,Ey,Ez
0.000000000000e+00,0.000000000000e+00,1.000000000000e+00,-2.143567470656e-17,2.439639957726e-15,-4.140321660062e-16,1.131178808277e+03,-9.487203659015e-02,-4.078554625063e+01
