x,y,z,Bx,By,Bz,Ex,Ey,Ez
0.000000000000e+00,0.000000000000e+00,1.000000000000e+00,-4.137815105251e-15,1.218878398339e-13,-1.075593875964e-14,1.653951165274e+04,1.499908656423e+00,-2.037074962681e+03
