x,y,z,Bx,By,Bz,Ex,Ey,Ez
0.000000000000e+00,0.000000000000e+00,1.000000000000e+00,2.069620637297e-18,3.862184942904e-16,-4.829664951016e-17,-3.292910447535e+02,4.763736915980e-03,-6.450134072498e+00
