x,y,z,Bx,By,Bz,Ex,Ey,Ez
0.000000000000e+00,0.000000000000e+00,1.000000000000e+00,8.609167853833e-17,6.524517392539e-15,-4.439136010969e-16,-2.189311197619e+03,1.140567187465e-01,-1.089536659152e+02
