x,y,z,Bx,By,Bz,Ex,Ey,Ez
0.000000000000e+00,0.000000000000e+00,1.000000000000e+00,-7.740510221134e-19,2.174221111102e-16,-6.970852334476e-17,2.244248938840e+02,-2.507658413889e-02,-3.631254837118e+00
