x,y,z,Bx,By,Bz,Ex,Ey,Ez
0.000000000000e+00,0.000000000000e+00,1.000000000000e+00,-1.346496014854e-18,2.689054088365e-16,3.166475073839e-18,2.586906339353e+02,4.439520166693e-03,-4.495030322740e+00
