x,y,z,Bx,By,Bz,Ex,Ey,Ez
0.000000000000e+00,0.000000000000e+00,1.000000000000e+00,-3.454616700693e-19,1.150988371073e-16,-1.268688856491e-17,1.468268301979e+02,3.847892818151e-03,-1.923260101160e+00
