x,y,z,Bx,By,Bz,Ex,Ey,Ez
0.000000000000e+00,0.000000000000e+00,1.000000000000e+00,-4.665050227074e-18,7.972639298475e-16,-1.454088209529e-16,5.346861937015e+02,-3.456981454666e-02,-1.331982995066e+01
