x,y,z,Bx,By,Bz,Ex,Ey,Ez
0.000000000000e+00,0.000000000000e+00,1.000000000000e+00,4.806568759861e-17,4.308855689003e-15,-4.071324270289e-16,-1.656025341645e+03,-7.206350175811e-02,-7.196270198832e+01
