x,y,z,Bx,By,Bz,Ex,Ey,Ez
0.000000000000e+00,0.000000000000e+00,1.000000000000e+00,2.703496430725e-19,7.931412494369e-17,-1.139258532564e-17,-1.145050491276e+02,1.059110167212e-03,-1.324904517540e+00
