x,y,z,Bx,By,Bz,Ex,Ey,Ez
0.000000000000e+00,0.000000000000e+00,1.000000000000e+00,-1.252583946755e-15,5.159137117006e-14,-6.439964365116e-15,9.000919385058e+03,2.818461252515e+00,-8.613265550255e+02
