x,y,z,Bx,By,Bz,Ex,Ey,Ez
0.000000000000e+00,0.000000000000e+00,1.000000000000e+00,-1.416666296033e-18,3.346409104303e-16,-7.153790854747e-17,2.995017249343e+02,1.608072751820e-02,-5.594481332042e+00
