x,y,z,Bx,By,Bz,Ex,Ey,Ez
0.000000000000e+00,0.000000000000e+00,1.000000000000e+00,1.527645025004e-18,2.926968579167e-16,-4.891572219120e-17,-2.734933429445e+02,3.220818230363e-03,-4.884432838710e+00
