x,y,z,Bx,By,Bz,Ex,Ey,Ez
0.000000000000e+00,0.000000000000e+00,1.000000000000e+00,1.416387411415e-18,3.458937623728e-16,-2.003549607921e-18,-3.059437748657e+02,5.741577201472e-03,-5.777908191880e+00
