x,y,z,Bx,By,Bz,Ex,Ey,Ez
0.000000000000e+00,0.000000000000e+00,1.000000000000e+00,6.516219209624e-19,1.872802920397e-16,-7.739855809176e-18,-2.031593345760e+02,1.043540658366e-03,-3.128955994916e+00
