x,y,z,Bx,By,Bz,Ex,Ey,Ez
0.000000000000e+00,0.000000000000e+00,1.000000000000e+00,4.929825250495e-19,1.331523089751e-16,-4.568813821574e-17,-1.618413697732e+02,-7.288344102598e-03,-2.225036612296e+00
