x,y,z,Bx,By,Bz,Ex,Ey,Ez
0.000000000000e+00,0.000000000000e+00,1.000000000000e+00,2.432215871736e-18,4.896332142984e-16,-9.069378175926e-17,-3.863195563238e+02,-1.727693991861e-03,-8.190609410139e+00
