x,y,z,Bx,By,Bz,Ex,Ey,Ez
0.000000000000e+00,0.000000000000e+00,1.000000000000e+00,-2.642018874402e-18,4.753842252492e-16,5.669053431546e-17,3.784613904064e+02,2.130821587103e-02,-7.947752677576e+00
