x,y,z,Bx,By,Bz,Ex,Ey,Ez
0.000000000000e+00,0.000000000000e+00,1.000000000000e+00,-5.255700514828e-16,2.519319726452e-14,-1.091962161423e-15,5.478867898664e+03,4.546865981304e-02,-4.208981482658e+02
