x,y,z,Bx,By,Bz,Ex,Ey,Ez
0.000000000000e+00,0.000000000000e+00,1.000000000000e+00,-7.383664269077e-17,5.669433061628e-15,-7.378385055970e-16,1.992584562439e+03,-1.021600466307e-01,-9.470950889141e+01
