x,y,z,Bx,By,Bz,Ex,Ey,Ez
0.000000000000e+00,0.000000000000e+00,1.000000000000e+00,1.129915533707e-17,1.382066733379e-15,-2.284380580271e-16,-7.726426585066e+02,3.295181328289e-02,-2.309541716758e+01
