x,y,z,Bx,By,Bz,Ex,Ey,Ez
0.000000000000e+00,0.000000000000e+00,1.000000000000e+00,4.501908019912e-17,4.125864251823e-15,-4.181471872490e-16,-1.608403488021e+03,-5.725258422123e-02,-6.890380716434e+01
