x,y,z,Bx,By,Bz,Ex,Ey,Ez
0.000000000000e+00,0.000000000000e+00,1.000000000000e+00,-2.704916099115e-19,8.185870842640e-17,1.654739957242e-17,1.169321341186e+02,1.769713217635e-03,-1.367385694650e+00
