x,y,z,Bx,By,Bz,Ex,Ey,Ez
0.000000000000e+00,0.000000000000e+00,1.000000000000e+00,-6.461881637330e-17,5.265055360655e-15,-9.200732158821e-16,1.895441366786e+03,4.854085276915e-02,-8.792033878575e+01
