x,y,z,Bx,By,Bz,Ex,Ey,Ez
0.000000000000e+00,0.000000000000e+00,1.000000000000e+00,8.382109442979e-12,3.824621508072e-11,-2.352642424124e-11,-3.094391712657e+06,3.965396782795e+03,-6.396949120036e+05
