x,y,z,Bx,By,Bz,Ex,Ey,Ez
0.000000000000e+00,0.000000000000e+00,1.000000000000e+00,2.806081885496e-19,8.253249070761e-17,-2.216409118311e-17,-1.175991959779e+02,-1.659837121472e-03,-1.378896285635e+00
