x,y,z,Bx,By,Bz,Ex,Ey,Ez
0.000000000000e+00,0.000000000000e+00,1.000000000000e+00,-1.061488125431e-17,1.291660805270e-15,-3.638089951674e-17,7.381488151111e+02,4.089961865487e-02,-2.158229669430e+01
