x,y,z,Bx,By,Bz,Ex,Ey,Ez
0.000000000000e+00,0.000000000000e+00,1.000000000000e+00,-9.168415681517e-17,7.431158768296e-15,-2.751981100427e-16,2.393035657882e+03,1.689571655608e-01,-1.242793912893e+02
