x,y,z,Bx,By,Bz,Ex,Ey,Ez
0.000000000000e+00,0.000000000000e+00,1.000000000000e+00,-2.452331128834e-16,1.423737951082e-14,-1.493945167411e-15,3.715516410602e+03,-1.074629911894e+00,-2.379573074667e+02
