x,y,z,Bx,By,Bz,Ex,Ey,Ez
0.000000000000e+00,0.000000000000e+00,1.000000000000e+00,4.561335442753e-19,1.514830721980e-16,2.866061692447e-17,-1.762786491785e+02,-4.890005537728e-03,-2.529993059462e+00
