x,y,z,Bx,By,Bz,Ex,Ey,Ez
0.000000000000e+00,0.000000000000e+00,1.000000000000e+00,8.922381229616e-19,1.994068034457e-16,-1.187221715583e-17,-2.117852742964e+02,5.410620015036e-03,-3.330094109339e+00
