x,y,z,Bx,By,Bz,Ex,Ey,Ez
0.000000000000e+00,0.000000000000e+00,1.000000000000e+00,-2.209721501601e-19,8.873093822324e-17,-4.263170857757e-17,1.234668254258e+02,-3.935394427787e-04,-1.483127609332e+00
