x,y,z,Bx,By,Bz,Ex,Ey,Ez
0.000000000000e+00,0.000000000000e+00,1.000000000000e+00,4.487071948347e-19,1.468680809119e-16,1.599367727015e-17,-1.727223231563e+02,-1.088279723528e-02,-2.453722767505e+00
