x,y,z,Bx,By,Bz,Ex,Ey,Ez
0.000000000000e+00,0.000000000000e+00,1.000000000000e+00,-9.319844510797e-16,4.141234575415e-14,-4.018392143727e-15,7.727911157210e+03,3.380636712336e+00,-6.921730547158e+02
