x,y,z,Bx,By,Bz,Ex,Ey,Ez
0.000000000000e+00,0.000000000000e+00,1.000000000000e+00,-1.321447352427e-18,2.715848151810e-16,8.855198044363e-18,2.604142450898e+02,6.076915968859e-03,-4.539957461749e+00
