x,y,z,Bx,By,Bz,Ex,Ey,Ez
0.000000000000e+00,0.000000000000e+00,1.000000000000e+00,-2.820936143994e-19,8.294641226602e-17,1.376568463611e-17,1.179833305562e+02,3.493538572008e-03,-1.385826319493e+00
