x,y,z,Bx,By,Bz,Ex,Ey,Ez
0.000000000000e+00,0.000000000000e+00,1.000000000000e+00,6.268167922809e-18,9.216244889440e-16,-1.110741038618e-16,-5.895225283259e+02,-3.251709042030e-02,-1.541634941921e+01
