x,y,z,Bx,By,Bz,Ex,Ey,Ez
0.000000000000e+00,0.000000000000e+00,1.000000000000e+00,-1.645936723324e-16,1.065310343735e-14,-1.599624594752e-15,3.049081735186e+03,-8.394142980586e-02,-1.777036556117e+02
