x,y,z,Bx,By,Bz,Ex,Ey,Ez
0.000000000000e+00,0.000000000000e+00,1.000000000000e+00,2.758849144000e-18,4.600217914513e-16,-5.968722645291e-17,-3.703731675049e+02,1.131808288997e-02,-7.690833703126e+00
