x,y,z,Bx,By,Bz,Ex,Ey,Ez
0.000000000000e+00,0.000000000000e+00,1.000000000000e+00,-3.292611091677e-18,5.994553238000e-16,-5.393523098849e-17,4.417229112868e+02,1.988058828992e-02,-1.001115929829e+01
