x,y,z,Bx,By,Bz,Ex,Ey,Ez
0.000000000000e+00,0.000000000000e+00,1.000000000000e+00,-1.244705157807e-14,2.865025544533e-13,-3.912641074202e-14,3.110675615967e+04,-7.139132332368e+00,-4.787728710507e+03
