x,y,z,Bx,By,Bz,Ex,Ey,Ez
0.000000000000e+00,0.000000000000e+00,1.000000000000e+00,-2.664691631900e-18,5.162890025606e-16,-6.215134018378e-17,3.999096014833e+02,4.014384167604e-02,-8.628175563600e+00
