x,y,z,Bx,By,Bz,Ex,Ey,Ez
0.000000000000e+00,0.000000000000e+00,1.000000000000e+00,9.674489123918e-19,2.052344866294e-16,-2.717976293389e-17,-2.159832175138e+02,5.157502439129e-03,-3.429329639442e+00
