x,y,z,Bx,By,Bz,Ex,Ey,Ez
0.000000000000e+00,0.000000000000e+00,1.000000000000e+00,-2.142815604445e-19,9.290087949341e-17,-2.779599349304e-18,1.272147927892e+02,-5.331962509880e-03,-1.551334932369e+00
