x,y,z,Bx,By,Bz,Ex,Ey,Ez
0.000000000000e+00,0.000000000000e+00,1.000000000000e+00,2.366481271036e-19,7.507087002593e-17,-1.403536643990e-18,-1.103269029582e+02,-5.029532490103e-04,-1.253108262007e+00
