x,y,z,Bx,By,Bz,Ex,Ey,Ez
0.000000000000e+00,0.000000000000e+00,1.000000000000e+00,2.515099299934e-19,7.579609875816e-17,1.322010044188e-18,-1.110463628297e+02,-1.554445136441e-04,-1.265398723868e+00
