x,y,z,Bx,By,Bz,Ex,Ey,Ez
0.000000000000e+00,0.000000000000e+00,1.000000000000e+00,1.699490474874e-19,7.280261576331e-17,-1.665809545745e-17,-1.080955973084e+02,-3.235523521257e-05,-1.215217303987e+00
