x,y,z,Bx,By,Bz,Ex,Ey,Ez
0.000000000000e+00,0.000000000000e+00,1.000000000000e+00,4.075298776147e-18,7.201613394242e-16,-2.514551012895e-17,-4.994257685414e+02,4.777400216906e-02,-1.203244878703e+01
