x,y,z,Bx,By,Bz,Ex,Ey,Ez
0.000000000000e+00,0.000000000000e+00,1.000000000000e+00,-9.793070423627e-19,1.784441120550e-16,9.781932264761e-18,1.967329894217e+02,9.301985120099e-03,-2.982386905845e+00
