x,y,z,Bx,By,Bz,Ex,Ey,Ez
0.000000000000e+00,0.000000000000e+00,1.000000000000e+00,-1.308486226921e-13,1.779571274493e-12,-3.211625386653e-13,1.420673468855e+05,-7.170366087181e+01,-2.971064209589e+04
