x,y,z,Bx,By,Bz,Ex,Ey,Ez
0.000000000000e+00,0.000000000000e+00,1.000000000000e+00,1.350106899323e-19,6.999347764427e-17,-2.066313953006e-17,-1.053680212463e+02,3.202704014747e-03,-1.169530482742e+00
