x,y,z,Bx,By,Bz,Ex,Ey,Ez
0.000000000000e+00,0.000000000000e+00,1.000000000000e+00,-3.439054630079e-15,1.053442218752e-13,-9.019088765121e-15,1.489170934368e+04,1.068274083656e-01,-1.760078922235e+03
