x,y,z,Bx,By,Bz,Ex,Ey,Ez
0.000000000000e+00,0.000000000000e+00,1.000000000000e+00,-7.158263010765e-19,1.683516211419e-16,8.027150783938e-18,1.889994635975e+02,1.783959503776e-03,-2.808433591085e+00
