x,y,z,Bx,By,Bz,Ex,Ey,Ez
0.000000000000e+00,0.000000000000e+00,1.000000000000e+00,-6.069542708800e-19,1.965239869707e-16,-5.190535948787e-17,2.099201444649e+02,1.675615217859e-02,-3.285376190758e+00
