x,y,z,Bx,By,Bz,Ex,Ey,Ez
0.000000000000e+00,0.000000000000e+00,1.000000000000e+00,-6.676924399322e-15,1.777240621520e-13,-1.996277310363e-14,2.177246528967e+04,3.322672037911e+00,-2.970421952347e+03
