x,y,z,Bx,By,Bz,Ex,Ey,Ez
0.000000000000e+00,0.000000000000e+00,1.000000000000e+00,-1.877251033047e-18,3.876591477007e-16,-1.167320658319e-16,3.299629824386e+02,-3.970525948580e-02,-6.467984871816e+00
