x,y,z,Bx,By,Bz,Ex,Ey,Ez
0.000000000000e+00,0.000000000000e+00,1.000000000000e+00,9.217360969449e-19,2.704312144983e-16,4.406187909736e-18,-2.595709762132e+02,1.902623964423e-03,-4.517001097615e+00
