x,y,z,Bx,By,Bz,Ex,Ey,Ez
0.000000000000e+00,0.000000000000e+00,1.000000000000e+00,2.873733884136e-17,2.862053699641e-15,-2.488529173046e-16,-1.258589983099e+03,6.695386824187e-02,-4.783612604506e+01
