x,y,z,Bx,By,Bz,Ex,Ey,Ez
0.000000000000e+00,0.000000000000e+00,1.000000000000e+00,2.385176165761e-18,4.241717155273e-16,-1.432564541769e-17,-3.505959533757e+02,8.336264056975e-03,-7.085213661789e+00
