x,y,z,Bx,By,Bz,Ex,Ey,Ez
0.000000000000e+00,0.000000000000e+00,1.000000000000e+00,-4.682933152458e-18,8.001433149225e-16,-1.446905579399e-16,5.359616567582e+02,-3.619600642272e-02,-1.336744192111e+01
