x,y,z,Bx,By,Bz,Ex,Ey,Ez
0.000000000000e+00,0.000000000000e+00,1.000000000000e+00,-4.597402099884e-17,4.122216377225e-15,-2.393423772599e-16,1.607977728841e+03,4.299045156160e-01,-6.891010566986e+01
