x,y,z,Bx,By,Bz,Ex,Ey,Ez
0.000000000000e+00,0.000000000000e+00,1.000000000000e+00,4.894205094847e-17,4.363100712844e-15,-4.036975233397e-16,-1.670020073929e+03,-7.513450190002e-02,-7.286977353234e+01
