x,y,z,Bx,By,Bz,Ex,Ey,Ez
0.000000000000e+00,0.000000000000e+00,1.000000000000e+00,-3.338266567937e-18,6.033793671751e-16,-5.211610437084e-17,4.436439027902e+02,1.991409794251e-02,-1.007639166396e+01
