x,y,z,Bx,By,Bz,Ex,Ey,Ez
0.000000000000e+00,0.000000000000e+00,1.000000000000e+00,2.746119753706e-18,4.654387993224e-16,-6.791508508844e-17,-3.733350725550e+02,9.720923361029e-03,-7.782857633430e+00
