x,y,z,Bx,By,Bz,Ex,Ey,Ez
0.000000000000e+00,0.000000000000e+00,1.000000000000e+00,-3.240947574659e-17,3.149700174219e-15,3.638185221261e-17,1.340193793854e+03,-2.607755879484e-01,-5.256259801002e+01
