x,y,z,Bx,By,Bz,Ex,Ey,Ez
0.000000000000e+00,0.000000000000e+00,1.000000000000e+00,1.687636467358e-19,6.335439209580e-17,-9.378778647248e-19,-9.857155718020e+01,-7.925485987408e-04,-1.058457901575e+00
