x,y,z,Bx,By,Bz,Ex,Ey,Ez
0.000000000000e+00,0.000000000000e+00,1.000000000000e+00,1.450337523034e-18,3.487611823959e-16,-6.837155086320e-18,-3.076076059499e+02,6.953735185546e-03,-5.824977800607e+00
