x,y,z,Bx,By,Bz,Ex,Ey,Ez
0.000000000000e+00,0.000000000000e+00,1.000000000000e+00,4.395288653688e-19,1.271237018931e-16,-4.381377467151e-17,-1.568679888122e+02,2.267463550165e-03,-2.123319498485e+00
