x,y,z,Bx,By,Bz,Ex,Ey,Ez
0.000000000000e+00,0.000000000000e+00,1.000000000000e+00,-4.749923139433e-18,8.088662318571e-16,-1.416857435031e-16,5.398148525465e+02,-4.096100154682e-02,-1.351165680491e+01
