x,y,z,Bx,By,Bz,Ex,Ey,Ez
0.000000000000e+00,0.000000000000e+00,1.000000000000e+00,1.219564276647e-15,4.940199214111e-14,-5.914003410749e-15,-8.742080455963e+03,6.912011723961e-01,-8.258822793158e+02
