x,y,z,Bx,By,Bz,Ex,Ey,Ez
0.000000000000e+00,0.000000000000e+00,1.000000000000e+00,2.740051613995e-19,8.103665886784e-17,-2.072558677031e-17,-1.161666707912e+02,-1.044188227141e-04,-1.353793896801e+00
