x,y,z,Bx,By,Bz,Ex,Ey,Ez
0.000000000000e+00,0.000000000000e+00,1.000000000000e+00,-1.491270613416e-18,3.705998284810e-16,-1.160552146510e-16,3.203138788523e+02,-1.705259077211e-02,-6.185990461047e+00
