x,y,z,Bx,By,Bz,Ex,Ey,Ez
0.000000000000e+00,0.000000000000e+00,1.000000000000e+00,-1.592418798220e-19,6.685890331541e-17,-2.069948002956e-17,1.021035793648e+02,-3.466715610770e-04,-1.115627987177e+00
