x,y,z,Bx,By,Bz,Ex,Ey,Ez
0.000000000000e+00,0.000000000000e+00,1.000000000000e+00,9.682787184190e-19,2.061491447866e-16,-2.931918740078e-17,-2.166400479503e+02,4.894694475032e-03,-3.444939779140e+00
