x,y,z,Bx,By,Bz,Ex,Ey,Ez
0.000000000000e+00,0.000000000000e+00,1.000000000000e+00,2.155381886558e-18,3.994363145201e-16,-3.390307749105e-17,-3.368065183223e+02,3.300782826076e-03,-6.671952017195e+00
