x,y,z,Bx,By,Bz,Ex,Ey,Ez
0.000000000000e+00,0.000000000000e+00,1.000000000000e+00,-8.168662602779e-17,6.114193473622e-15,-4.806217050140e-16,2.097311586626e+03,-1.480242805533e-01,-1.022103720911e+02
