x,y,z,Bx,By,Bz,Ex,Ey,Ez
0.000000000000e+00,0.000000000000e+00,1.000000000000e+00,2.492526674765e-18,5.538673286751e-16,-6.919054317519e-17,-4.187235811380e+02,-3.112779848196e-02,-9.240983608949e+00
