x,y,z,Bx,By,Bz,Ex,Ey,Ez
0.000000000000e+00,0.000000000000e+00,1.000000000000e+00,4.488850115590e-19,1.477742060351e-16,1.933933915458e-17,-1.734243798359e+02,-9.886221147763e-03,-2.468727216336e+00
