x,y,z,Bx,By,Bz,Ex,Ey,Ez
0.000000000000e+00,0.000000000000e+00,1.000000000000e+00,2.959238998198e-17,2.973918867391e-15,-2.793246056886e-16,-1.291515925413e+03,6.584085959576e-02,-4.970954602463e+01
