x,y,z,Bx,By,Bz,Ex,Ey,Ez
0.000000000000e+00,0.000000000000e+00,1.000000000000e+00,1.034472895591e-17,1.260618084824e-15,-9.022594290115e-17,-7.260076035646e+02,5.339260912805e-02,-2.104898457310e+01
