x,y,z,Bx,By,Bz,Ex,Ey,Ez
0.000000000000e+00,0.000000000000e+00,1.000000000000e+00,8.520447091247e-19,2.157139673382e-16,-3.969988956831e-17,-2.233718977871e+02,2.449514537182e-04,-3.606319455153e+00
