x,y,z,Bx,By,Bz,Ex,Ey,Ez
0.000000000000e+00,0.000000000000e+00,1.000000000000e+00,2.130119419507e-18,3.949565239945e-16,-3.964398163011e-17,-3.342733587512e+02,3.461010893526e-03,-6.596902198812e+00
