x,y,z,Bx,By,Bz,Ex,Ey,Ez
0.000000000000e+00,0.000000000000e+00,1.000000000000e+00,9.016644056730e-19,1.998494609008e-16,-1.299015156997e-17,-2.121038033698e+02,5.480719050344e-03,-3.337592452327e+00
