x,y,z,Bx,By,Bz,Ex,Ey,Ez
0.000000000000e+00,0.000000000000e+00,1.000000000000e+00,-9.736849960146e-19,1.791889238473e-16,1.055088188369e-17,1.973037546802e+02,9.939207576030e-03,-2.995340016378e+00
