x,y,z,Bx,By,Bz,Ex,Ey,Ez
0.000000000000e+00,0.000000000000e+00,1.000000000000e+00,9.566514409157e-19,2.034218512018e-16,-2.254947722356e-17,-2.146783627588e+02,5.509373089029e-03,-3.398386729500e+00
