x,y,z,Bx,By,Bz,Ex,Ey,Ez
0.000000000000e+00,0.000000000000e+00,1.000000000000e+00,-4.575905377638e-18,6.959303462189e-16,-9.672364510628e-17,4.882177546675e+02,1.672249605626e-02,-1.162713319286e+01
