x,y,z,Bx,By,Bz,Ex,Ey,Ez
0.000000000000e+00,0.000000000000e+00,1.000000000000e+00,5.025952486789e-17,4.446183458671e-15,-3.987147341112e-16,-1.691347433809e+03,-7.870716523409e-02,-7.425912766358e+01
