x,y,z,Bx,By,Bz,Ex,Ey,Ez
0.000000000000e+00,0.000000000000e+00,1.000000000000e+00,-7.458534639448e-15,1.936062967043e-13,-2.285729309560e-14,2.319216198949e+04,2.809860375423e+00,-3.235693355621e+03
