x,y,z,Bx,By,Bz,Ex,Ey,Ez
0.000000000000e+00,0.000000000000e+00,1.000000000000e+00,1.703461356160e-18,3.148998945710e-16,-3.073798135681e-17,-2.875248778513e+02,-6.323612145769e-03,-5.264796308503e+00
