x,y,z,Bx,By,Bz,Ex,Ey,Ez
0.000000000000e+00,0.000000000000e+00,1.000000000000e+00,-3.623659211313e-17,3.314134056652e-15,2.030588351991e-16,1.386783463837e+03,-1.537849306770e-01,-5.532081864811e+01
