x,y,z,Bx,By,Bz,Ex,Ey,Ez
0.000000000000e+00,0.000000000000e+00,1.000000000000e+00,1.166654001354e-16,8.086922044271e-15,-8.370421473126e-16,-2.532549111660e+03,1.635392739984e-01,-1.351480400183e+02
