x,y,z,Bx,By,Bz,Ex,Ey,Ez
0.000000000000e+00,0.000000000000e+00,1.000000000000e+00,2.838211611605e-19,9.171710054957e-17,-3.546547645076e-18,-1.261842365210e+02,3.865426793313e-04,-1.532605654068e+00
