x,y,z,Bx,By,Bz,Ex,Ey,Ez
0.000000000000e+00,0.000000000000e+00,1.000000000000e+00,-1.994280200601e-14,4.118986029120e-13,-5.658238453167e-14,4.112820987309e+04,-2.768505949880e+01,-6.883878164400e+03
