x,y,z,Bx,By,Bz,Ex,Ey,Ez
0.000000000000e+00,0.000000000000e+00,1.000000000000e+00,1.577842776829e-16,1.071933502586e-14,-1.374994910153e-15,-3.065818208698e+03,-3.692992134132e-01,-1.791930214765e+02
