x,y,z,Bx,By,Bz,Ex,Ey,Ez
0.000000000000e+00,0.000000000000e+00,1.000000000000e+00,4.521200638864e-18,6.356523010325e-16,3.102226076431e-17,-4.593650879311e+02,-1.239498851708e-02,-1.062008470433e+01
