x,y,z,Bx,By,Bz,Ex,Ey,Ez
0.000000000000e+00,0.000000000000e+00,1.000000000000e+00,2.281301174851e-18,4.157084763428e-16,-1.632703896509e-17,-3.459047492025e+02,5.806113978698e-03,-6.943760766857e+00
