x,y,z,Bx,By,Bz,Ex,Ey,Ez
0.000000000000e+00,0.000000000000e+00,1.000000000000e+00,-1.288476031517e-18,2.756912376672e-16,1.690349818401e-17,2.630327587710e+02,9.158321847277e-03,-4.608476885483e+00
