x,y,z,Bx,By,Bz,Ex,Ey,Ez
0.000000000000e+00,0.000000000000e+00,1.000000000000e+00,4.474649458326e-18,6.254881937201e-16,1.877460970974e-17,-4.543383199692e+02,-1.942314434140e-02,-1.044637443802e+01
