x,y,z,Bx,By,Bz,Ex,Ey,Ez
0.000000000000e+00,0.000000000000e+00,1.000000000000e+00,-2.195521351861e-17,2.557645214134e-15,-4.738556359682e-16,1.167341700061e+03,-1.586612965880e-01,-4.274426864024e+01
