x,y,z,Bx,By,Bz,Ex,Ey,Ez
0.000000000000e+00,0.000000000000e+00,1.000000000000e+00,-2.213563821125e-17,2.584961257925e-15,-4.784994673788e-16,1.175604645482e+03,-1.745348056327e-01,-4.319658172197e+01
