x,y,z,Bx,By,Bz,Ex,Ey,Ez
0.000000000000e+00,0.000000000000e+00,1.000000000000e+00,-8.981508703950e-19,1.830087308195e-16,1.240223537174e-17,2.001967322768e+02,1.339188241568e-02,-3.061213324174e+00
