x,y,z,Bx,By,Bz,Ex,Ey,Ez
0.000000000000e+00,0.000000000000e+00,1.000000000000e+00,7.706183193722e-17,6.078055696052e-15,-3.831955662035e-16,-2.087098218264e+03,5.102619607041e-02,-1.014975694882e+02
