x,y,z,Bx,By,Bz,Ex,Ey,Ez
0.000000000000e+00,0.000000000000e+00,1.000000000000e+00,6.137684900187e-19,1.613246325351e-16,9.119931536427e-18,-1.837548399821e+02,8.319007290933e-03,-2.692383615501e+00
