x,y,z,Bx,By,Bz,Ex,Ey,Ez
0.000000000000e+00,0.000000000000e+00,1.000000000000e+00,2.095180664184e-18,3.894616569306e-16,-4.566525778047e-17,-3.311465070362e+02,4.148607815413e-03,-6.504659329544e+00
