x,y,z,Bx,By,Bz,Ex,Ey,Ez
0.000000000000e+00,0.000000000000e+00,1.000000000000e+00,-7.106061011373e-18,1.006830279794e-15,-7.977402895395e-18,6.248491622271e+02,-3.435373809232e-02,-1.682431752725e+01
