x,y,z,Bx,By,Bz,Ex,Ey,Ez
0.000000000000e+00,0.000000000000e+00,1.000000000000e+00,-3.457974162624e-19,1.146637965160e-16,-9.747101763165e-18,1.464598560020e+02,3.867306797956e-03,-1.916079627374e+00
