x,y,z,Bx,By,Bz,Ex,Ey,Ez
0.000000000000e+00,0.000000000000e+00,1.000000000000e+00,-7.472544886262e-19,2.124543392564e-16,-1.013156185448e-16,2.210161473945e+02,-1.600258248348e-02,-3.548512038541e+00
