x,y,z,Bx,By,Bz,Ex,Ey,Ez
0.000000000000e+00,0.000000000000e+00,1.000000000000e+00,1.194850302391e-17,1.507483572837e-15,-2.709676019750e-16,-8.189527443463e+02,-3.253740915210e-02,-2.519149077751e+01
