x,y,z,Bx,By,Bz,Ex,Ey,Ez
0.000000000000e+00,0.000000000000e+00,1.000000000000e+00,1.130014970065e-18,2.534728166728e-16,-3.378683530435e-18,-2.487188033058e+02,-8.119592409362e-03,-4.237105732801e+00
