x,y,z,Bx,By,Bz,Ex,Ey,Ez
0.000000000000e+00,0.000000000000e+00,1.000000000000e+00,-4.704146144762e-19,1.616367480680e-16,1.222001468062e-17,1.840127761458e+02,-3.775975180191e-03,-2.697964928420e+00
