x,y,z,Bx,By,Bz,Ex,Ey,Ez
0.000000000000e+00,0.000000000000e+00,1.000000000000e+00,1.066937751746e-17,1.286865159667e-15,-1.212126702549e-16,-7.362306163160e+02,5.483058315183e-02,-2.149233228082e+01
