x,y,z,Bx,By,Bz,Ex,Ey,Ez
0.000000000000e+00,0.000000000000e+00,1.000000000000e+00,2.323571350718e-18,4.956508967715e-16,-9.273510851731e-17,-3.894705974673e+02,-5.113410368680e-03,-8.290661329521e+00
