x,y,z,Bx,By,Bz,Ex,Ey,Ez
0.000000000000e+00,0.000000000000e+00,1.000000000000e+00,2.828371819064e-19,8.308451167015e-17,-2.083913508822e-17,-1.181261727377e+02,-2.208025463657e-03,-1.388177630631e+00
