x,y,z,Bx,By,Bz,Ex,Ey,Ez
0.000000000000e+00,0.000000000000e+00,1.000000000000e+00,5.622608354502e-16,2.667021483192e-14,-1.933253136311e-15,-5.698592916305e+03,2.051461141370e+00,-4.453848624834e+02
