x,y,z,Bx,By,Bz,Ex,Ey,Ez
0.000000000000e+00,0.000000000000e+00,1.000000000000e+00,1.198464453662e-16,8.275823862902e-15,-8.935054951545e-16,-2.572610215787e+03,1.478482762686e-01,-1.383172632028e+02
