x,y,z,Bx,By,Bz,Ex,Ey,Ez
0.000000000000e+00,0.000000000000e+00,1.000000000000e+00,-2.325722482883e-19,7.971894647597e-17,2.462254373503e-18,1.148765014490e+02,-8.786884953026e-04,-1.331467550798e+00
