x,y,z,Bx,By,Bz,Ex,Ey,Ez
0.000000000000e+00,0.000000000000e+00,1.000000000000e+00,-2.830485121557e-17,2.978499446302e-15,-1.844914456105e-16,1.291203065185e+03,-3.083437771841e-01,-4.970826646303e+01
