x,y,z,Bx,By,Bz,Ex,Ey,Ez
0.000000000000e+00,0.000000000000e+00,1.000000000000e+00,1.159533463011e-15,4.738737174211e-14,-5.688212146280e-15,-8.492288279750e+03,9.825721137449e-01,-7.922338002337e+02
