x,y,z,Bx,By,Bz,Ex,Ey,Ez
0.000000000000e+00,0.000000000000e+00,1.000000000000e+00,-2.580525122247e-19,7.270760966370e-17,9.640314741991e-18,1.080861137062e+02,-1.095858760960e-03,-1.215284023912e+00
