x,y,z,Bx,By,Bz,Ex,Ey,Ez
0.000000000000e+00,0.000000000000e+00,1.000000000000e+00,4.952138607220e-18,7.755780682994e-16,-1.331978776747e-16,-5.245929320727e+02,4.352067734164e-02,-1.294769900405e+01
