x,y,z,Bx,By,Bz,Ex,Ey,Ez
0.000000000000e+00,0.000000000000e+00,1.000000000000e+00,4.866348175226e-19,1.349860967677e-16,-4.024564198835e-17,-1.633333490031e+02,-9.771995854284e-03,-2.255914670540e+00
