x,y,z,Bx,By,Bz,Ex,Ey,Ez
0.000000000000e+00,0.000000000000e+00,1.000000000000e+00,-4.946264686528e-17,4.500830137297e-15,-6.773660973981e-16,1.706003979895e+03,4.124858129803e-01,-7.520707669001e+01
