x,y,z,Bx,By,Bz,Ex,Ey,Ez
0.000000000000e+00,0.000000000000e+00,1.000000000000e+00,2.700822517104e-15,9.007980286191e-14,-9.865296175791e-15,-1.332351574214e+04,-3.840703634495e+00,-1.504280443395e+03
