x,y,z,Bx,By,Bz,Ex,Ey,Ez
0.000000000000e+00,0.000000000000e+00,1.000000000000e+00,2.209468691804e-17,2.356127700065e-15,-1.918524896980e-16,-1.103862990858e+03,5.012753128765e-02,-3.934606545136e+01
