x,y,z,Bx,By,Bz,Ex,Ey,Ez
0.000000000000e+00,0.000000000000e+00,1.000000000000e+00,-1.255085598787e-18,2.465880984714e-16,1.921234359118e-17,2.439089713902e+02,-5.835532219596e-03,-4.115903961337e+00
