x,y,z,Bx,By,Bz,Ex,Ey,Ez
0.000000000000e+00,0.000000000000e+00,1.000000000000e+00,7.667654147806e-19,1.772460710526e-16,-3.738220341437e-17,-1.959052852159e+02,3.244416548771e-03,-2.962966437238e+00
