x,y,z,Bx,By,Bz,Ex,Ey,Ez
0.000000000000e+00,0.000000000000e+00,1.000000000000e+00,-5.621687048615e-17,4.895840110433e-15,-9.240824613837e-16,1.805037820930e+03,2.411309011884e-01,-8.176317222985e+01
