x,y,z,Bx,By,Bz,Ex,Ey,Ez
0.000000000000e+00,0.000000000000e+00,1.000000000000e+00,-1.370417230413e-19,6.622373484638e-17,-1.700501304832e-17,1.014680430040e+02,3.504637976851e-04,-1.105231238817e+00
