x,y,z,Bx,By,Bz,Ex,Ey,Ez
0.000000000000e+00,0.000000000000e+00,1.000000000000e+00,-2.559204568099e-19,7.282280213324e-17,9.295165810171e-18,1.082020454206e+02,-9.559934602723e-04,-1.217237260149e+00
