x,y,z,Bx,By,Bz,Ex,Ey,Ez
0.000000000000e+00,0.000000000000e+00,1.000000000000e+00,2.860786142463e-17,2.846553632598e-15,-2.450060412058e-16,-1.253989469889e+03,6.671779650077e-02,-4.757619994048e+01
