x,y,z,Bx,By,Bz,Ex,Ey,Ez
0.000000000000e+00,0.000000000000e+00,1.000000000000e+00,-2.248589543031e-18,4.021109986327e-16,-7.483765935806e-17,3.381041218182e+02,-5.423386385861e-02,-6.709890965518e+00
