x,y,z,Bx,By,Bz,Ex,Ey,Ez
0.000000000000e+00,0.000000000000e+00,1.000000000000e+00,-7.813175283382e-19,2.194578776899e-16,-5.297278934954e-17,2.258086737315e+02,-2.741324275377e-02,-3.665074262668e+00
