x,y,z,Bx,By,Bz,Ex,Ey,Ez
0.000000000000e+00,0.000000000000e+00,1.000000000000e+00,-2.686844677435e-18,4.655427211716e-16,8.226317821442e-17,3.731886108002e+02,8.192604880821e-03,-7.783124740616e+00
