x,y,z,Bx,By,Bz,Ex,Ey,Ez
0.000000000000e+00,0.000000000000e+00,1.000000000000e+00,1.602297344055e-15,6.139897378936e-14,-6.979139162826e-15,-1.017321350738e+04,-9.740481510915e-01,-1.025959604598e+03
