x,y,z,Bx,By,Bz,Ex,Ey,Ez
0.000000000000e+00,0.000000000000e+00,1.000000000000e+00,1.524787356919e-17,1.833833944069e-15,-4.781613743701e-17,-9.334360208865e+02,-6.740245299225e-02,-3.063924384330e+01
