x,y,z,Bx,By,Bz,Ex,Ey,Ez
0.000000000000e+00,0.000000000000e+00,1.000000000000e+00,8.397534437233e-19,1.972036193611e-16,-6.911840358740e-18,-2.102035770688e+02,4.868991717826e-03,-3.292934491307e+00
