x,y,z,Bx,By,Bz,Ex,Ey,Ez
0.000000000000e+00,0.000000000000e+00,1.000000000000e+00,-3.209579304480e-18,5.917066694174e-16,-5.840886104710e-17,4.379184808329e+02,2.008529758842e-02,-9.882379479681e+00
