x,y,z,Bx,By,Bz,Ex,Ey,Ez
0.000000000000e+00,0.000000000000e+00,1.000000000000e+00,6.685545574171e-12,6.774943186099e-11,1.634751272145e-10,6.508325815773e+05,-1.738035270476e+04,-1.131274480497e+06
