x,y,z,Bx,By,Bz,Ex,Ey,Ez
0.000000000000e+00,0.000000000000e+00,1.000000000000e+00,7.874688226653e-17,6.164075798758e-15,-3.919226081387e-16,-2.106954214173e+03,6.405532545623e-02,-1.029331451874e+02
