x,y,z,Bx,By,Bz,Ex,Ey,Ez
0.000000000000e+00,0.000000000000e+00,1.000000000000e+00,9.307522848556e-19,2.108261897752e-16,-3.719070285649e-17,-2.199684871096e+02,2.884353742818e-03,-3.524407828897e+00
