x,y,z,Bx,By,Bz,Ex,Ey,Ez
0.000000000000e+00,0.000000000000e+00,1.000000000000e+00,1.186727050216e-18,2.832120249065e-16,-2.661581172788e-17,-2.675221380108e+02,5.705369451911e-03,-4.725627930762e+00
