x,y,z,Bx,By,Bz,Ex,Ey,Ez
0.000000000000e+00,0.000000000000e+00,1.000000000000e+00,-4.628776427520e-19,1.369431372381e-16,-8.824087700737e-18,1.648325387840e+02,3.250943795472e-03,-2.287381894190e+00
