x,y,z,Bx,By,Bz,Ex,Ey,Ez
0.000000000000e+00,0.000000000000e+00,1.000000000000e+00,6.505382996552e-19,1.856067408505e-16,-1.206077371282e-17,-2.019718498690e+02,7.352807801726e-04,-3.101569823522e+00
