x,y,z,Bx,By,Bz,Ex,Ey,Ez
0.000000000000e+00,0.000000000000e+00,1.000000000000e+00,4.004349487675e-17,3.835113321655e-15,-4.218418684182e-16,-1.531399918539e+03,-2.235058152889e-02,-6.405068617085e+01
