x,y,z,Bx,By,Bz,Ex,Ey,Ez
0.000000000000e+00,0.000000000000e+00,1.000000000000e+00,1.734570272053e-19,7.292137211507e-17,-1.587470414324e-17,-1.082113563946e+02,-1.239093610851e-04,-1.217173096507e+00
