x,y,z,Bx,By,Bz,Ex,Ey,Ez
0.000000000000e+00,0.000000000000e+00,1.000000000000e+00,-1.620124227998e-14,3.507829122455e-13,-4.867352035723e-14,3.631335309397e+04,-1.785330684868e+01,-5.862196247706e+03
