x,y,z,Bx,By,Bz,Ex,Ey,Ez
0.000000000000e+00,0.000000000000e+00,1.000000000000e+00,-2.582586999013e-18,4.183194588096e-16,2.460312278072e-18,3.471997490864e+02,-5.625788559749e-02,-6.983994378738e+00
