x,y,z,Bx,By,Bz,Ex,Ey,Ez
0.000000000000e+00,0.000000000000e+00,1.000000000000e+00,-4.691129848944e-17,4.252103692904e-15,-4.025066593512e-16,1.642006758175e+03,4.465403839464e-01,-7.107512148460e+01
