x,y,z,Bx,By,Bz,Ex,Ey,Ez
0.000000000000e+00,0.000000000000e+00,1.000000000000e+00,6.176852393281e-18,8.296669231795e-16,-1.716067992633e-16,-5.489887150186e+02,1.048231059506e-02,-1.385767444240e+01
