x,y,z,Bx,By,Bz,Ex,Ey,Ez
0.000000000000e+00,0.000000000000e+00,1.000000000000e+00,2.702091586007e-19,7.905401448024e-17,-9.632505981200e-18,-1.142524810306e+02,1.125321357751e-03,-1.320532902415e+00
