x,y,z,Bx,By,Bz,Ex,Ey,Ez
0.000000000000e+00,0.000000000000e+00,1.000000000000e+00,2.823348802976e-19,9.528016990915e-17,-2.292627069021e-17,-1.294652309293e+02,-9.557299909133e-04,-1.592619049098e+00
