x,y,z,Bx,By,Bz,Ex,Ey,Ez
0.000000000000e+00,0.000000000000e+00,1.000000000000e+00,9.091284312635e-19,2.122685580249e-16,-3.848198877931e-17,-2.209815446854e+02,2.124640496160e-03,-3.548719331774e+00
