x,y,z,Bx,By,Bz,Ex,Ey,Ez
0.000000000000e+00,0.000000000000e+00,1.000000000000e+00,-3.442038395960e-19,9.867098225313e-17,5.324509682645e-18,1.323905031591e+02,1.375257288991e-03,-1.647074350013e+00
