x,y,z,Bx,By,Bz,Ex,Ey,Ez
0.000000000000e+00,0.000000000000e+00,1.000000000000e+00,3.575680425510e-19,1.201561373926e-16,-1.628898890530e-17,-1.511431872168e+02,8.188976516102e-03,-2.008520202345e+00
