x,y,z,Bx,By,Bz,Ex,Ey,Ez
0.000000000000e+00,0.000000000000e+00,1.000000000000e+00,3.874381007749e-14,6.827176139707e-13,-8.906745178086e-14,-6.146449848450e+04,-4.657110062354e+00,-1.140169280163e+04
