x,y,z,Bx,By,Bz,Ex,Ey,Ez
0.000000000000e+00,0.000000000000e+00,1.000000000000e+00,7.875458976479e-19,2.213583399287e-16,-3.826420300998e-17,-2.272052235964e+02,-2.641922718126e-03,-3.699393239817e+00
