x,y,z,Bx,By,Bz,Ex,Ey,Ez
0.000000000000e+00,0.000000000000e+00,1.000000000000e+00,-4.635701198144e-18,7.915479176409e-16,-1.464230175987e-16,5.321485385542e+02,-3.128003394679e-02,-1.322528716361e+01
