x,y,z,Bx,By,Bz,Ex,Ey,Ez
0.000000000000e+00,0.000000000000e+00,1.000000000000e+00,6.903550805167e-16,3.103797091841e-14,-3.036687948204e-15,-6.329107985462e+03,2.423333864708e+00,-5.185680250772e+02
