x,y,z,Bx,By,Bz,Ex,Ey,Ez
0.000000000000e+00,0.000000000000e+00,1.000000000000e+00,-3.483930580169e-19,1.138010366890e-16,-4.174432046907e-18,1.457300781267e+02,3.730080833409e-03,-1.901826529723e+00
