x,y,z,Bx,By,Bz,Ex,Ey,Ez
0.000000000000e+00,0.000000000000e+00,1.000000000000e+00,-4.397761046839e-19,1.242132140852e-16,-2.009567820255e-17,1.544482291075e+02,-3.506084736345e-03,-2.074778256660e+00
