x,y,z,Bx,By,Bz,Ex,Ey,Ez
0.000000000000e+00,0.000000000000e+00,1.000000000000e+00,-1.276654088961e-18,2.777831320316e-16,2.012740725095e-17,2.643573332879e+02,1.095744203077e-02,-4.643255305729e+00
