x,y,z,Bx,By,Bz,Ex,Ey,Ez
0.000000000000e+00,0.000000000000e+00,1.000000000000e+00,-1.821343496467e-15,6.634156065263e-14,-8.011847433483e-15,1.072864746340e+04,4.559854408536e-01,-1.107055694337e+03
