x,y,z,Bx,By,Bz,Ex,Ey,Ez
0.000000000000e+00,0.000000000000e+00,1.000000000000e+00,1.115940725633e-18,2.810468792373e-16,-2.043939689350e-17,-2.661714423190e+02,5.649575474449e-03,-4.689963321355e+00
