x,y,z,Bx,By,Bz,Ex,Ey,Ez
0.000000000000e+00,0.000000000000e+00,1.000000000000e+00,-4.331728274689e-16,2.209787720016e-14,-1.180534362825e-15,5.007355588512e+03,-6.562681459304e-01,-3.690058415536e+02
