x,y,z,Bx,By,Bz,Ex,Ey,Ez
0.000000000000e+00,0.000000000000e+00,1.000000000000e+00,1.092269650758e-16,7.668095686397e-15,-7.149488093735e-16,-2.442635716671e+03,1.807702234748e-01,-1.281189758015e+02
