x,y,z,Bx,By,Bz,Ex,Ey,Ez
0.000000000000e+00,0.000000000000e+00,1.000000000000e+00,2.737439375518e-19,8.998698164483e-17,5.031116527311e-18,-1.245904503248e+02,-5.656573897683e-04,-1.503723529179e+00
