x,y,z,Bx,By,Bz,Ex,Ey,Ez
0.000000000000e+00,0.000000000000e+00,1.000000000000e+00,-6.680033069631e-19,1.672849305298e-16,9.107130816693e-18,1.881983121739e+02,9.691380215427e-04,-2.790592132037e+00
