x,y,z,Bx,By,Bz,Ex,Ey,Ez
0.000000000000e+00,0.000000000000e+00,1.000000000000e+00,-2.803208629769e-18,5.393651261631e-16,-8.675968740015e-17,4.117389747697e+02,3.335685102160e-02,-9.011868223793e+00
