x,y,z,Bx,By,Bz,Ex,Ey,Ez
0.000000000000e+00,0.000000000000e+00,1.000000000000e+00,1.966363167650e-19,6.553281209425e-17,1.189306865346e-17,-1.008265832517e+02,1.575642929663e-03,-1.094997508893e+00
