x,y,z,Bx,By,Bz,Ex,Ey,Ez
0.000000000000e+00,0.000000000000e+00,1.000000000000e+00,-4.407588393579e-19,1.565091765736e-16,1.340663716798e-18,1.802201172397e+02,-7.500907416645e-03,-2.614883985433e+00
