x,y,z,Bx,By,Bz,Ex,Ey,Ez
0.000000000000e+00,0.000000000000e+00,1.000000000000e+00,1.650407993538e-17,1.969788652883e-15,-4.836155148983e-17,-9.791589014221e+02,-1.891769671082e-02,-3.290725830650e+01
