x,y,z,Bx,By,Bz,Ex,Ey,Ez
0.000000000000e+00,0.000000000000e+00,1.000000000000e+00,3.243168918998e-17,3.310077821392e-15,-3.595333883678e-16,-1.387677335039e+03,4.026917113934e-02,-5.531339289560e+01
