x,y,z,Bx,By,Bz,Ex,Ey,Ez
0.000000000000e+00,0.000000000000e+00,1.000000000000e+00,-6.205059180726e-19,2.006192075614e-16,-8.250410122380e-17,2.127838145662e+02,1.122690535739e-02,-3.352400532090e+00
