x,y,z,Bx,By,Bz,Ex,Ey,Ez
0.000000000000e+00,0.000000000000e+00,1.000000000000e+00,-1.863367476129e-15,6.737187186500e-14,-8.046194051019e-15,1.084531817254e+04,3.062932095361e-01,-1.124262449754e+03
