x,y,z,Bx,By,Bz,Ex,Ey,Ez
0.000000000000e+00,0.000000000000e+00,1.000000000000e+00,1.064656145413e-14,2.541467974574e-13,-2.719966948230e-14,-2.835388128507e+04,-1.029383950584e+01,-4.245418883089e+03
