x,y,z,Bx,By,Bz,Ex,Ey,Ez
0.000000000000e+00,0.000000000000e+00,1.000000000000e+00,8.055738929195e-16,3.506530578174e-14,-3.883138896691e-15,-6.888148019240e+03,2.319327993807e+00,-5.860671259180e+02
