x,y,z,Bx,By,Bz,Ex,Ey,Ez
0.000000000000e+00,0.000000000000e+00,1.000000000000e+00,1.688021157174e-16,1.138115850503e-14,-1.382105965371e-15,-3.192349296006e+03,-5.249891425462e-01,-1.902216935228e+02
