x,y,z,Bx,By,Bz,Ex,Ey,Ez
0.000000000000e+00,0.000000000000e+00,1.000000000000e+00,-4.586916926199e-19,1.285722516593e-16,5.308199079080e-18,1.580635651069e+02,-2.771806702424e-03,-2.148159039386e+00
