x,y,z,Bx,By,Bz,Ex,Ey,Ez
0.000000000000e+00,0.000000000000e+00,1.000000000000e+00,6.452809693497e-18,8.506340738861e-16,-1.651499067491e-16,-5.583898748177e+02,-2.880308395973e-03,-1.421418130061e+01
