x,y,z,Bx,By,Bz,Ex,Ey,Ez
0.000000000000e+00,0.000000000000e+00,1.000000000000e+00,9.430748280637e-19,2.098753562165e-16,-3.604799071302e-17,-2.192968623835e+02,3.360884309219e-03,-3.508322459570e+00
