x,y,z,Bx,By,Bz,Ex,Ey,Ez
0.000000000000e+00,0.000000000000e+00,1.000000000000e+00,1.162320165562e-18,2.824891886481e-16,-2.455991543612e-17,-2.670707711005e+02,5.715231325654e-03,-4.713699299106e+00
