x,y,z,Bx,By,Bz,Ex,Ey,Ez
0.000000000000e+00,0.000000000000e+00,1.000000000000e+00,-2.024829976995e-19,9.142548740919e-17,-2.162448119394e-17,1.258998203688e+02,-4.890579591696e-03,-1.527252320288e+00
