x,y,z,Bx,By,Bz,Ex,Ey,Ez
0.000000000000e+00,0.000000000000e+00,1.000000000000e+00,-5.367602557916e-19,1.419561356148e-16,-3.582174542606e-17,1.688389127893e+02,1.006768284788e-03,-2.371037787671e+00
