x,y,z,Bx,By,Bz,Ex,Ey,Ez
0.000000000000e+00,0.000000000000e+00,1.000000000000e+00,8.395354833112e-15,2.115146759337e-13,-2.249092671787e-14,-2.472420174567e+04,-9.949534159183e+00,-3.533313492568e+03
