x,y,z,Bx,By,Bz,Ex,Ey,Ez
0.000000000000e+00,0.000000000000e+00,1.000000000000e+00,-4.135005702908e-13,4.298680228573e-12,-1.156459720131e-12,3.410358819368e+05,-1.773995958628e+02,-7.170948633245e+04
