x,y,z,Bx,By,Bz,Ex,Ey,Ez
0.000000000000e+00,0.000000000000e+00,1.000000000000e+00,-1.375958052734e-19,6.254513017380e-17,-7.225346723744e-18,9.777684041102e+01,9.460316792681e-04,-1.045543636650e+00
