x,y,z,Bx,By,Bz,Ex,Ey,Ez
0.000000000000e+00,0.000000000000e+00,1.000000000000e+00,2.857322479399e-19,9.494887602438e-17,-2.195532166909e-17,-1.291619516628e+02,-6.728662825057e-04,-1.587036046354e+00
