x,y,z,Bx,By,Bz,Ex,Ey,Ez
0.000000000000e+00,0.000000000000e+00,1.000000000000e+00,-7.650441005512e-19,1.874319452073e-16,4.613723346765e-18,2.034574782693e+02,1.705926385534e-02,-3.135888988710e+00
