x,y,z,Bx,By,Bz,Ex,Ey,Ez
0.000000000000e+00,0.000000000000e+00,1.000000000000e+00,-7.260688153616e-19,2.100281707292e-16,-1.090961281221e-16,2.193373497303e+02,-1.032004504489e-02,-3.508083778054e+00
