x,y,z,Bx,By,Bz,Ex,Ey,Ez
0.000000000000e+00,0.000000000000e+00,1.000000000000e+00,2.458890470317e-18,4.881497132768e-16,-8.998769667246e-17,-3.855376135281e+02,-9.066978193573e-04,-8.165849017984e+00
