x,y,z,Bx,By,Bz,Ex,Ey,Ez
0.000000000000e+00,0.000000000000e+00,1.000000000000e+00,3.203665050360e-17,3.272299591896e-15,-3.524053580811e-16,-1.377059910509e+03,4.402410102694e-02,-5.468497894869e+01
