x,y,z,Bx,By,Bz,Ex,Ey,Ez
0.000000000000e+00,0.000000000000e+00,1.000000000000e+00,1.159235190063e-17,1.449145152366e-15,-2.689724632979e-16,-7.976279879263e+02,-3.920069799864e-04,-2.421815885610e+01
