x,y,z,Bx,By,Bz,Ex,Ey,Ez
0.000000000000e+00,0.000000000000e+00,1.000000000000e+00,-7.190012791616e-18,1.046709477868e-15,-1.768649123166e-17,6.412709376357e+02,-1.864124185362e-02,-1.748965121358e+01
