x,y,z,Bx,By,Bz,Ex,Ey,Ez
0.000000000000e+00,0.000000000000e+00,1.000000000000e+00,3.895632393568e-19,1.068968653865e-16,1.422800095075e-17,-1.395719800398e+02,1.424361170974e-03,-1.782937399460e+00
