x,y,z,Bx,By,Bz,Ex,Ey,Ez
0.000000000000e+00,0.000000000000e+00,1.000000000000e+00,-8.777000902885e-17,6.751409547083e-15,-2.481160311731e-16,2.243155461395e+03,-3.792688520810e-02,-1.129372984567e+02
