x,y,z,Bx,By,Bz,Ex,Ey,Ez
0.000000000000e+00,0.000000000000e+00,1.000000000000e+00,2.394525153476e-19,7.519129082692e-17,-8.238568136193e-19,-1.104462962975e+02,-4.572319316353e-04,-1.255145704980e+00
