x,y,z,Bx,By,Bz,Ex,Ey,Ez
0.000000000000e+00,0.000000000000e+00,1.000000000000e+00,-4.937133311929e-16,2.410211606794e-14,-1.108329099017e-15,5.314459558520e+03,-2.278547869731e-01,-4.025837862833e+02
