x,y,z,Bx,By,Bz,Ex,Ey,Ez
0.000000000000e+00,0.000000000000e+00,1.000000000000e+00,-1.397115582781e-18,2.983872723990e-16,-4.281116002693e-18,2.772439172707e+02,2.839220005611e-02,-4.985483607488e+00
