x,y,z,Bx,By,Bz,Ex,Ey,Ez
0.000000000000e+00,0.000000000000e+00,1.000000000000e+00,-5.144620983556e-19,1.405479576462e-16,-2.973359251763e-17,1.677120593771e+02,2.166700058017e-03,-2.347396472977e+00
