x,y,z,Bx,By,Bz,Ex,Ey,Ez
0.000000000000e+00,0.000000000000e+00,1.000000000000e+00,-3.386765328338e-18,6.073365667093e-16,-5.061845961859e-17,4.455775898129e+02,2.002551882060e-02,-1.014219370814e+01
