x,y,z,Bx,By,Bz,Ex,Ey,Ez
0.000000000000e+00,0.000000000000e+00,1.000000000000e+00,2.768499020317e-19,8.171252422090e-17,-2.229526217623e-17,-1.168148108742e+02,-7.913292563566e-04,-1.365128135257e+00
