x,y,z,Bx,By,Bz,Ex,Ey,Ez
0.000000000000e+00,0.000000000000e+00,1.000000000000e+00,1.275499510681e-17,1.597488273540e-15,-2.228270178239e-16,-8.512505402234e+02,-7.331188192703e-02,-2.669180409867e+01
