x,y,z,Bx,By,Bz,Ex,Ey,Ez
0.000000000000e+00,0.000000000000e+00,1.000000000000e+00,4.049333639545e-18,7.052633863380e-16,2.557017371467e-18,-4.925682868594e+02,4.142426135612e-02,-1.178701527272e+01
