x,y,z,Bx,By,Bz,Ex,Ey,Ez
0.000000000000e+00,0.000000000000e+00,1.000000000000e+00,6.691505733631e-16,3.030733185290e-14,-2.861531625622e-15,-6.225477405887e+03,2.404568233522e+00,-5.063211713360e+02
