x,y,z,Bx,By,Bz,Ex,Ey,Ez
0.000000000000e+00,0.000000000000e+00,1.000000000000e+00,2.408659216076e-13,2.814730081848e-12,-5.918566956789e-13,-2.210168642550e+05,2.476739682594e+02,-4.705123751925e+04
