x,y,z,Bx,By,Bz,Ex,Ey,Ez
0.000000000000e+00,0.000000000000e+00,1.000000000000e+00,-8.127853382613e-18,1.142705455554e-15,-6.199562200078e-17,6.797873698952e+02,6.570931970539e-03,-1.908244776640e+01
