x,y,z,Bx,By,Bz,Ex,Ey,Ez
0.000000000000e+00,0.000000000000e+00,1.000000000000e+00,2.322435119760e-18,4.193103847616e-16,-1.468976089329e-17,-3.479033179304e+02,6.841954318681e-03,-7.003918426707e+00
