x,y,z,Bx,By,Bz,Ex,Ey,Ez
0.000000000000e+00,0.000000000000e+00,1.000000000000e+00,1.081579446956e-16,7.610644136014e-15,-6.988274229693e-16,-2.430183466796e+03,1.812882760799e-01,-1.271547213459e+02
