x,y,z,Bx,By,Bz,Ex,Ey,Ez
0.000000000000e+00,0.000000000000e+00,1.000000000000e+00,1.660784802918e-18,3.173520812170e-16,-2.440299072866e-17,-2.890358936669e+02,-6.444104219909e-03,-5.306328843399e+00
