x,y,z,Bx,By,Bz,Ex,Ey,Ez
0.000000000000e+00,0.000000000000e+00,1.000000000000e+00,3.657054877780e-18,5.886737909152e-16,-3.356027152625e-17,-4.359847159317e+02,-3.327425350412e-02,-9.819240932982e+00
