x,y,z,Bx,By,Bz,Ex,Ey,Ez
0.000000000000e+00,0.000000000000e+00,1.000000000000e+00,2.085682770176e-18,5.328841729695e-16,-8.387659941348e-17,-4.083402286581e+02,-2.431818057518e-02,-8.899220117044e+00
