x,y,z,Bx,By,Bz,Ex,Ey,Ez
0.000000000000e+00,0.000000000000e+00,1.000000000000e+00,4.266918968283e-19,1.167476980272e-16,-7.075170573455e-18,-1.483035848330e+02,8.204370366827e-03,-1.952421765340e+00
