x,y,z,Bx,By,Bz,Ex,Ey,Ez
0.000000000000e+00,0.000000000000e+00,1.000000000000e+00,1.700203350638e-17,2.018179241412e-15,-6.405536750068e-17,-9.951660490299e+02,-2.625251973754e-03,-3.371293241772e+01
