x,y,z,Bx,By,Bz,Ex,Ey,Ez
0.000000000000e+00,0.000000000000e+00,1.000000000000e+00,-2.474965311622e-16,1.437000912753e-14,-1.484013738408e-15,3.739005212247e+03,-1.092053062979e+00,-2.401791584580e+02
