x,y,z,Bx,By,Bz,Ex,Ey,Ez
0.000000000000e+00,0.000000000000e+00,1.000000000000e+00,-8.806729508687e-17,6.800455563804e-15,-2.405416180393e-16,2.254164308743e+03,-2.427050254201e-02,-1.137595671878e+02
