x,y,z,Bx,By,Bz,Ex,Ey,Ez
0.000000000000e+00,0.000000000000e+00,1.000000000000e+00,5.018075172846e-18,7.783328367078e-16,-1.373230207218e-16,-5.258375826627e+02,4.226637748712e-02,-1.299357940481e+01
