x,y,z,Bx,By,Bz,Ex,Ey,Ez
0.000000000000e+00,0.000000000000e+00,1.000000000000e+00,-4.369526716714e-19,1.592138821856e-16,9.231319960767e-18,1.822273500908e+02,-5.770179872169e-03,-2.658752227064e+00
