x,y,z,Bx,By,Bz,Ex,Ey,Ez
0.000000000000e+00,0.000000000000e+00,1.000000000000e+00,1.102940960108e-16,7.726125493505e-15,-7.314192802675e-16,-2.455184148968e+03,1.798030401337e-01,-1.290929539905e+02
