x,y,z,Bx,By,Bz,Ex,Ey,Ez
0.000000000000e+00,0.000000000000e+00,1.000000000000e+00,1.147589885974e-17,1.424226020066e-15,-2.585899286445e-16,-7.884082639183e+02,1.295101327454e-02,-2.380165053544e+01
