x,y,z,Bx,By,Bz,Ex,Ey,Ez
0.000000000000e+00,0.000000000000e+00,1.000000000000e+00,4.850367534089e-17,4.335865698164e-15,-4.054113385096e-16,-1.663000617868e+03,-7.366737669614e-02,-7.241434782913e+01
