x,y,z,Bx,By,Bz,Ex,Ey,Ez
0.000000000000e+00,0.000000000000e+00,1.000000000000e+00,5.881087452329e-18,9.607271823366e-16,-7.835320532001e-17,-6.060654433708e+02,-3.701224872084e-02,-1.606824199032e+01
