x,y,z,Bx,By,Bz,Ex,Ey,Ez
0.000000000000e+00,0.000000000000e+00,1.000000000000e+00,1.822159097214e-19,6.433949104963e-17,7.031546576717e-18,-9.958646819552e+01,-5.739326165529e-05,-1.074862576933e+00
