x,y,z,Bx,By,Bz,Ex,Ey,Ez
0.000000000000e+00,0.000000000000e+00,1.000000000000e+00,9.423867811451e-17,6.912844848047e-15,-5.219199098438e-16,-2.276638123867e+03,1.541926472893e-01,-1.154518703308e+02
