x,y,z,Bx,By,Bz,Ex,Ey,Ez
0.000000000000e+00,0.000000000000e+00,1.000000000000e+00,-4.340147144456e-19,1.585305092936e-16,7.694407121976e-18,1.817222545552e+02,-6.273986061579e-03,-2.647691621459e+00
