x,y,z,Bx,By,Bz,Ex,Ey,Ez
0.000000000000e+00,0.000000000000e+00,1.000000000000e+00,-4.548838748126e-19,1.261255421714e-16,-7.941497976205e-18,1.560392552838e+02,-3.810568700725e-03,-2.106975172470e+00
