x,y,z,Bx,By,Bz,Ex,Ey,Ez
0.000000000000e+00,0.000000000000e+00,1.000000000000e+00,-7.769441211782e-17,5.866176101972e-15,-6.220959967332e-16,2.039190476407e+03,-1.381204508222e-01,-9.802548891614e+01
