x,y,z,Bx,By,Bz,Ex,Ey,Ez
0.000000000000e+00,0.000000000000e+00,1.000000000000e+00,1.801388766907e-18,3.674858581787e-16,-4.225646645016e-17,-3.184706195416e+02,8.932805094865e-03,-6.135389954256e+00
