x,y,z,Bx,By,Bz,Ex,Ey,Ez
0.000000000000e+00,0.000000000000e+00,1.000000000000e+00,-5.560930501221e-19,1.433762849412e-16,-3.986545542058e-17,1.699763865221e+02,-4.382878741703e-04,-2.394995757087e+00
