x,y,z,Bx,By,Bz,Ex,Ey,Ez
0.000000000000e+00,0.000000000000e+00,1.000000000000e+00,-4.427717353308e-19,1.599015094137e-16,1.046077670601e-17,1.827346676929e+02,-5.230913006839e-03,-2.669876021546e+00
