x,y,z,Bx,By,Bz,Ex,Ey,Ez
0.000000000000e+00,0.000000000000e+00,1.000000000000e+00,2.756459622337e-19,8.144135135417e-17,-2.184265608921e-17,-1.165549548582e+02,-5.080154914346e-04,-1.360579358512e+00
