x,y,z,Bx,By,Bz,Ex,Ey,Ez
0.000000000000e+00,0.000000000000e+00,1.000000000000e+00,9.675602827295e-19,2.066087868917e-16,-3.033057440008e-17,-2.169695659105e+02,4.743060101253e-03,-3.452779833493e+00
