x,y,z,Bx,By,Bz,Ex,Ey,Ez
0.000000000000e+00,0.000000000000e+00,1.000000000000e+00,-4.761997129540e-19,1.538900910069e-16,-1.021458141289e-17,1.782470999128e+02,-8.254839289221e-03,-2.571993624483e+00
