x,y,z,Bx,By,Bz,Ex,Ey,Ez
0.000000000000e+00,0.000000000000e+00,1.000000000000e+00,-7.572827215584e-19,2.139275530550e-16,-9.384517343062e-17,2.220314488440e+02,-1.912461612282e-02,-3.573068050792e+00
