x,y,z,Bx,By,Bz,Ex,Ey,Ez
0.000000000000e+00,0.000000000000e+00,1.000000000000e+00,6.329351581355e-12,3.094768896513e-11,-1.914331855158e-11,-2.638494606564e+06,3.261061154086e+03,-5.175771777380e+05
