x,y,z,Bx,By,Bz,Ex,Ey,Ez
0.000000000000e+00,0.000000000000e+00,1.000000000000e+00,-1.280146100414e-18,2.770830219897e-16,1.913656228591e-17,2.639146548723e+02,1.034064018029e-02,-4.631623584600e+00
