x,y,z,Bx,By,Bz,Ex,Ey,Ez
0.000000000000e+00,0.000000000000e+00,1.000000000000e+00,-4.394947872461e-19,1.595571864305e-16,9.884555677738e-18,1.824807301449e+02,-5.504513769952e-03,-2.664306196272e+00
