x,y,z,Bx,By,Bz,Ex,Ey,Ez
0.000000000000e+00,0.000000000000e+00,1.000000000000e+00,-2.108888172392e-19,8.950907639402e-17,-4.009172139507e-17,1.241760648521e+02,-2.026074354508e-03,-1.495924381451e+00
