x,y,z,Bx,By,Bz,Ex,Ey,Ez
0.000000000000e+00,0.000000000000e+00,1.000000000000e+00,-1.364870632782e-12,1.035870215664e-11,-4.446366073894e-12,8.966929500130e+05,1.664099707537e+01,-1.728466340569e+05
