x,y,z,Bx,By,Bz,Ex,Ey,Ez
0.000000000000e+00,0.000000000000e+00,1.000000000000e+00,-5.674754016215e-19,1.445220063766e-16,-4.140776405102e-17,1.708940191219e+02,-1.718109929994e-03,-2.414392971196e+00
