x,y,z,Bx,By,Bz,Ex,Ey,Ez
0.000000000000e+00,0.000000000000e+00,1.000000000000e+00,-1.758945187185e-19,6.086515176724e-17,-1.669377929919e-17,9.600806519817e+01,2.005545518004e-03,-1.017327518242e+00
