x,y,z,Bx,By,Bz,Ex,Ey,Ez
0.000000000000e+00,0.000000000000e+00,1.000000000000e+00,1.054917842181e-17,1.276278381729e-15,-1.084528485069e-16,-7.321155363472e+02,5.465452593346e-02,-2.131352641181e+01
