x,y,z,Bx,By,Bz,Ex,Ey,Ez
0.000000000000e+00,0.000000000000e+00,1.000000000000e+00,5.877844110166e-18,1.042844367775e-15,-2.791116753346e-17,-6.396587570771e+02,-2.310108244156e-02,-1.741946507063e+01
