x,y,z,Bx,By,Bz,Ex,Ey,Ez
0.000000000000e+00,0.000000000000e+00,1.000000000000e+00,-2.406479175181e-18,4.089697483701e-16,-4.392514711491e-17,3.419584373798e+02,-5.725739702054e-02,-6.825592460002e+00
