x,y,z,Bx,By,Bz,Ex,Ey,Ez
0.000000000000e+00,0.000000000000e+00,1.000000000000e+00,-7.478449229799e-19,1.690633701030e-16,7.371759012351e-18,1.895364561809e+02,2.312674087813e-03,-2.820412111847e+00
