x,y,z,Bx,By,Bz,Ex,Ey,Ez
0.000000000000e+00,0.000000000000e+00,1.000000000000e+00,-1.080801963815e-17,1.500197924704e-15,-1.138432491636e-16,8.164044032572e+02,1.100591763720e-01,-2.507871800034e+01
