x,y,z,Bx,By,Bz,Ex,Ey,Ez
0.000000000000e+00,0.000000000000e+00,1.000000000000e+00,-2.046420747153e-19,9.191409538939e-17,-1.537622679432e-17,1.263358906256e+02,-5.222171728493e-03,-1.535223145002e+00
