x,y,z,Bx,By,Bz,Ex,Ey,Ez
0.000000000000e+00,0.000000000000e+00,1.000000000000e+00,-2.768221307340e-18,4.429158571263e-16,9.114805351977e-17,3.608674374955e+02,-2.871469206115e-02,-7.401741832840e+00
