x,y,z,Bx,By,Bz,Ex,Ey,Ez
0.000000000000e+00,0.000000000000e+00,1.000000000000e+00,2.787377774352e-19,8.212130522856e-17,-2.251213912327e-17,-1.172060975927e+02,-1.226448919061e-03,-1.371989269881e+00
