x,y,z,Bx,By,Bz,Ex,Ey,Ez
0.000000000000e+00,0.000000000000e+00,1.000000000000e+00,-1.250306359273e-17,1.680310771640e-15,-2.870172959057e-16,8.802475017404e+02,7.343401738298e-02,-2.805394908199e+01
