x,y,z,Bx,By,Bz,Ex,Ey,Ez
0.000000000000e+00,0.000000000000e+00,1.000000000000e+00,1.471823424448e-18,3.275583102520e-16,-1.438025650879e-18,-2.952019540350e+02,-4.023684648052e-03,-5.476881384266e+00
