x,y,z,Bx,By,Bz,Ex,Ey,Ez
0.000000000000e+00,0.000000000000e+00,1.000000000000e+00,-2.283683928333e-11,8.592755241329e-11,-3.910195012271e-11,4.989709925040e+06,3.082590698640e+04,-1.437034970421e+06
