x,y,z,Bx,By,Bz,Ex,Ey,Ez
0.000000000000e+00,0.000000000000e+00,1.000000000000e+00,-2.747727623067e-18,4.340847104799e-16,6.955632107982e-17,3.559867153359e+02,-4.182903939950e-02,-7.251879935838e+00
