x,y,z,Bx,By,Bz,Ex,Ey,Ez
0.000000000000e+00,0.000000000000e+00,1.000000000000e+00,2.847564644091e-17,2.831169533333e-15,-2.413353030505e-16,-1.249414227543e+03,6.639639226016e-02,-4.731814691610e+01
