x,y,z,Bx,By,Bz,Ex,Ey,Ez
0.000000000000e+00,0.000000000000e+00,1.000000000000e+00,6.519821179144e-19,1.851918623696e-16,-1.326835819874e-17,-2.016766447686e+02,6.949798731511e-04,-3.094774021312e+00
