x,y,z,Bx,By,Bz,Ex,Ey,Ez
0.000000000000e+00,0.000000000000e+00,1.000000000000e+00,-1.485701445477e-16,1.013235340204e-14,-1.482410030395e-15,2.947131256615e+03,9.984900336753e-02,-1.689958789818e+02
