x,y,z,Bx,By,Bz,Ex,Ey,Ez
0.000000000000e+00,0.000000000000e+00,1.000000000000e+00,-1.107746336344e-19,6.393337407129e-17,-3.816341118472e-18,9.918692408679e+01,1.043817238992e-03,-1.068219926468e+00
