x,y,z,Bx,By,Bz,Ex,Ey,Ez
0.000000000000e+00,0.000000000000e+00,1.000000000000e+00,-3.961246332194e-19,1.018537546995e-16,-1.810536628981e-17,1.352684893110e+02,1.633251821358e-03,-1.700953629186e+00
