x,y,z,Bx,By,Bz,Ex,Ey,Ez
0.000000000000e+00,0.000000000000e+00,1.000000000000e+00,-2.680757332303e-18,5.195058810226e-16,-6.793408031468e-17,4.015692828485e+02,3.960673137773e-02,-8.681632884442e+00
