x,y,z,Bx,By,Bz,Ex,Ey,Ez
0.000000000000e+00,0.000000000000e+00,1.000000000000e+00,-2.045554342675e-17,2.129077808332e-15,-1.810800980268e-16,1.032113374568e+03,-2.831408378648e-02,-3.558278866084e+01
