x,y,z,Bx,By,Bz,Ex,Ey,Ez
0.000000000000e+00,0.000000000000e+00,1.000000000000e+00,1.327626922030e-19,7.068423040766e-17,-2.296176678883e-17,-1.060410714538e+02,2.375907903276e-03,-1.180729808964e+00
