x,y,z,Bx,By,Bz,Ex,Ey,Ez
0.000000000000e+00,0.000000000000e+00,1.000000000000e+00,-3.214998863892e-16,1.813343933584e-14,-1.321334297770e-15,4.377362334767e+03,-1.158177549934e+00,-3.029179051421e+02
