x,y,z,Bx,By,Bz,Ex,Ey,Ez
0.000000000000e+00,0.000000000000e+00,1.000000000000e+00,9.704981877238e-16,4.087481157351e-14,-4.832584435697e-15,-7.662260476576e+03,1.815639978855e+00,-6.833446995160e+02
