x,y,z,Bx,By,Bz,Ex,Ey,Ez
0.000000000000e+00,0.000000000000e+00,1.000000000000e+00,-2.622683319978e-18,5.052342583962e-16,-3.662783362090e-17,3.941784880137e+02,4.024910823110e-02,-8.444508561701e+00
