x,y,z,Bx,By,Bz,Ex,Ey,Ez
0.000000000000e+00,0.000000000000e+00,1.000000000000e+00,-1.767108878146e-18,3.833191882892e-16,-1.214034960560e-16,3.275131277961e+02,-3.403539748215e-02,-6.395895442463e+00
