x,y,z,Bx,By,Bz,Ex,Ey,Ez
0.000000000000e+00,0.000000000000e+00,1.000000000000e+00,1.379054572995e-18,3.383837232813e-16,5.523368709333e-18,-3.015746392380e+02,1.776621326816e-03,-5.654876769303e+00
