x,y,z,Bx,By,Bz,Ex,Ey,Ez
0.000000000000e+00,0.000000000000e+00,1.000000000000e+00,4.398122718219e-14,7.527006573189e-13,-1.003459469106e-13,-6.662371808706e+04,-4.005886738122e+00,-1.257053775763e+04
