x,y,z,Bx,By,Bz,Ex,Ey,Ez
0.000000000000e+00,0.000000000000e+00,1.000000000000e+00,-9.631817154842e-16,4.252931749617e-14,-4.320253878385e-15,7.871745727706e+03,3.413902015084e+00,-7.107449737059e+02
