x,y,z,Bx,By,Bz,Ex,Ey,Ez
0.000000000000e+00,0.000000000000e+00,1.000000000000e+00,4.271400716589e-18,6.723049966076e-16,4.158131711229e-17,-4.771228016119e+02,1.828714804759e-02,-1.123992084819e+01
