x,y,z,Bx,By,Bz,Ex,Ey,Ez
0.000000000000e+00,0.000000000000e+00,1.000000000000e+00,-2.643558191464e-19,8.145425376955e-17,1.557741097506e-17,1.165420596917e+02,1.122972543540e-03,-1.360553994648e+00
