x,y,z,Bx,By,Bz,Ex,Ey,Ez
0.000000000000e+00,0.000000000000e+00,1.000000000000e+00,1.708779747021e-18,2.993748416368e-16,-5.446999669595e-17,-2.777406399706e+02,-2.299111629472e-04,-4.998521351434e+00
