x,y,z,Bx,By,Bz,Ex,Ey,Ez
0.000000000000e+00,0.000000000000e+00,1.000000000000e+00,-4.627825640107e-16,2.307183355945e-14,-1.141000286496e-15,5.157438560566e+03,-4.613292533423e-01,-3.853102414277e+02
