x,y,z,Bx,By,Bz,Ex,Ey,Ez
0.000000000000e+00,0.000000000000e+00,1.000000000000e+00,-2.088781433104e-15,7.284948510606e-14,-8.134886520592e-15,1.145819121206e+04,-3.584081709250e-01,-1.215818682697e+03
