x,y,z,Bx,By,Bz,Ex,Ey,Ez
0.000000000000e+00,0.000000000000e+00,1.000000000000e+00,8.135252093041e-19,1.738946300931e-16,-4.059682760523e-17,-1.933856451738e+02,5.845279242789e-03,-2.906087799405e+00
