x,y,z,Bx,By,Bz,Ex,Ey,Ez
0.000000000000e+00,0.000000000000e+00,1.000000000000e+00,-2.601150623816e-19,7.259281942454e-17,9.901898857955e-18,1.079703879417e+02,-1.238128706703e-03,-1.213334918623e+00
