x,y,z,Bx,By,Bz,Ex,Ey,Ez
0.000000000000e+00,0.000000000000e+00,1.000000000000e+00,-2.714755509273e-18,4.291511621336e-16,5.173478390361e-17,3.532457014952e+02,-4.783994560517e-02,-7.168035157833e+00
