x,y,z,Bx,By,Bz,Ex,Ey,Ez
0.000000000000e+00,0.000000000000e+00,1.000000000000e+00,2.195300656582e-18,5.033659727544e-16,-9.360692678634e-17,-3.934624534928e+02,-9.486642739253e-03,-8.418047577010e+00
