x,y,z,Bx,By,Bz,Ex,Ey,Ez
0.000000000000e+00,0.000000000000e+00,1.000000000000e+00,1.614785360895e-17,1.932214399161e-15,-4.060219432661e-17,-9.666351004824e+02,-3.248156235915e-02,-3.228113384700e+01
