x,y,z,Bx,By,Bz,Ex,Ey,Ez
0.000000000000e+00,0.000000000000e+00,1.000000000000e+00,-7.394463642933e-19,2.114796706551e-16,-1.051556430999e-16,2.203426457065e+02,-1.378596957127e-02,-3.532266438866e+00
