x,y,z,Bx,By,Bz,Ex,Ey,Ez
0.000000000000e+00,0.000000000000e+00,1.000000000000e+00,2.723354849773e-19,8.829469046278e-17,6.506636177420e-18,-1.230285831695e+02,-2.027095971838e-03,-1.475564244199e+00
