x,y,z,Bx,By,Bz,Ex,Ey,Ez
0.000000000000e+00,0.000000000000e+00,1.000000000000e+00,2.112306310796e-19,9.926639686442e-17,-1.407449697491e-17,-1.330249681166e+02,-4.023899479550e-03,-1.658748542669e+00
