x,y,z,Bx,By,Bz,Ex,Ey,Ez
0.000000000000e+00,0.000000000000e+00,1.000000000000e+00,4.987625804815e-19,1.143909073302e-16,-2.993312609189e-18,-1.462724585159e+02,7.488111777668e-03,-1.912608256741e+00
