x,y,z,Bx,By,Bz,Ex,Ey,Ez
0.000000000000e+00,0.000000000000e+00,1.000000000000e+00,-7.318604146362e-19,1.687074357496e-16,7.690622937928e-18,1.892676701992e+02,2.049637479477e-03,-2.814414411208e+00
