x,y,z,Bx,By,Bz,Ex,Ey,Ez
0.000000000000e+00,0.000000000000e+00,1.000000000000e+00,4.681057246277e-19,1.288497154001e-16,-4.783057020586e-17,-1.582963644691e+02,-3.923712915292e-04,-2.152340031296e+00
