x,y,z,Bx,By,Bz,Ex,Ey,Ez
0.000000000000e+00,0.000000000000e+00,1.000000000000e+00,2.685839859216e-19,7.764855817566e-17,-1.100293163054e-18,-1.128783925231e+02,9.358254122766e-04,-1.296827458952e+00
