x,y,z,Bx,By,Bz,Ex,Ey,Ez
0.000000000000e+00,0.000000000000e+00,1.000000000000e+00,2.215586937574e-18,4.086235652668e-16,-2.245823486497e-17,-3.419602180197e+02,4.178117333806e-03,-6.825496731143e+00
