x,y,z,Bx,By,Bz,Ex,Ey,Ez
0.000000000000e+00,0.000000000000e+00,1.000000000000e+00,-2.838125865963e-18,5.444841335216e-16,-8.737268336780e-17,4.143393318362e+02,3.138787590920e-02,-9.097044498526e+00
