x,y,z,Bx,By,Bz,Ex,Ey,Ez
0.000000000000e+00,0.000000000000e+00,1.000000000000e+00,-3.686857645615e-19,9.989554841197e-17,-5.081790853775e-18,1.334989075167e+02,1.988594310709e-03,-1.667756001250e+00
