x,y,z,Bx,By,Bz,Ex,Ey,Ez
0.000000000000e+00,0.000000000000e+00,1.000000000000e+00,2.670990437050e-19,7.727257180558e-17,4.388090348805e-19,-1.125081216165e+02,7.531728176787e-04,-1.290460093401e+00
