x,y,z,Bx,By,Bz,Ex,Ey,Ez
0.000000000000e+00,0.000000000000e+00,1.000000000000e+00,8.907076614528e-17,6.666740297915e-15,-4.702677064434e-16,-2.221455856625e+03,1.306704952156e-01,-1.113320832834e+02
