x,y,z,Bx,By,Bz,Ex,Ey,Ez
0.000000000000e+00,0.000000000000e+00,1.000000000000e+00,-3.713756089861e-19,1.108632107476e-16,7.004435331745e-18,1.432203740932e+02,1.893500735616e-03,-1.853047042600e+00
