x,y,z,Bx,By,Bz,Ex,Ey,Ez
0.000000000000e+00,0.000000000000e+00,1.000000000000e+00,-4.600949609733e-19,1.366696536109e-16,-7.199031202741e-18,1.646140947266e+02,3.207108174383e-03,-2.282850846735e+00
