x,y,z,Bx,By,Bz,Ex,Ey,Ez
0.000000000000e+00,0.000000000000e+00,1.000000000000e+00,-3.136682316622e-18,5.840902636420e-16,-6.373317668933e-17,4.341632183652e+02,2.070176775057e-02,-9.755806427412e+00
