x,y,z,Bx,By,Bz,Ex,Ey,Ez
0.000000000000e+00,0.000000000000e+00,1.000000000000e+00,-5.111900796016e-17,4.617775333842e-15,-7.779468961666e-16,1.735621810163e+03,3.726385421867e-01,-7.714691556696e+01
