x,y,z,Bx,By,Bz,Ex,Ey,Ez
0.000000000000e+00,0.000000000000e+00,1.000000000000e+00,-1.501811314698e-17,1.801627076667e-15,-2.880551539838e-16,9.221167776025e+02,1.736198444696e-02,-3.006966631417e+01
