x,y,z,Bx,By,Bz,Ex,Ey,Ez
0.000000000000e+00,0.000000000000e+00,1.000000000000e+00,2.702729259860e-19,7.918389702612e-17,-1.051342272790e-17,-1.143786613230e+02,1.096340535937e-03,-1.322716313659e+00
