x,y,z,Bx,By,Bz,Ex,Ey,Ez
0.000000000000e+00,0.000000000000e+00,1.000000000000e+00,1.852071643785e-19,5.934840736661e-17,4.458376329631e-18,-9.437281244958e+01,-5.811561004036e-04,-9.916150172417e-01
