x,y,z,Bx,By,Bz,Ex,Ey,Ez
0.000000000000e+00,0.000000000000e+00,1.000000000000e+00,2.462909792415e-15,8.422562312240e-14,-9.208169439643e-15,-1.270394986167e+04,-3.268584145228e+00,-1.406547173031e+03
