x,y,z,Bx,By,Bz,Ex,Ey,Ez
0.000000000000e+00,0.000000000000e+00,1.000000000000e+00,2.400576139353e-19,1.036007103723e-16,1.005064173348e-17,-1.367289102331e+02,-2.455204560106e-03,-1.728659857571e+00
