x,y,z,Bx,By,Bz,Ex,Ey,Ez
0.000000000000e+00,0.000000000000e+00,1.000000000000e+00,-7.759307859440e-19,2.179283024323e-16,-6.566836374929e-17,2.247697089066e+02,-2.574034209512e-02,-3.639670407494e+00
