x,y,z,Bx,By,Bz,Ex,Ey,Ez
0.000000000000e+00,0.000000000000e+00,1.000000000000e+00,4.492460415119e-19,1.483828653850e-16,2.137036749023e-17,-1.738949379305e+02,-9.157625494147e-03,-2.478798675841e+00
