x,y,z,Bx,By,Bz,Ex,Ey,Ez
0.000000000000e+00,0.000000000000e+00,1.000000000000e+00,-1.036846998584e-17,1.270498154188e-15,-4.356475517669e-17,7.299411659164e+02,3.367669585395e-02,-2.122482733476e+01
