x,y,z,Bx,By,Bz,Ex,Ey,Ez
0.000000000000e+00,0.000000000000e+00,1.000000000000e+00,-1.000186725864e-16,8.212237598814e-15,-5.814754799377e-16,2.558876244284e+03,3.487746341507e-01,-1.371991294400e+02
