x,y,z,Bx,By,Bz,Ex,Ey,Ez
0.000000000000e+00,0.000000000000e+00,1.000000000000e+00,-5.095476757040e-16,2.463975492643e-14,-1.097437843284e-15,5.395710810071e+03,-9.617612960537e-02,-4.116061314228e+02
