x,y,z,Bx,By,Bz,Ex,Ey,Ez
0.000000000000e+00,0.000000000000e+00,1.000000000000e+00,8.836550045791e-16,3.782137107300e-14,-4.362560754362e-15,-7.259782464628e+03,2.116688552884e+00,-6.322326738881e+02
