x,y,z,Bx,By,Bz,Ex,Ey,Ez
0.000000000000e+00,0.000000000000e+00,1.000000000000e+00,-2.704967103508e-13,3.113216633323e-12,-7.167624553401e-13,2.443518058119e+05,-1.344479730009e+02,-5.194516530822e+04
