x,y,z,Bx,By,Bz,Ex,Ey,Ez
0.000000000000e+00,0.000000000000e+00,1.000000000000e+00,-7.654413991424e-19,2.154150530059e-16,-8.451940140524e-17,2.230529456336e+02,-2.193416609276e-02,-3.597851545998e+00
