x,y,z,Bx,By,Bz,Ex,Ey,Ez
0.000000000000e+00,0.000000000000e+00,1.000000000000e+00,-1.327646838547e-18,2.709105914228e-16,7.420894677758e-18,2.599817129798e+02,5.636051531219e-03,-4.528669884471e+00
