x,y,z,Bx,By,Bz,Ex,Ey,Ez
0.000000000000e+00,0.000000000000e+00,1.000000000000e+00,1.770965992891e-17,2.078398819607e-15,-8.902360231906e-17,-1.014906692398e+03,1.485045838058e-02,-3.471491782101e+01
