x,y,z,Bx,By,Bz,Ex,Ey,Ez
0.000000000000e+00,0.000000000000e+00,1.000000000000e+00,-1.525134202954e-18,3.207656480535e-16,-6.383869964155e-17,2.911157792123e+02,2.507166871539e-02,-5.362166477374e+00
