x,y,z,Bx,By,Bz,Ex,Ey,Ez
0.000000000000e+00,0.000000000000e+00,1.000000000000e+00,1.755351285327e-18,3.023881335122e-16,-5.348943406506e-17,-2.796586506237e+02,-1.869600112213e-03,-5.050345431221e+00
