x,y,z,Bx,By,Bz,Ex,Ey,Ez
0.000000000000e+00,0.000000000000e+00,1.000000000000e+00,-1.701224816898e-15,6.337147400095e-14,-7.869400825473e-15,1.038967162511e+04,9.208146772480e-01,-1.057482930454e+03
