x,y,z,Bx,By,Bz,Ex,Ey,Ez
0.000000000000e+00,0.000000000000e+00,1.000000000000e+00,-3.455520625109e-17,3.239777473049e-15,1.368907318309e-16,1.365769333382e+03,-2.084476458681e-01,-5.407180234878e+01
