x,y,z,Bx,By,Bz,Ex,Ey,Ez
0.000000000000e+00,0.000000000000e+00,1.000000000000e+00,-2.829586948139e-19,8.308344698634e-17,1.285824096872e-17,1.181158642036e+02,3.687961421171e-03,-1.388154393940e+00
