x,y,z,Bx,By,Bz,Ex,Ey,Ez
0.000000000000e+00,0.000000000000e+00,1.000000000000e+00,2.444275141232e-18,5.520859436091e-16,-7.061320411079e-17,-4.178434481756e+02,-3.069960488144e-02,-9.211830106557e+00
