x,y,z,Bx,By,Bz,Ex,Ey,Ez
0.000000000000e+00,0.000000000000e+00,1.000000000000e+00,-2.363227394607e-16,1.372341195942e-14,-1.534796496718e-15,3.623743677505e+03,-9.942763219814e-01,-2.293377177433e+02
