x,y,z,Bx,By,Bz,Ex,Ey,Ez
0.000000000000e+00,0.000000000000e+00,1.000000000000e+00,6.876548046407e-18,1.102866055221e-15,-1.115718852873e-17,-6.636580346872e+02,-1.233555440743e-03,-1.840665302517e+01
