x,y,z,Bx,By,Bz,Ex,Ey,Ez
0.000000000000e+00,0.000000000000e+00,1.000000000000e+00,-6.859756556716e-19,1.903753438854e-16,-8.613611148544e-18,2.055769047445e+02,1.852385693557e-02,-3.184678273694e+00
