x,y,z,Bx,By,Bz,Ex,Ey,Ez
0.000000000000e+00,0.000000000000e+00,1.000000000000e+00,-1.389970032521e-18,2.636840342546e-16,-6.020413042153e-18,2.552943151192e+02,2.081823286255e-03,-4.406929734604e+00
