x,y,z,Bx,By,Bz,Ex,Ey,Ez
0.000000000000e+00,0.000000000000e+00,1.000000000000e+00,8.207406818699e-19,1.728041390547e-16,-3.989141202788e-17,-1.925558732069e+02,6.729937815485e-03,-2.887447558823e+00
