x,y,z,Bx,By,Bz,Ex,Ey,Ez
0.000000000000e+00,0.000000000000e+00,1.000000000000e+00,9.295840394053e-19,2.718202020794e-16,2.176274583402e-18,-2.604363499919e+02,2.671385819205e-03,-4.539556156780e+00
