x,y,z,Bx,By,Bz,Ex,Ey,Ez
0.000000000000e+00,0.000000000000e+00,1.000000000000e+00,-3.693563723913e-19,1.110687402535e-16,6.794004317125e-18,1.433973290345e+02,2.063960159591e-03,-1.856475378085e+00
