x,y,z,Bx,By,Bz,Ex,Ey,Ez
0.000000000000e+00,0.000000000000e+00,1.000000000000e+00,-3.971352643177e-19,1.209418939630e-16,-3.385775490720e-17,1.517197114060e+02,-8.515736356815e-04,-2.019988107287e+00
