x,y,z,Bx,By,Bz,Ex,Ey,Ez
0.000000000000e+00,0.000000000000e+00,1.000000000000e+00,-4.824414274890e-13,4.828178650327e-12,-1.378055910155e-12,3.858953453597e+05,-1.894254524759e+02,-8.053898646527e+04
