x,y,z,Bx,By,Bz,Ex,Ey,Ez
0.000000000000e+00,0.000000000000e+00,1.000000000000e+00,-2.085912259829e-19,9.240598060903e-17,-9.000069325851e-18,1.267741839097e+02,-5.369712938058e-03,-1.543250524435e+00
