x,y,z,Bx,By,Bz,Ex,Ey,Ez
0.000000000000e+00,0.000000000000e+00,1.000000000000e+00,1.619464613649e-18,3.584974455079e-16,-2.649761711167e-17,-3.132546444639e+02,9.256627121999e-03,-5.985658399089e+00
