x,y,z,Bx,By,Bz,Ex,Ey,Ez
0.000000000000e+00,0.000000000000e+00,1.000000000000e+00,3.268277422936e-16,1.832516865346e-14,-7.668032672068e-16,-4.406410586966e+03,-1.336116615557e-01,-3.059478720473e+02
