x,y,z,Bx,By,Bz,Ex,Ey,Ez
0.000000000000e+00,0.000000000000e+00,1.000000000000e+00,-1.765861458018e-19,5.935594751627e-17,-1.177566863867e-17,9.437801950810e+01,3.462848837235e-03,-9.915935649027e-01
