x,y,z,Bx,By,Bz,Ex,Ey,Ez
0.000000000000e+00,0.000000000000e+00,1.000000000000e+00,-2.173579059367e-17,2.517427037204e-15,-4.603192432265e-16,1.155103586255e+03,-1.356734706373e-01,-4.207762919343e+01
