x,y,z,Bx,By,Bz,Ex,Ey,Ez
0.000000000000e+00,0.000000000000e+00,1.000000000000e+00,-1.298481166475e-18,2.893386727739e-16,1.915479909745e-17,2.716024330593e+02,2.191933112803e-02,-4.834810105703e+00
