x,y,z,Bx,By,Bz,Ex,Ey,Ez
0.000000000000e+00,0.000000000000e+00,1.000000000000e+00,3.084263529218e-16,1.760406463723e-14,-7.844018787946e-16,-4.287741186706e+03,-3.107309412204e-01,-2.939216126017e+02
