x,y,z,Bx,By,Bz,Ex,Ey,Ez
0.000000000000e+00,0.000000000000e+00,1.000000000000e+00,-7.420805258972e-14,1.145844566537e-12,-1.739082101186e-13,9.549423297164e+04,-5.494526805502e+01,-1.913932702492e+04
