x,y,z,Bx,By,Bz,Ex,Ey,Ez
0.000000000000e+00,0.000000000000e+00,1.000000000000e+00,-8.540190197270e-18,1.166068836205e-15,-6.659884063813e-17,6.890242728140e+02,1.039680321133e-02,-1.947131705574e+01
