x,y,z,Bx,By,Bz,Ex,Ey,Ez
0.000000000000e+00,0.000000000000e+00,1.000000000000e+00,-5.498832573469e-16,2.605442365546e-14,-1.097099258025e-15,5.607313156573e+03,2.761536743007e-01,-4.353638573782e+02
