x,y,z,Bx,By,Bz,Ex,Ey,Ez
0.000000000000e+00,0.000000000000e+00,1.000000000000e+00,4.604370963406e-19,1.398962886994e-16,-1.805956291170e-17,-1.672615016087e+02,-1.368541804386e-02,-2.337976855670e+00
