x,y,z,Bx,By,Bz,Ex,Ey,Ez
0.000000000000e+00,0.000000000000e+00,1.000000000000e+00,3.542932294989e-19,1.215687176814e-16,-2.152833165327e-17,-1.523021009267e+02,7.691424993814e-03,-2.031571000345e+00
