x,y,z,Bx,By,Bz,Ex,Ey,Ez
0.000000000000e+00,0.000000000000e+00,1.000000000000e+00,2.631216411546e-18,4.416884612585e-16,-2.970586805331e-17,-3.602780731594e+02,1.253268377321e-02,-7.379818333323e+00
