x,y,z,Bx,By,Bz,Ex,Ey,Ez
0.000000000000e+00,0.000000000000e+00,1.000000000000e+00,-1.112221616991e-13,1.568931413889e-12,-2.688779258342e-13,1.264840748921e+05,-6.403082384140e+01,-2.619767458486e+04
