x,y,z,Bx,By,Bz,Ex,Ey,Ez
0.000000000000e+00,0.000000000000e+00,1.000000000000e+00,2.567039041261e-13,2.957867996946e-12,-6.375365472746e-13,-2.323033011320e+05,2.735045089220e+02,-4.944504279333e+04
