x,y,z,Bx,By,Bz,Ex,Ey,Ez
0.000000000000e+00,0.000000000000e+00,1.000000000000e+00,-1.454617981274e-15,5.708626108864e-14,-7.298789218024e-15,9.658242752673e+03,1.981636986740e+00,-9.527339422788e+02
