x,y,z,Bx,By,Bz,Ex,Ey,Ez
0.000000000000e+00,0.000000000000e+00,1.000000000000e+00,-3.042678170570e-18,5.729113735593e-16,-7.244291865317e-17,4.286201155388e+02,2.247107376989e-02,-9.569981744902e+00
