x,y,z,Bx,By,Bz,Ex,Ey,Ez
0.000000000000e+00,0.000000000000e+00,1.000000000000e+00,-6.215910449781e-17,5.161032095226e-15,-9.414103799591e-16,1.870148465964e+03,1.003467750132e-01,-8.618150730045e+01
