x,y,z,Bx,By,Bz,Ex,Ey,Ez
0.000000000000e+00,0.000000000000e+00,1.000000000000e+00,-2.375745177955e-19,7.998422742498e-17,5.051255694287e-18,1.151302315568e+02,-6.890253993348e-04,-1.335888154060e+00
