x,y,z,Bx,By,Bz,Ex,Ey,Ez
0.000000000000e+00,0.000000000000e+00,1.000000000000e+00,8.285665518688e-19,1.967648198998e-16,-6.079502948028e-18,-2.098894236456e+02,4.727214299779e-03,-3.285568588000e+00
