x,y,z,Bx,By,Bz,Ex,Ey,Ez
0.000000000000e+00,0.000000000000e+00,1.000000000000e+00,-4.461853366048e-19,1.323906404849e-16,1.048291427433e-17,1.611797328063e+02,5.839702967168e-04,-2.211964636060e+00
