x,y,z,Bx,By,Bz,Ex,Ey,Ez
0.000000000000e+00,0.000000000000e+00,1.000000000000e+00,-4.032910981967e-18,6.508906888396e-16,-5.823924313929e-17,4.666798210399e+02,2.254732542094e-02,-1.086906537190e+01
