x,y,z,Bx,By,Bz,Ex,Ey,Ez
0.000000000000e+00,0.000000000000e+00,1.000000000000e+00,-1.372060039305e-18,2.531256698177e-16,-9.958329433624e-19,2.482908655708e+02,-1.487914011312e-03,-4.227134522562e+00
