x,y,z,Bx,By,Bz,Ex,Ey,Ez
0.000000000000e+00,0.000000000000e+00,1.000000000000e+00,-5.845160334470e-15,1.602012820641e-13,-1.681969063314e-14,2.017508324964e+04,3.382831682198e+00,-2.677696128763e+03
