x,y,z,Bx,By,Bz,Ex,Ey,Ez
0.000000000000e+00,0.000000000000e+00,1.000000000000e+00,1.516667211305e-17,1.825232684994e-15,-5.072318012906e-17,-9.305051937278e+02,-7.009159571155e-02,-3.049555048306e+01
