x,y,z,Bx,By,Bz,Ex,Ey,Ez
0.000000000000e+00,0.000000000000e+00,1.000000000000e+00,9.214618562687e-17,6.813011301180e-15,-5.001324366783e-16,-2.254319385831e+03,1.454839273942e-01,-1.137800360199e+02
