x,y,z,Bx,By,Bz,Ex,Ey,Ez
0.000000000000e+00,0.000000000000e+00,1.000000000000e+00,-7.237659837150e-18,1.059130318562e-15,-2.315738042624e-17,6.463261506330e+02,-1.421852236302e-02,-1.769609138375e+01
