x,y,z,Bx,By,Bz,Ex,Ey,Ez
0.000000000000e+00,0.000000000000e+00,1.000000000000e+00,-4.496897083029e-19,1.353119371664e-16,3.104726239422e-19,1.635285363446e+02,2.735242602222e-03,-2.260375394189e+00
