x,y,z,Bx,By,Bz,Ex,Ey,Ez
0.000000000000e+00,0.000000000000e+00,1.000000000000e+00,-4.552202449916e-19,1.361245711401e-16,-4.052606842953e-18,1.641785359434e+02,3.067324265409e-03,-2.273824820295e+00
