x,y,z,Bx,By,Bz,Ex,Ey,Ez
0.000000000000e+00,0.000000000000e+00,1.000000000000e+00,4.953801591153e-19,1.092166592390e-16,9.119218370749e-18,-1.416360247190e+02,4.079210336918e-03,-1.822621274511e+00
