x,y,z,Bx,By,Bz,Ex,Ey,Ez
0.000000000000e+00,0.000000000000e+00,1.000000000000e+00,-1.267087193981e-18,2.813246871081e-16,2.351175279740e-17,2.665882977675e+02,1.425103913453e-02,-4.702004929373e+00
