x,y,z,Bx,By,Bz,Ex,Ey,Ez
0.000000000000e+00,0.000000000000e+00,1.000000000000e+00,-3.798351922838e-18,6.359647511273e-16,-5.080983790646e-17,4.594797191943e+02,2.192489478981e-02,-1.061927516424e+01
