x,y,z,Bx,By,Bz,Ex,Ey,Ez
0.000000000000e+00,0.000000000000e+00,1.000000000000e+00,-1.378371225302e-18,2.968584947928e-16,6.454322786475e-19,2.762910769497e+02,2.758835771089e-02,-4.959939941277e+00
