x,y,z,Bx,By,Bz,Ex,Ey,Ez
0.000000000000e+00,0.000000000000e+00,1.000000000000e+00,2.799951166941e-19,8.239516166690e-17,-2.234280219964e-17,-1.174679610705e+02,-1.516537967357e-03,-1.376588827078e+00
