x,y,z,Bx,By,Bz,Ex,Ey,Ez
0.000000000000e+00,0.000000000000e+00,1.000000000000e+00,4.729377509198e-15,1.367145741288e-13,-1.457688365623e-14,-1.796224981944e+04,-7.667674211519e+00,-2.283220588797e+03
