x,y,z,Bx,By,Bz,Ex,Ey,Ez
0.000000000000e+00,0.000000000000e+00,1.000000000000e+00,2.915779400654e-19,9.380296133585e-17,-1.675211963320e-17,-1.281082806055e+02,1.120096703990e-04,-1.567698390093e+00
