x,y,z,Bx,By,Bz,Ex,Ey,Ez
0.000000000000e+00,0.000000000000e+00,1.000000000000e+00,-4.670487244895e-17,4.225664115239e-15,-3.698631302004e-16,1.635115495619e+03,4.452454213871e-01,-7.063492669875e+01
