x,y,z,Bx,By,Bz,Ex,Ey,Ez
0.000000000000e+00,0.000000000000e+00,1.000000000000e+00,-3.765617634763e-18,6.338659770756e-16,-5.013629731990e-17,4.584649426003e+02,2.178357740749e-02,-1.058421689226e+01
