x,y,z,Bx,By,Bz,Ex,Ey,Ez
0.000000000000e+00,0.000000000000e+00,1.000000000000e+00,2.368737452019e-18,4.229502176441e-16,-1.421165634630e-17,-3.499197803779e+02,7.957275191846e-03,-7.064772553940e+00
