x,y,z,Bx,By,Bz,Ex,Ey,Ez
0.000000000000e+00,0.000000000000e+00,1.000000000000e+00,8.440593905239e-19,2.162155724945e-16,-3.970058772795e-17,-2.237164501990e+02,-2.643991889964e-05,-3.614649714539e+00
