x,y,z,Bx,By,Bz,Ex,Ey,Ez
0.000000000000e+00,0.000000000000e+00,1.000000000000e+00,-2.065211544513e-19,7.801050817362e-17,-1.243542932037e-17,1.132474685970e+02,-9.797710297083e-04,-1.303206198776e+00
