x,y,z,Bx,By,Bz,Ex,Ey,Ez
0.000000000000e+00,0.000000000000e+00,1.000000000000e+00,2.717019100396e-19,8.875186560884e-17,6.922070512671e-18,-1.234513935149e+02,-1.623935581315e-03,-1.483173603189e+00
