x,y,z,Bx,By,Bz,Ex,Ey,Ez
0.000000000000e+00,0.000000000000e+00,1.000000000000e+00,-6.672072274602e-16,3.063737203043e-14,-1.470837785090e-15,6.272071819364e+03,1.574680590381e+00,-5.123203285952e+02
