x,y,z,Bx,By,Bz,Ex,Ey,Ez
0.000000000000e+00,0.000000000000e+00,1.000000000000e+00,-3.978958056225e-19,1.020340882194e-16,-1.883223608581e-17,1.354310012304e+02,1.539594686998e-03,-1.704014621382e+00
