x,y,z,Bx,By,Bz,Ex,Ey,Ez
0.000000000000e+00,0.000000000000e+00,1.000000000000e+00,3.489529272068e-17,3.508006182609e-15,-3.912294422747e-16,-1.442644999321e+03,1.901347314066e-02,-5.860466643872e+01
