x,y,z,Bx,By,Bz,Ex,Ey,Ez
0.000000000000e+00,0.000000000000e+00,1.000000000000e+00,2.920826284036e-14,5.495145454621e-13,-6.805061448435e-14,-5.153234089731e+04,-5.245781798534e+00,-9.176899727596e+03
