x,y,z,Bx,By,Bz,Ex,Ey,Ez
0.000000000000e+00,0.000000000000e+00,1.000000000000e+00,-9.207973848933e-17,7.487454164803e-15,-2.891640958832e-16,2.405199706254e+03,1.857087981289e-01,-1.252137920339e+02
