x,y,z,Bx,By,Bz,Ex,Ey,Ez
0.000000000000e+00,0.000000000000e+00,1.000000000000e+00,-1.199259503647e-17,1.649658036147e-15,-2.684600808944e-16,8.695493987343e+02,8.654213154287e-02,-2.754713809636e+01
