x,y,z,Bx,By,Bz,Ex,Ey,Ez
0.000000000000e+00,0.000000000000e+00,1.000000000000e+00,-1.384697091382e-18,2.543356039052e-16,-3.606078043774e-18,2.491001525079e+02,-9.695540383766e-04,-4.247780890165e+00
