x,y,z,Bx,By,Bz,Ex,Ey,Ez
0.000000000000e+00,0.000000000000e+00,1.000000000000e+00,-1.333950291652e-15,5.385754087545e-14,-6.836998487199e-15,9.274213985090e+03,2.498160991106e+00,-8.990070356605e+02
