x,y,z,Bx,By,Bz,Ex,Ey,Ez
0.000000000000e+00,0.000000000000e+00,1.000000000000e+00,5.689590675109e-18,1.010407585453e-15,-4.394622642256e-17,-6.265350642289e+02,-3.162230576405e-02,-1.688726573725e+01
