x,y,z,Bx,By,Bz,Ex,Ey,Ez
0.000000000000e+00,0.000000000000e+00,1.000000000000e+00,-1.673079049433e-16,1.074312005618e-14,-1.613445366246e-15,3.066576956928e+03,-1.171355657524e-01,-1.792124576033e+02
