x,y,z,Bx,By,Bz,Ex,Ey,Ez
0.000000000000e+00,0.000000000000e+00,1.000000000000e+00,-1.849196316538e-18,3.865695218655e-16,-1.182594497276e-16,3.293481400632e+02,-3.831267848810e-02,-6.449861067636e+00
