x,y,z,Bx,By,Bz,Ex,Ey,Ez
0.000000000000e+00,0.000000000000e+00,1.000000000000e+00,-2.988511324235e-17,3.045593569454e-15,-9.654357866371e-17,1.310466866080e+03,-2.983599423784e-01,-5.082458684404e+01
