x,y,z,Bx,By,Bz,Ex,Ey,Ez
0.000000000000e+00,0.000000000000e+00,1.000000000000e+00,-9.136367676933e-15,2.262019202363e-13,-2.878109625454e-14,2.603621634261e+04,5.449508402843e-01,-3.780145294229e+03
