x,y,z,Bx,By,Bz,Ex,Ey,Ez
0.000000000000e+00,0.000000000000e+00,1.000000000000e+00,6.746067491584e-19,1.898272405265e-16,-3.278107369237e-18,-2.049609632409e+02,1.869286910038e-03,-3.170652728687e+00
