x,y,z,Bx,By,Bz,Ex,Ey,Ez
0.000000000000e+00,0.000000000000e+00,1.000000000000e+00,-1.340220685175e-18,2.695708943910e-16,4.566000049072e-18,2.591199146363e+02,4.817578727800e-03,-4.506206497409e+00
