x,y,z,Bx,By,Bz,Ex,Ey,Ez
0.000000000000e+00,0.000000000000e+00,1.000000000000e+00,5.776463011851e-19,1.599741648720e-16,1.555748503225e-17,-1.827290383837e+02,7.063133308990e-03,-2.669936836194e+00
