x,y,z,Bx,By,Bz,Ex,Ey,Ez
0.000000000000e+00,0.000000000000e+00,1.000000000000e+00,-1.405774232270e-18,2.586334089843e-16,-8.586817225946e-18,2.519632056466e+02,4.822108821603e-04,-4.321093718083e+00
