x,y,z,Bx,By,Bz,Ex,Ey,Ez
0.000000000000e+00,0.000000000000e+00,1.000000000000e+00,2.249174310760e-15,7.886181979246e-14,-8.616505928569e-15,-1.212685996566e+04,-2.757168923303e+00,-1.317043538146e+03
