x,y,z,Bx,By,Bz,Ex,Ey,Ez
0.000000000000e+00,0.000000000000e+00,1.000000000000e+00,9.194168177126e-19,2.690525103712e-16,6.193013617975e-18,-2.587100884734e+02,1.083124416924e-03,-4.494598339197e+00
