x,y,z,Bx,By,Bz,Ex,Ey,Ez
0.000000000000e+00,0.000000000000e+00,1.000000000000e+00,2.161290139623e-11,8.148900316465e-11,-4.855586964134e-11,-5.113821684505e+06,-9.122182441086e+04,-1.362573588299e+06
