x,y,z,Bx,By,Bz,Ex,Ey,Ez
0.000000000000e+00,0.000000000000e+00,1.000000000000e+00,-5.430885692061e-17,4.800816474957e-15,-8.893790368908e-16,1.781461592111e+03,2.900239396773e-01,-8.018432725202e+01
