x,y,z,Bx,By,Bz,Ex,Ey,Ez
0.000000000000e+00,0.000000000000e+00,1.000000000000e+00,-4.591479373683e-19,1.275851308268e-16,6.231804288116e-19,1.572489310984e+02,-3.359693083450e-03,-2.131558557043e+00
