x,y,z,Bx,By,Bz,Ex,Ey,Ez
0.000000000000e+00,0.000000000000e+00,1.000000000000e+00,-1.401009400559e-19,6.244875819475e-17,-7.786900663304e-18,9.767732139528e+01,9.634510923407e-04,-1.043948904584e+00
