x,y,z,Bx,By,Bz,Ex,Ey,Ez
0.000000000000e+00,0.000000000000e+00,1.000000000000e+00,6.587569574569e-16,2.995055379328e-14,-2.773828775937e-15,-6.174613664233e+03,2.389878792418e+00,-5.003412471107e+02
