x,y,z,Bx,By,Bz,Ex,Ey,Ez
0.000000000000e+00,0.000000000000e+00,1.000000000000e+00,3.037927904272e-14,5.663300427045e-13,-7.067007078882e-14,-5.279668688874e+04,-5.156855859380e+00,-9.457760376906e+03
