x,y,z,Bx,By,Bz,Ex,Ey,Ez
0.000000000000e+00,0.000000000000e+00,1.000000000000e+00,1.851938378511e-19,6.453750338986e-17,8.344424498813e-18,-9.979142189128e+01,1.706265652081e-04,-1.078184137054e+00
