x,y,z,Bx,By,Bz,Ex,Ey,Ez
0.000000000000e+00,0.000000000000e+00,1.000000000000e+00,2.886274410781e-19,9.251390626642e-17,-8.709251304067e-18,-1.269191380381e+02,4.794371819594e-04,-1.545978313335e+00
