x,y,z,Bx,By,Bz,Ex,Ey,Ez
0.000000000000e+00,0.000000000000e+00,1.000000000000e+00,-1.698264033293e-19,6.122926399877e-17,-1.529443447356e-17,9.639714983451e+01,1.649364003540e-03,-1.023509735154e+00
