x,y,z,Bx,By,Bz,Ex,Ey,Ez
0.000000000000e+00,0.000000000000e+00,1.000000000000e+00,-2.742727401754e-15,8.860263452507e-14,-8.206599319410e-15,1.316079362648e+04,-8.848289894375e-01,-1.479586351920e+03
