x,y,z,Bx,By,Bz,Ex,Ey,Ez
0.000000000000e+00,0.000000000000e+00,1.000000000000e+00,-1.473401924581e-18,3.695608753455e-16,-1.146761539902e-16,3.197240228442e+02,-1.573851265414e-02,-6.168919325065e+00
