x,y,z,Bx,By,Bz,Ex,Ey,Ez
0.000000000000e+00,0.000000000000e+00,1.000000000000e+00,-6.794105327846e-18,9.440068411017e-16,-2.732105762863e-17,5.983743101635e+02,-5.717197922280e-02,-1.576843793136e+01
