x,y,z,Bx,By,Bz,Ex,Ey,Ez
0.000000000000e+00,0.000000000000e+00,1.000000000000e+00,8.060618771864e-19,1.746285637419e-16,-4.055825303120e-17,-1.939416100826e+02,5.246660391921e-03,-2.918602408164e+00
