x,y,z,Bx,By,Bz,Ex,Ey,Ez
0.000000000000e+00,0.000000000000e+00,1.000000000000e+00,1.629506252425e-18,3.190084782388e-16,-2.012966514194e-17,-2.900498608895e+02,-6.362459160275e-03,-5.334258211324e+00
