x,y,z,Bx,By,Bz,Ex,Ey,Ez
0.000000000000e+00,0.000000000000e+00,1.000000000000e+00,4.149027707231e-18,7.303375142302e-16,-4.588221412302e-17,-5.040785954644e+02,5.030512874243e-02,-1.219990974839e+01
