x,y,z,Bx,By,Bz,Ex,Ey,Ez
0.000000000000e+00,0.000000000000e+00,1.000000000000e+00,-4.165472868839e-18,6.596067798060e-16,-6.437506562578e-17,4.708713362131e+02,2.244667041869e-02,-1.101531810524e+01
