x,y,z,Bx,By,Bz,Ex,Ey,Ez
0.000000000000e+00,0.000000000000e+00,1.000000000000e+00,-2.610217847441e-18,4.870163539208e-16,1.945358679554e-17,3.846319923890e+02,3.248311815430e-02,-8.141638648804e+00
