x,y,z,Bx,By,Bz,Ex,Ey,Ez
0.000000000000e+00,0.000000000000e+00,1.000000000000e+00,-2.852425304000e-19,9.626204478683e-17,1.824286671285e-17,1.302172293604e+02,-1.591536676882e-03,-1.606720179332e+00
