x,y,z,Bx,By,Bz,Ex,Ey,Ez
0.000000000000e+00,0.000000000000e+00,1.000000000000e+00,1.457865510389e-16,9.942843370075e-15,-1.299172801773e-15,-2.913791922901e+03,-1.704430557169e-01,-1.662308781378e+02
