x,y,z,Bx,By,Bz,Ex,Ey,Ez
0.000000000000e+00,0.000000000000e+00,1.000000000000e+00,2.844806892396e-19,8.364099751182e-17,-1.860710016907e-17,-1.186564518770e+02,-2.690026888525e-03,-1.397542042729e+00
