x,y,z,Bx,By,Bz,Ex,Ey,Ez
0.000000000000e+00,0.000000000000e+00,1.000000000000e+00,-1.408196398528e-18,3.355409532341e-16,-7.188011761396e-17,3.000375840035e+02,1.546464556416e-02,-5.609443191227e+00
