x,y,z,Bx,By,Bz,Ex,Ey,Ez
0.000000000000e+00,0.000000000000e+00,1.000000000000e+00,-4.069472198657e-19,1.033083609494e-16,-2.112603968123e-17,1.365761659103e+02,7.472556587010e-04,-1.725646032618e+00
