x,y,z,Bx,By,Bz,Ex,Ey,Ez
0.000000000000e+00,0.000000000000e+00,1.000000000000e+00,-5.417460227369e-16,2.576309276414e-14,-1.093356199904e-15,5.563992774977e+03,1.968873344601e-01,-4.304698575146e+02
