x,y,z,Bx,By,Bz,Ex,Ey,Ez
0.000000000000e+00,0.000000000000e+00,1.000000000000e+00,-2.673162689023e-18,4.683226176028e-16,7.594041095044e-17,3.746831113012e+02,1.219872749526e-02,-7.829694022339e+00
