x,y,z,Bx,By,Bz,Ex,Ey,Ez
0.000000000000e+00,0.000000000000e+00,1.000000000000e+00,1.070870890018e-16,7.553762609608e-15,-6.830601040853e-16,-2.417826448328e+03,1.813746620084e-01,-1.262000698309e+02
