x,y,z,Bx,By,Bz,Ex,Ey,Ez
0.000000000000e+00,0.000000000000e+00,1.000000000000e+00,9.604823725352e-19,2.038730866182e-16,-2.373965865928e-17,-2.150034767915e+02,5.443945249929e-03,-3.406087999887e+00
