x,y,z,Bx,By,Bz,Ex,Ey,Ez
0.000000000000e+00,0.000000000000e+00,1.000000000000e+00,-1.096831746300e-19,6.485896244779e-17,-7.350963764485e-18,1.001105114619e+02,1.072793115992e-03,-1.083152843673e+00
