x,y,z,Bx,By,Bz,Ex,Ey,Ez
0.000000000000e+00,0.000000000000e+00,1.000000000000e+00,-1.534127156877e-18,3.166146066764e-16,-5.790139438720e-17,2.885652489884e+02,2.732020801077e-02,-5.292201716370e+00
