x,y,z,Bx,By,Bz,Ex,Ey,Ez
0.000000000000e+00,0.000000000000e+00,1.000000000000e+00,7.913968018042e-19,1.757407074812e-16,-3.975493542141e-17,-1.947797711861e+02,4.359268603813e-03,-2.937507530183e+00
