x,y,z,Bx,By,Bz,Ex,Ey,Ez
0.000000000000e+00,0.000000000000e+00,1.000000000000e+00,9.256013978497e-19,2.670052353944e-16,8.011369319691e-18,-2.574271237487e+02,-2.115063743241e-04,-4.461276704008e+00
