x,y,z,Bx,By,Bz,Ex,Ey,Ez
0.000000000000e+00,0.000000000000e+00,1.000000000000e+00,-3.412081620482e-18,6.093275971887e-16,-4.999869300407e-17,4.465492353748e+02,2.010703542801e-02,-1.017531025855e+01
