x,y,z,Bx,By,Bz,Ex,Ey,Ez
0.000000000000e+00,0.000000000000e+00,1.000000000000e+00,1.456294515702e-15,5.700596703918e-14,-6.623044825145e-15,-9.659370913158e+03,-4.065509245607e-01,-9.527426571927e+02
