x,y,z,Bx,By,Bz,Ex,Ey,Ez
0.000000000000e+00,0.000000000000e+00,1.000000000000e+00,1.658825440224e-18,2.971352999856e-16,-5.378080208400e-17,-2.763144505524e+02,9.940091230385e-04,-4.960107891017e+00
