x,y,z,Bx,By,Bz,Ex,Ey,Ez
0.000000000000e+00,0.000000000000e+00,1.000000000000e+00,1.020931155855e-18,2.366459963667e-16,-3.009861543518e-17,-2.374125603968e+02,-8.430242270688e-03,-3.951422172399e+00
