x,y,z,Bx,By,Bz,Ex,Ey,Ez
0.000000000000e+00,0.000000000000e+00,1.000000000000e+00,9.166849960484e-19,2.117855640628e-16,-3.810710826038e-17,-2.206431066638e+02,2.382835101023e-03,-3.540590878351e+00
