x,y,z,Bx,By,Bz,Ex,Ey,Ez
0.000000000000e+00,0.000000000000e+00,1.000000000000e+00,2.817034942468e-19,9.140014157257e-17,-1.616975355717e-18,-1.258920930258e+02,2.829308329700e-04,-1.527299667445e+00
