x,y,z,Bx,By,Bz,Ex,Ey,Ez
0.000000000000e+00,0.000000000000e+00,1.000000000000e+00,1.420150498446e-19,6.942728896725e-17,-1.709652787565e-17,-1.048115808948e+02,3.755141832719e-03,-1.160307927376e+00
