x,y,z,Bx,By,Bz,Ex,Ey,Ez
0.000000000000e+00,0.000000000000e+00,1.000000000000e+00,-4.404280485231e-16,2.233630925359e-14,-1.170436616893e-15,5.044249134984e+03,-6.110091346173e-01,-3.729947723802e+02
