x,y,z,Bx,By,Bz,Ex,Ey,Ez
0.000000000000e+00,0.000000000000e+00,1.000000000000e+00,5.992424623479e-16,2.792248626362e-14,-2.256239812680e-15,-5.882139268911e+03,2.227187292301e+00,-4.663574538340e+02
