x,y,z,Bx,By,Bz,Ex,Ey,Ez
0.000000000000e+00,0.000000000000e+00,1.000000000000e+00,-2.767653294851e-18,4.441992289896e-16,9.307958430729e-17,3.615736319282e+02,-2.663754008137e-02,-7.423482889802e+00
