x,y,z,Bx,By,Bz,Ex,Ey,Ez
0.000000000000e+00,0.000000000000e+00,1.000000000000e+00,-9.182086265570e-18,1.199719219488e-15,-6.552884051856e-17,7.022732798169e+02,1.605208570340e-02,-2.003369448710e+01
