x,y,z,Bx,By,Bz,Ex,Ey,Ez
0.000000000000e+00,0.000000000000e+00,1.000000000000e+00,2.300446032398e-15,8.015966180111e-14,-8.757576101706e-15,-1.226736480253e+04,-2.879941241539e+00,-1.338695639448e+03
