x,y,z,Bx,By,Bz,Ex,Ey,Ez
0.000000000000e+00,0.000000000000e+00,1.000000000000e+00,4.293183372521e-16,2.210168543212e-14,-9.937347670623e-16,-5.007758611720e+03,9.511790613358e-01,-3.689824183739e+02
