x,y,z,Bx,By,Bz,Ex,Ey,Ez
0.000000000000e+00,0.000000000000e+00,1.000000000000e+00,-2.186912042746e-19,7.892680375228e-17,-5.270022203100e-18,1.141204165512e+02,-1.153948501625e-03,-1.318322613056e+00
