x,y,z,Bx,By,Bz,Ex,Ey,Ez
0.000000000000e+00,0.000000000000e+00,1.000000000000e+00,-2.505610095956e-15,8.289306171594e-14,-8.144530944998e-15,1.255301200441e+04,-9.180914620103e-01,-1.383937744192e+03
