x,y,z,Bx,By,Bz,Ex,Ey,Ez
0.000000000000e+00,0.000000000000e+00,1.000000000000e+00,2.662971630048e-17,2.655106644445e-15,-2.137192816001e-16,-1.196419277892e+03,5.871247372431e-02,-4.436157811931e+01
