x,y,z,Bx,By,Bz,Ex,Ey,Ez
0.000000000000e+00,0.000000000000e+00,1.000000000000e+00,-5.747481395105e-19,1.465519287303e-16,-4.034738613586e-17,1.725164045700e+02,-4.006600103759e-03,-2.448839460203e+00
