x,y,z,Bx,By,Bz,Ex,Ey,Ez
0.000000000000e+00,0.000000000000e+00,1.000000000000e+00,-6.596278252897e-18,9.265667075179e-16,-4.019791420258e-17,5.909138677087e+02,-6.133187367622e-02,-1.547466724651e+01
