x,y,z,Bx,By,Bz,Ex,Ey,Ez
0.000000000000e+00,0.000000000000e+00,1.000000000000e+00,-3.156775204021e-19,9.746044240629e-17,1.399950252585e-17,1.312964667500e+02,1.086030442317e-04,-1.626730902268e+00
