x,y,z,Bx,By,Bz,Ex,Ey,Ez
0.000000000000e+00,0.000000000000e+00,1.000000000000e+00,-4.036986264459e-17,3.530063623524e-15,2.803365024812e-16,1.447283357572e+03,3.924861743729e-02,-5.895857860965e+01
