x,y,z,Bx,By,Bz,Ex,Ey,Ez
0.000000000000e+00,0.000000000000e+00,1.000000000000e+00,-1.887756663763e-17,1.989693106409e-15,-1.896044537696e-16,9.858479420050e+02,-2.634849631933e-02,-3.322893599533e+01
