x,y,z,Bx,By,Bz,Ex,Ey,Ez
0.000000000000e+00,0.000000000000e+00,1.000000000000e+00,-1.450401616464e-18,3.310808201082e-16,-7.030244996419e-17,2.973723620145e+02,1.848652188134e-02,-5.535164696360e+00
