x,y,z,Bx,By,Bz,Ex,Ey,Ez
0.000000000000e+00,0.000000000000e+00,1.000000000000e+00,5.711006860475e-18,1.018385561551e-15,-3.952074742183e-17,-6.297772474957e+02,-2.982236155534e-02,-1.701823339695e+01
