x,y,z,Bx,By,Bz,Ex,Ey,Ez
0.000000000000e+00,0.000000000000e+00,1.000000000000e+00,3.160780487877e-14,5.838233337398e-13,-7.340685056718e-14,-5.410832209592e+04,-5.080176426097e+00,-9.749942260999e+03
