x,y,z,Bx,By,Bz,Ex,Ey,Ez
0.000000000000e+00,0.000000000000e+00,1.000000000000e+00,2.898912536909e-17,2.893407364535e-15,-2.570139009765e-16,-1.267867520558e+03,6.714780480279e-02,-4.836166733671e+01
