x,y,z,Bx,By,Bz,Ex,Ey,Ez
0.000000000000e+00,0.000000000000e+00,1.000000000000e+00,-5.521566417527e-19,1.495250818518e-16,-3.135191655817e-17,1.748715333885e+02,-6.776285320124e-03,-2.499181500572e+00
