x,y,z,Bx,By,Bz,Ex,Ey,Ez
0.000000000000e+00,0.000000000000e+00,1.000000000000e+00,6.966508885077e-19,1.811313860969e-16,-2.652100799034e-17,-1.987601206670e+02,1.197085609861e-03,-3.027908692051e+00
