x,y,z,Bx,By,Bz,Ex,Ey,Ez
0.000000000000e+00,0.000000000000e+00,1.000000000000e+00,-2.468779246885e-19,7.328764721333e-17,7.135114475835e-18,1.086678276730e+02,-4.349353771798e-04,-1.225091818860e+00
