x,y,z,Bx,By,Bz,Ex,Ey,Ez
0.000000000000e+00,0.000000000000e+00,1.000000000000e+00,4.214378622905e-14,7.283761603564e-13,-9.640513167621e-14,-6.483396294474e+04,-4.287220223821e+00,-1.216427329764e+04
