x,y,z,Bx,By,Bz,Ex,Ey,Ez
0.000000000000e+00,0.000000000000e+00,1.000000000000e+00,4.517756334721e-18,6.335997453749e-16,2.878586611600e-17,-4.583528534406e+02,-1.390665852128e-02,-1.058504153218e+01
