x,y,z,Bx,By,Bz,Ex,Ey,Ez
0.000000000000e+00,0.000000000000e+00,1.000000000000e+00,-9.131469231949e-17,7.375464396308e-15,-2.629623463727e-16,2.380965995324e+03,1.520647094191e-01,-1.233543009164e+02
