x,y,z,Bx,By,Bz,Ex,Ey,Ez
0.000000000000e+00,0.000000000000e+00,1.000000000000e+00,1.094144983541e-18,2.803275262359e-16,-1.839292785042e-17,-2.657234803046e+02,5.574143492998e-03,-4.678155742299e+00
