x,y,z,Bx,By,Bz,Ex,Ey,Ez
0.000000000000e+00,0.000000000000e+00,1.000000000000e+00,1.478112851590e-18,3.506869937481e-16,-1.047687971772e-17,-3.087245727764e+02,7.640278255659e-03,-5.856645376048e+00
