x,y,z,Bx,By,Bz,Ex,Ey,Ez
0.000000000000e+00,0.000000000000e+00,1.000000000000e+00,1.172060360438e-18,2.451684149130e-16,-1.917251694875e-17,-2.431623464627e+02,-9.707939648701e-03,-4.095913599949e+00
