x,y,z,Bx,By,Bz,Ex,Ey,Ez
0.000000000000e+00,0.000000000000e+00,1.000000000000e+00,4.016642599980e-19,1.176361142497e-16,-9.004817160985e-18,-1.490528315681e+02,8.338911038868e-03,-1.967172677378e+00
