x,y,z,Bx,By,Bz,Ex,Ey,Ez
0.000000000000e+00,0.000000000000e+00,1.000000000000e+00,-3.532181884546e-19,1.129484425888e-16,6.223124200840e-19,1.450059197307e+02,3.381446424900e-03,-1.887715596187e+00
