x,y,z,Bx,By,Bz,Ex,Ey,Ez
0.000000000000e+00,0.000000000000e+00,1.000000000000e+00,-9.587195197700e-19,1.803171270817e-16,1.157150346560e-17,1.981647331882e+02,1.093412356506e-02,-3.014906667913e+00
