x,y,z,Bx,By,Bz,Ex,Ey,Ez
0.000000000000e+00,0.000000000000e+00,1.000000000000e+00,-1.445871106371e-17,1.776541382608e-15,-2.962135201319e-16,9.135140761094e+02,2.815437168031e-02,-2.965139735903e+01
