x,y,z,Bx,By,Bz,Ex,Ey,Ez
0.000000000000e+00,0.000000000000e+00,1.000000000000e+00,-1.858948706977e-14,3.900788559071e-13,-5.384755731946e-14,3.942177421386e+04,-2.433356176513e+01,-6.519115815274e+03
