x,y,z,Bx,By,Bz,Ex,Ey,Ez
0.000000000000e+00,0.000000000000e+00,1.000000000000e+00,1.580706993666e-18,3.565291095719e-16,-2.244984627227e-17,-3.121127764049e+02,9.028663690009e-03,-5.953050068594e+00
