x,y,z,Bx,By,Bz,Ex,Ey,Ez
0.000000000000e+00,0.000000000000e+00,1.000000000000e+00,2.929814101537e-19,1.049575473824e-16,1.375571261753e-17,-1.378882358393e+02,-9.796874524837e-04,-1.750735893677e+00
