x,y,z,Bx,By,Bz,Ex,Ey,Ez
0.000000000000e+00,0.000000000000e+00,1.000000000000e+00,1.705426122827e-16,1.148016926771e-14,-1.379435822340e-15,-3.211057175711e+03,-5.460795116806e-01,-1.918705136585e+02
