x,y,z,Bx,By,Bz,Ex,Ey,Ez
0.000000000000e+00,0.000000000000e+00,1.000000000000e+00,-1.155558167827e-15,4.876069213720e-14,-5.861659904701e-15,8.654805893818e+03,3.142552764430e+00,-8.142849265335e+02
