x,y,z,Bx,By,Bz,Ex,Ey,Ez
0.000000000000e+00,0.000000000000e+00,1.000000000000e+00,-9.794065317735e-19,1.769697724242e-16,8.234812571005e-18,1.955990644422e+02,8.091609855015e-03,-2.956697153981e+00
