x,y,z,Bx,By,Bz,Ex,Ey,Ez
0.000000000000e+00,0.000000000000e+00,1.000000000000e+00,-1.356058189535e-18,3.603653490142e-16,-9.975779442556e-17,3.144846601267e+02,-5.083879927482e-03,-6.018103774702e+00
