x,y,z,Bx,By,Bz,Ex,Ey,Ez
0.000000000000e+00,0.000000000000e+00,1.000000000000e+00,9.008628106561e-17,6.715040668997e-15,-4.798403989530e-16,-2.232329469475e+03,1.358257453471e-01,-1.121402195854e+02
