x,y,z,Bx,By,Bz,Ex,Ey,Ez
0.000000000000e+00,0.000000000000e+00,1.000000000000e+00,-9.553074801469e-18,1.219451874184e-15,-6.119734980027e-17,7.100155105940e+02,1.997950896114e-02,-2.036477794426e+01
