x,y,z,Bx,By,Bz,Ex,Ey,Ez
0.000000000000e+00,0.000000000000e+00,1.000000000000e+00,3.579505127526e-17,3.570427728056e-15,-3.994983572990e-16,-1.459770577173e+03,1.169957794584e-02,-5.964293752422e+01
