x,y,z,Bx,By,Bz,Ex,Ey,Ez
0.000000000000e+00,0.000000000000e+00,1.000000000000e+00,1.110849146316e-18,2.405907296648e-16,-2.597174676312e-17,-2.400703991216e+02,-9.308349746912e-03,-4.018000920966e+00
