x,y,z,Bx,By,Bz,Ex,Ey,Ez
0.000000000000e+00,0.000000000000e+00,1.000000000000e+00,4.641513775859e-19,1.390584944444e-16,-2.235343471413e-17,-1.665973219983e+02,-1.334730164953e-02,-2.324026324886e+00
