x,y,z,Bx,By,Bz,Ex,Ey,Ez
0.000000000000e+00,0.000000000000e+00,1.000000000000e+00,1.001736911193e-15,4.196566969060e-14,-4.989026262526e-15,-7.803869289140e+03,1.692262318900e+00,-7.015957099394e+02
