x,y,z,Bx,By,Bz,Ex,Ey,Ez
0.000000000000e+00,0.000000000000e+00,1.000000000000e+00,-2.128095874661e-19,7.853297326026e-17,-8.712033203925e-18,1.137451275941e+02,-1.136307697942e-03,-1.311815406150e+00
