x,y,z,Bx,By,Bz,Ex,Ey,Ez
0.000000000000e+00,0.000000000000e+00,1.000000000000e+00,2.271264831096e-17,2.392568383137e-15,-1.981753109175e-16,-1.115315876385e+03,5.096214954030e-02,-3.995602978578e+01
