x,y,z,Bx,By,Bz,Ex,Ey,Ez
0.000000000000e+00,0.000000000000e+00,1.000000000000e+00,2.006633889075e-12,1.362304646939e-11,-6.775327939052e-12,-1.218094377971e+06,1.929077374957e+03,-2.277161931179e+05
