x,y,z,Bx,By,Bz,Ex,Ey,Ez
0.000000000000e+00,0.000000000000e+00,1.000000000000e+00,-1.336477360227e-16,9.642818322994e-15,-1.310570483904e-15,2.850122392931e+03,2.453866518987e-01,-1.608467104218e+02
