x,y,z,Bx,By,Bz,Ex,Ey,Ez
0.000000000000e+00,0.000000000000e+00,1.000000000000e+00,1.785122147822e-19,6.768388728605e-17,-3.364204280746e-19,-1.030588212398e+02,4.115166840432e-03,-1.131447271135e+00
