x,y,z,Bx,By,Bz,Ex,Ey,Ez
0.000000000000e+00,0.000000000000e+00,1.000000000000e+00,6.185421224466e-16,2.857776656883e-14,-2.425908719685e-15,-5.977272624778e+03,2.295458241491e+00,-4.773357878956e+02
