x,y,z,Bx,By,Bz,Ex,Ey,Ez
0.000000000000e+00,0.000000000000e+00,1.000000000000e+00,7.311675709721e-17,5.869811274032e-15,-3.685138667165e-16,-2.038681608476e+03,1.920277432020e-02,-9.802346920199e+01
