x,y,z,Bx,By,Bz,Ex,Ey,Ez
0.000000000000e+00,0.000000000000e+00,1.000000000000e+00,4.488747778498e-19,1.459700070750e-16,1.232575810111e-17,-1.720247467503e+02,-1.175346375447e-02,-2.438840430274e+00
