x,y,z,Bx,By,Bz,Ex,Ey,Ez
0.000000000000e+00,0.000000000000e+00,1.000000000000e+00,-2.135882241995e-18,3.976064544857e-16,-9.189539345518e-17,3.355692854111e+02,-5.071107915561e-02,-6.634195995834e+00
