x,y,z,Bx,By,Bz,Ex,Ey,Ez
0.000000000000e+00,0.000000000000e+00,1.000000000000e+00,4.628524928440e-19,1.393369142588e-16,-2.094025529028e-17,-1.668182819680e+02,-1.347591277583e-02,-2.328664107378e+00
