x,y,z,Bx,By,Bz,Ex,Ey,Ez
0.000000000000e+00,0.000000000000e+00,1.000000000000e+00,-6.961998534954e-18,9.655222031640e-16,-1.562418418711e-17,6.075185536894e+02,-5.037180754460e-02,-1.613079324073e+01
