x,y,z,Bx,By,Bz,Ex,Ey,Ez
0.000000000000e+00,0.000000000000e+00,1.000000000000e+00,4.362038904978e-18,6.633604016371e-16,4.464712729879e-17,-4.728487087514e+02,1.066335318159e-02,-1.108985787520e+01
