x,y,z,Bx,By,Bz,Ex,Ey,Ez
0.000000000000e+00,0.000000000000e+00,1.000000000000e+00,-7.291116877237e-19,1.886814582834e-16,-2.150166673801e-19,2.043615290833e+02,1.781852505018e-02,-3.156674939326e+00
