x,y,z,Bx,By,Bz,Ex,Ey,Ez
0.000000000000e+00,0.000000000000e+00,1.000000000000e+00,-8.227073286737e-17,6.156882715672e-15,-4.581993257887e-16,2.107241876296e+03,-1.460922171406e-01,-1.029306828917e+02
