x,y,z,Bx,By,Bz,Ex,Ey,Ez
0.000000000000e+00,0.000000000000e+00,1.000000000000e+00,1.062150494348e-18,2.383309705036e-16,-2.852460124319e-17,-2.385462721903e+02,-8.854427970563e-03,-3.979775852321e+00
