x,y,z,Bx,By,Bz,Ex,Ey,Ez
0.000000000000e+00,0.000000000000e+00,1.000000000000e+00,-1.931224514024e-17,2.018511638281e-15,-1.802200603079e-16,9.954916746713e+02,-2.776588564317e-02,-3.371560765321e+01
