x,y,z,Bx,By,Bz,Ex,Ey,Ez
0.000000000000e+00,0.000000000000e+00,1.000000000000e+00,-1.076146909871e-17,1.307837181861e-15,-3.192734621221e-17,7.443970355365e+02,4.690995599382e-02,-2.185563653177e+01
