x,y,z,Bx,By,Bz,Ex,Ey,Ez
0.000000000000e+00,0.000000000000e+00,1.000000000000e+00,-6.075843616307e-19,1.983325631976e-16,-6.595349360836e-17,2.111861392294e+02,1.473820068024e-02,-3.314938604797e+00
