x,y,z,Bx,By,Bz,Ex,Ey,Ez
0.000000000000e+00,0.000000000000e+00,1.000000000000e+00,2.394651910758e-17,2.467644336194e-15,-2.057943010371e-16,-1.138760108675e+03,5.218391251561e-02,-4.121419244856e+01
