x,y,z,Bx,By,Bz,Ex,Ey,Ez
0.000000000000e+00,0.000000000000e+00,1.000000000000e+00,9.973791359201e-19,2.610295968958e-16,7.455179130888e-18,-2.536376034833e+02,-4.140729410468e-03,-4.363299124715e+00
