x,y,z,Bx,By,Bz,Ex,Ey,Ez
0.000000000000e+00,0.000000000000e+00,1.000000000000e+00,-6.205221426222e-19,1.942927974516e-16,-3.467419816105e-17,2.083531535744e+02,1.828072995704e-02,-3.248923758598e+00
