x,y,z,Bx,By,Bz,Ex,Ey,Ez
0.000000000000e+00,0.000000000000e+00,1.000000000000e+00,9.923326081004e-19,2.355268998714e-16,-3.100482571107e-17,-2.366611759665e+02,-8.114681075372e-03,-3.932668534002e+00
