x,y,z,Bx,By,Bz,Ex,Ey,Ez
0.000000000000e+00,0.000000000000e+00,1.000000000000e+00,3.415902936140e-16,1.889185803257e-14,-7.664249401635e-16,-4.498727592133e+03,1.615848146935e-02,-3.154006916251e+02
