x,y,z,Bx,By,Bz,Ex,Ey,Ez
0.000000000000e+00,0.000000000000e+00,1.000000000000e+00,1.466063327663e-14,3.249151550148e-13,-3.557415126829e-14,-3.415088017821e+04,-9.284859191622e+00,-5.426701580856e+03
