x,y,z,Bx,By,Bz,Ex,Ey,Ez
0.000000000000e+00,0.000000000000e+00,1.000000000000e+00,1.941401598149e-19,6.523313634270e-17,1.143934340546e-17,-1.005141851138e+02,1.122127746179e-03,-1.089917336847e+00
