x,y,z,Bx,By,Bz,Ex,Ey,Ez
0.000000000000e+00,0.000000000000e+00,1.000000000000e+00,-5.713523881738e-19,1.450984889585e-16,-4.159027660364e-17,1.713553999816e+02,-2.376234494993e-03,-2.424169319228e+00
