x,y,z,Bx,By,Bz,Ex,Ey,Ez
0.000000000000e+00,0.000000000000e+00,1.000000000000e+00,6.205568327827e-18,1.068072693112e-15,-1.885022127955e-17,-6.497789356589e+02,-1.465842920702e-02,-1.783358125011e+01
