x,y,z,Bx,By,Bz,Ex,Ey,Ez
0.000000000000e+00,0.000000000000e+00,1.000000000000e+00,-1.284098223029e-18,2.763857154715e-16,1.805906052573e-17,2.634731323493e+02,9.740607748805e-03,-4.620030839102e+00
