x,y,z,Bx,By,Bz,Ex,Ey,Ez
0.000000000000e+00,0.000000000000e+00,1.000000000000e+00,5.202485274255e-17,4.560281207201e-15,-3.927380033257e-16,-1.720426452421e+03,-8.154601797425e-02,-7.616697775767e+01
