x,y,z,Bx,By,Bz,Ex,Ey,Ez
0.000000000000e+00,0.000000000000e+00,1.000000000000e+00,4.060296021084e-15,1.219443175540e-13,-1.315610015087e-14,-1.654108756667e+04,-6.731134299912e+00,-2.036492422565e+03
