x,y,z,Bx,By,Bz,Ex,Ey,Ez
0.000000000000e+00,0.000000000000e+00,1.000000000000e+00,4.516709429813e-19,1.430321884818e-16,-1.625917801817e-18,-1.697310005559e+02,-1.362363440485e-02,-2.390098064075e+00
