x,y,z,Bx,By,Bz,Ex,Ey,Ez
0.000000000000e+00,0.000000000000e+00,1.000000000000e+00,4.628214211072e-19,1.527502821632e-16,2.997553873239e-17,-1.772468873138e+02,-2.974602823474e-03,-2.550869204197e+00
