x,y,z,Bx,By,Bz,Ex,Ey,Ez
0.000000000000e+00,0.000000000000e+00,1.000000000000e+00,-4.910427744052e-17,4.472218115795e-15,-6.495839928317e-16,1.698714360616e+03,4.202126667493e-01,-7.473234559476e+01
