x,y,z,Bx,By,Bz,Ex,Ey,Ez
0.000000000000e+00,0.000000000000e+00,1.000000000000e+00,2.983173021111e-17,3.007003014783e-15,-2.886253208431e-16,-1.301160895049e+03,6.457242767413e-02,-5.026269753933e+01
