x,y,z,Bx,By,Bz,Ex,Ey,Ez
0.000000000000e+00,0.000000000000e+00,1.000000000000e+00,2.793699283154e-19,8.225810003250e-17,-2.245892431950e-17,-1.173369284650e+02,-1.371881353889e-03,-1.374286492913e+00
