x,y,z,Bx,By,Bz,Ex,Ey,Ez
0.000000000000e+00,0.000000000000e+00,1.000000000000e+00,4.064143658597e-18,7.176473618938e-16,-2.019960773442e-17,-4.982727515211e+02,4.691755948736e-02,-1.199106814777e+01
