x,y,z,Bx,By,Bz,Ex,Ey,Ez
0.000000000000e+00,0.000000000000e+00,1.000000000000e+00,5.838960182142e-18,1.038713805570e-15,-2.967036621882e-17,-6.379954821983e+02,-2.434960935788e-02,-1.735171198926e+01
