x,y,z,Bx,By,Bz,Ex,Ey,Ez
0.000000000000e+00,0.000000000000e+00,1.000000000000e+00,-2.301190377270e-19,7.958653207190e-17,1.148517348389e-18,1.147499616749e+02,-9.550427573971e-04,-1.329264577521e+00
