x,y,z,Bx,By,Bz,Ex,Ey,Ez
0.000000000000e+00,0.000000000000e+00,1.000000000000e+00,2.493686899389e-19,7.567473949507e-17,1.001110979872e-18,-1.109259326182e+02,-2.240659711371e-04,-1.263339313183e+00
