x,y,z,Bx,By,Bz,Ex,Ey,Ez
0.000000000000e+00,0.000000000000e+00,1.000000000000e+00,6.622834126868e-19,1.630241102765e-16,9.127829734641e-20,-1.850496891210e+02,9.453638133823e-03,-2.720797640508e+00
