x,y,z,Bx,By,Bz,Ex,Ey,Ez
0.000000000000e+00,0.000000000000e+00,1.000000000000e+00,1.772232560801e-15,6.625308995153e-14,-7.381994794828e-15,-1.072936247467e+04,-1.526340293890e+00,-1.106841482143e+03
