x,y,z,Bx,By,Bz,Ex,Ey,Ez
0.000000000000e+00,0.000000000000e+00,1.000000000000e+00,-2.226189577042e-13,2.681507864526e-12,-5.769072052880e-13,2.104989094638e+05,-1.142350540064e+02,-4.474826959045e+04
