x,y,z,Bx,By,Bz,Ex,Ey,Ez
0.000000000000e+00,0.000000000000e+00,1.000000000000e+00,-4.632320496783e-17,4.173482161842e-15,-3.044092261991e-16,1.621461642534e+03,4.395897293870e-01,-6.976540187167e+01
