x,y,z,Bx,By,Bz,Ex,Ey,Ez
0.000000000000e+00,0.000000000000e+00,1.000000000000e+00,1.747631477311e-19,6.087425206643e-17,-8.473899183410e-18,-9.600216538004e+01,-2.288273813478e-04,-1.017348739549e+00
