x,y,z,Bx,By,Bz,Ex,Ey,Ez
0.000000000000e+00,0.000000000000e+00,1.000000000000e+00,8.416882228001e-17,6.431885574754e-15,-4.283751411911e-16,-2.168270745185e+03,1.021681936705e-01,-1.074054915723e+02
