x,y,z,Bx,By,Bz,Ex,Ey,Ez
0.000000000000e+00,0.000000000000e+00,1.000000000000e+00,8.139028114089e-17,6.296121810591e-15,-4.082206251730e-16,-2.137279412844e+03,8.343690994381e-02,-1.051376598554e+02
