x,y,z,Bx,By,Bz,Ex,Ey,Ez
0.000000000000e+00,0.000000000000e+00,1.000000000000e+00,4.604569690283e-19,1.156606551013e-16,-5.068589270211e-18,-1.473750634827e+02,7.932816393175e-03,-1.934190082995e+00
