x,y,z,Bx,By,Bz,Ex,Ey,Ez
0.000000000000e+00,0.000000000000e+00,1.000000000000e+00,-1.404288297980e-18,2.605087265511e-16,-8.610152413596e-18,2.532049018922e+02,1.042969250983e-03,-4.353022197824e+00
