x,y,z,Bx,By,Bz,Ex,Ey,Ez
0.000000000000e+00,0.000000000000e+00,1.000000000000e+00,-2.122231776219e-17,2.353162112869e-15,-3.411459029286e-16,1.104171754339e+03,-5.955150706491e-02,-3.934428372906e+01
