x,y,z,Bx,By,Bz,Ex,Ey,Ez
0.000000000000e+00,0.000000000000e+00,1.000000000000e+00,2.140585127921e-19,9.908531791907e-17,-1.510249207462e-17,-1.328673538342e+02,-3.957440996640e-03,-1.655797257492e+00
