x,y,z,Bx,By,Bz,Ex,Ey,Ez
0.000000000000e+00,0.000000000000e+00,1.000000000000e+00,-1.293819125842e-17,1.703762765093e-15,-2.960432652108e-16,8.883970475097e+02,6.252543433613e-02,-2.844229568939e+01
