x,y,z,Bx,By,Bz,Ex,Ey,Ez
0.000000000000e+00,0.000000000000e+00,1.000000000000e+00,-6.000013787361e-15,1.635168341219e-13,-1.740687874875e-14,2.048006278317e+04,3.414724758683e+00,-2.733091537682e+03
