x,y,z,Bx,By,Bz,Ex,Ey,Ez
0.000000000000e+00,0.000000000000e+00,1.000000000000e+00,2.414980523897e-17,2.480450733883e-15,-2.065282946692e-16,-1.142738972784e+03,5.241540324744e-02,-4.142898324528e+01
