x,y,z,Bx,By,Bz,Ex,Ey,Ez
0.000000000000e+00,0.000000000000e+00,1.000000000000e+00,2.705609283944e-19,7.957560327572e-17,-1.312749683651e-17,-1.147584443501e+02,9.600650388050e-04,-1.329295362065e+00
