x,y,z,Bx,By,Bz,Ex,Ey,Ez
0.000000000000e+00,0.000000000000e+00,1.000000000000e+00,3.761209134706e-19,1.187686562870e-16,-1.193451846348e-17,-1.499975195754e+02,8.377349111287e-03,-1.985822876634e+00
