x,y,z,Bx,By,Bz,Ex,Ey,Ez
0.000000000000e+00,0.000000000000e+00,1.000000000000e+00,1.418046762580e-14,3.167552723947e-13,-3.455426844423e-14,-3.349389844013e+04,-9.470612791886e+00,-5.290513137867e+03
