x,y,z,Bx,By,Bz,Ex,Ey,Ez
0.000000000000e+00,0.000000000000e+00,1.000000000000e+00,-2.329657741306e-18,4.055246908623e-16,-6.005065119383e-17,3.400233237980e+02,-5.611637796766e-02,-6.767414714228e+00
