x,y,z,Bx,By,Bz,Ex,Ey,Ez
0.000000000000e+00,0.000000000000e+00,1.000000000000e+00,-3.938805181107e-19,1.207114990619e-16,-3.416849763141e-17,1.515273874907e+02,-6.009230181248e-04,-2.016148643321e+00
