x,y,z,Bx,By,Bz,Ex,Ey,Ez
0.000000000000e+00,0.000000000000e+00,1.000000000000e+00,5.363589053422e-19,1.125511818101e-16,2.787301826684e-19,-1.446418380232e+02,6.616234783734e-03,-1.880822223515e+00
