x,y,z,Bx,By,Bz,Ex,Ey,Ez
0.000000000000e+00,0.000000000000e+00,1.000000000000e+00,2.108717553529e-16,1.347660363843e-14,-1.198550047523e-15,-3.577855641293e+03,-7.997002740263e-01,-2.251098436057e+02
