x,y,z,Bx,By,Bz,Ex,Ey,Ez
0.000000000000e+00,0.000000000000e+00,1.000000000000e+00,-3.671682803912e-19,1.186571546532e-16,-3.218890351502e-17,1.498113556667e+02,1.636450043505e-03,-1.982028722188e+00
