x,y,z,Bx,By,Bz,Ex,Ey,Ez
0.000000000000e+00,0.000000000000e+00,1.000000000000e+00,-2.370707910483e-19,9.423352775575e-17,1.105533334260e-17,1.284017439006e+02,-4.404060430662e-03,-1.573175551782e+00
