x,y,z,Bx,By,Bz,Ex,Ey,Ez
0.000000000000e+00,0.000000000000e+00,1.000000000000e+00,-1.293242422643e-18,2.749996110030e-16,1.567884999558e-17,2.625935270858e+02,8.594642655261e-03,-4.596961539531e+00
