x,y,z,Bx,By,Bz,Ex,Ey,Ez
0.000000000000e+00,0.000000000000e+00,1.000000000000e+00,1.162476194403e-17,1.455470917776e-15,-2.706885439964e-16,-7.999573577530e+02,-3.873659598429e-03,-2.432380166449e+01
