x,y,z,Bx,By,Bz,Ex,Ey,Ez
0.000000000000e+00,0.000000000000e+00,1.000000000000e+00,4.487282256790e-19,1.465678386354e-16,1.480475568184e-17,-1.724893030511e+02,-1.118755626864e-02,-2.448748485171e+00
