x,y,z,Bx,By,Bz,Ex,Ey,Ez
0.000000000000e+00,0.000000000000e+00,1.000000000000e+00,-3.753456298520e-19,1.193380475443e-16,-3.378959349718e-17,1.503804034016e+02,9.181241188490e-04,-1.993315522388e+00
