x,y,z,Bx,By,Bz,Ex,Ey,Ez
0.000000000000e+00,0.000000000000e+00,1.000000000000e+00,3.133398168788e-17,3.198485997031e-15,-3.371472024901e-16,-1.356185959463e+03,5.099017677781e-02,-5.345648980035e+01
