x,y,z,Bx,By,Bz,Ex,Ey,Ez
0.000000000000e+00,0.000000000000e+00,1.000000000000e+00,1.262067852172e-15,5.080915184141e-14,-6.060893298149e-15,-8.914775655810e+03,4.842012073147e-01,-8.493748139095e+02
