x,y,z,Bx,By,Bz,Ex,Ey,Ez
0.000000000000e+00,0.000000000000e+00,1.000000000000e+00,-1.565006936316e-16,1.038866502195e-14,-1.548327706472e-15,2.997468736055e+03,1.173827347758e-02,-1.732771431714e+02
