x,y,z,Bx,By,Bz,Ex,Ey,Ez
0.000000000000e+00,0.000000000000e+00,1.000000000000e+00,-4.627620095473e-18,7.054148551993e-16,-1.053680637047e-16,4.927036910216e+02,1.373910284270e-02,-1.178708252515e+01
