x,y,z,Bx,By,Bz,Ex,Ey,Ez
0.000000000000e+00,0.000000000000e+00,1.000000000000e+00,2.573763572859e-16,1.550529119662e-14,-9.423237515704e-16,-3.933868958352e+03,-7.006357842983e-01,-2.589257695422e+02
