x,y,z,Bx,By,Bz,Ex,Ey,Ez
0.000000000000e+00,0.000000000000e+00,1.000000000000e+00,-4.476454743512e-19,1.318703026342e-16,1.109760401441e-17,1.607585122980e+02,1.035054848138e-04,-2.203312382400e+00
