x,y,z,Bx,By,Bz,Ex,Ey,Ez
0.000000000000e+00,0.000000000000e+00,1.000000000000e+00,4.823822384386e-19,1.357848369998e-16,-3.726934742670e-17,-1.639787376432e+02,-1.070306156895e-02,-2.269322233033e+00
