x,y,z,Bx,By,Bz,Ex,Ey,Ez
0.000000000000e+00,0.000000000000e+00,1.000000000000e+00,-3.634534894690e-19,1.116893101195e-16,5.565964806036e-18,1.439303237796e+02,2.558415611564e-03,-1.866811366344e+00
