x,y,z,Bx,By,Bz,Ex,Ey,Ez
0.000000000000e+00,0.000000000000e+00,1.000000000000e+00,4.808569858885e-19,1.360528329442e-16,-3.620102995097e-17,-1.641946759810e+02,-1.099243319335e-02,-2.273814956107e+00
