x,y,z,Bx,By,Bz,Ex,Ey,Ez
0.000000000000e+00,0.000000000000e+00,1.000000000000e+00,2.704441846991e-19,7.944469492090e-17,-1.226544364466e-17,-1.146316437114e+02,1.013660135179e-03,-1.327097528785e+00
