x,y,z,Bx,By,Bz,Ex,Ey,Ez
0.000000000000e+00,0.000000000000e+00,1.000000000000e+00,-3.897668334316e-17,3.449503025757e-15,2.729273012212e-16,1.424807392968e+03,-3.615578890656e-02,-5.760012833529e+01
