x,y,z,Bx,By,Bz,Ex,Ey,Ez
0.000000000000e+00,0.000000000000e+00,1.000000000000e+00,-2.777202907708e-19,8.517650871748e-17,-1.185939482848e-17,1.201335255983e+02,5.045373080302e-03,-1.423701813760e+00
