x,y,z,Bx,By,Bz,Ex,Ey,Ez
0.000000000000e+00,0.000000000000e+00,1.000000000000e+00,1.156058349461e-16,8.025244012962e-15,-8.186961459211e-16,-2.519403043617e+03,1.675887579176e-01,-1.341130694398e+02
