x,y,z,Bx,By,Bz,Ex,Ey,Ez
0.000000000000e+00,0.000000000000e+00,1.000000000000e+00,-2.023750610295e-19,9.077957185329e-17,-2.927544440207e-17,1.253216957912e+02,-4.179776993307e-03,-1.516711670556e+00
