x,y,z,Bx,By,Bz,Ex,Ey,Ez
0.000000000000e+00,0.000000000000e+00,1.000000000000e+00,-9.096807269438e-17,7.320364166963e-15,-2.524622112634e-16,2.368989781965e+03,1.351019915524e-01,-1.224384003580e+02
