x,y,z,Bx,By,Bz,Ex,Ey,Ez
0.000000000000e+00,0.000000000000e+00,1.000000000000e+00,2.755951762698e-16,1.627097912739e-14,-8.670754913306e-16,-4.064531663205e+03,-5.848418993995e-01,-2.716928415258e+02
