x,y,z,Bx,By,Bz,Ex,Ey,Ez
0.000000000000e+00,0.000000000000e+00,1.000000000000e+00,2.825424674103e-19,8.577328538305e-17,-5.213819111771e-18,-1.206758173164e+02,-3.448862505415e-03,-1.433414115299e+00
