x,y,z,Bx,By,Bz,Ex,Ey,Ez
0.000000000000e+00,0.000000000000e+00,1.000000000000e+00,-2.112358459006e-19,6.813132810371e-17,-2.155833459286e-17,1.033910022111e+02,-2.070289003050e-03,-1.136818969550e+00
