x,y,z,Bx,By,Bz,Ex,Ey,Ez
0.000000000000e+00,0.000000000000e+00,1.000000000000e+00,2.527257492413e-18,4.340869912663e-16,-2.019891879692e-17,-3.560788194440e+02,1.115259301995e-02,-7.251607545326e+00
