x,y,z,Bx,By,Bz,Ex,Ey,Ez
0.000000000000e+00,0.000000000000e+00,1.000000000000e+00,3.073075118702e-17,3.126943089345e-15,-3.204665367429e-16,-1.335781194704e+03,5.704680518305e-02,-5.226459316057e+01
