x,y,z,Bx,By,Bz,Ex,Ey,Ez
0.000000000000e+00,0.000000000000e+00,1.000000000000e+00,-4.478428920556e-18,6.843139247318e-16,-8.589348011392e-17,4.826954430654e+02,1.954838612290e-02,-1.143121053623e+01
