x,y,z,Bx,By,Bz,Ex,Ey,Ez
0.000000000000e+00,0.000000000000e+00,1.000000000000e+00,2.824012995280e-18,5.646665352374e-16,-5.985022511325e-17,-4.240627048729e+02,-3.309430743290e-02,-9.418545712328e+00
