x,y,z,Bx,By,Bz,Ex,Ey,Ez
0.000000000000e+00,0.000000000000e+00,1.000000000000e+00,-3.455494184481e-19,1.153172414815e-16,-1.416936151364e-17,1.470108342224e+02,3.815346583349e-03,-1.926863924367e+00
