x,y,z,Bx,By,Bz,Ex,Ey,Ez
0.000000000000e+00,0.000000000000e+00,1.000000000000e+00,2.337215187257e-19,7.495060379831e-17,-2.027063190478e-18,-1.102077135598e+02,-5.428479016401e-04,-1.251075183912e+00
