x,y,z,Bx,By,Bz,Ex,Ey,Ez
0.000000000000e+00,0.000000000000e+00,1.000000000000e+00,-4.993843920831e-19,1.526152118606e-16,-1.660028671011e-17,1.772729030087e+02,-8.191026923929e-03,-2.550904021683e+00
