x,y,z,Bx,By,Bz,Ex,Ey,Ez
0.000000000000e+00,0.000000000000e+00,1.000000000000e+00,7.946642848684e-19,1.954518280130e-16,-3.979069372718e-18,-2.089513222070e+02,4.249679313685e-03,-3.263601932745e+00
