x,y,z,Bx,By,Bz,Ex,Ey,Ez
0.000000000000e+00,0.000000000000e+00,1.000000000000e+00,2.049881278204e-18,3.840777247277e-16,-4.954147963941e-17,-3.280625242313e+02,5.233282717825e-03,-6.414120224664e+00
