x,y,z,Bx,By,Bz,Ex,Ey,Ez
0.000000000000e+00,0.000000000000e+00,1.000000000000e+00,6.534483483664e-18,8.629222938742e-16,-1.580556954433e-16,-5.638674447868e+02,-9.908273139764e-03,-1.442332461011e+01
