x,y,z,Bx,By,Bz,Ex,Ey,Ez
0.000000000000e+00,0.000000000000e+00,1.000000000000e+00,1.977591250275e-19,6.623746497632e-17,1.065466503194e-17,-1.015618096154e+02,2.634376754954e-03,-1.106973144151e+00
