x,y,z,Bx,By,Bz,Ex,Ey,Ez
0.000000000000e+00,0.000000000000e+00,1.000000000000e+00,-9.275617391349e-18,1.204617392209e-15,-6.467367182428e-17,7.041969634724e+02,1.696923883576e-02,-2.011579123358e+01
