x,y,z,Bx,By,Bz,Ex,Ey,Ez
0.000000000000e+00,0.000000000000e+00,1.000000000000e+00,-6.060693380587e-19,1.974258282858e-16,-5.895813606729e-17,2.105517777560e+02,1.583680940455e-02,-3.300112522473e+00
