x,y,z,Bx,By,Bz,Ex,Ey,Ez
0.000000000000e+00,0.000000000000e+00,1.000000000000e+00,1.644243894986e-19,6.276890887607e-17,-5.537245368132e-18,-9.797009410907e+01,-8.908171290811e-04,-1.048775879447e+00
