x,y,z,Bx,By,Bz,Ex,Ey,Ez
0.000000000000e+00,0.000000000000e+00,1.000000000000e+00,-1.533601661439e-18,3.174385185209e-16,-5.929389738877e-17,2.890727590192e+02,2.690678014682e-02,-5.306097508384e+00
