x,y,z,Bx,By,Bz,Ex,Ey,Ez
0.000000000000e+00,0.000000000000e+00,1.000000000000e+00,4.981947425254e-15,1.421595008088e-13,-1.510882202597e-14,-1.847723793822e+04,-7.944438126131e+00,-2.374189121446e+03
