x,y,z,Bx,By,Bz,Ex,Ey,Ez
0.000000000000e+00,0.000000000000e+00,1.000000000000e+00,7.855560236538e-19,2.240088958181e-16,-3.707924925737e-17,-2.289797207116e+02,-3.848090457775e-03,-3.742772950241e+00
