x,y,z,Bx,By,Bz,Ex,Ey,Ez
0.000000000000e+00,0.000000000000e+00,1.000000000000e+00,-2.518172552531e-19,9.490603473463e-17,1.553167483560e-17,1.290021041969e+02,-3.583011745885e-03,-1.584251657163e+00
