x,y,z,Bx,By,Bz,Ex,Ey,Ez
0.000000000000e+00,0.000000000000e+00,1.000000000000e+00,1.211819315434e-18,2.839359131550e-16,-2.865670931135e-17,-2.679746400510e+02,5.667209129071e-03,-4.737597142706e+00
