x,y,z,Bx,By,Bz,Ex,Ey,Ez
0.000000000000e+00,0.000000000000e+00,1.000000000000e+00,-1.534001402910e-18,3.157937193142e-16,-5.640236922181e-17,2.880590284822e+02,2.771244663864e-02,-5.278354064556e+00
