x,y,z,Bx,By,Bz,Ex,Ey,Ez
0.000000000000e+00,0.000000000000e+00,1.000000000000e+00,-7.979073505158e-17,5.988485166904e-15,-5.504623834977e-16,2.067942732993e+03,-1.477002984107e-01,-1.000890262236e+02
