x,y,z,Bx,By,Bz,Ex,Ey,Ez
0.000000000000e+00,0.000000000000e+00,1.000000000000e+00,-1.133239487045e-15,4.808516723390e-14,-5.710874763599e-15,8.571378896173e+03,3.204290970157e+00,-8.030613921947e+02
