x,y,z,Bx,By,Bz,Ex,Ey,Ez
0.000000000000e+00,0.000000000000e+00,1.000000000000e+00,-4.504073221426e-19,1.310963367231e-16,1.124084221689e-17,1.601300248731e+02,-6.249092627835e-04,-2.190418642690e+00
