x,y,z,Bx,By,Bz,Ex,Ey,Ez
0.000000000000e+00,0.000000000000e+00,1.000000000000e+00,-2.279397986753e-19,6.855572833359e-17,-1.944605673708e-17,1.038249851650e+02,-2.599729702462e-03,-1.144001369669e+00
