x,y,z,Bx,By,Bz,Ex,Ey,Ez
0.000000000000e+00,0.000000000000e+00,1.000000000000e+00,-7.302332780785e-17,5.631100478119e-15,-7.594874666689e-16,1.983453953945e+03,-9.214766393479e-02,-9.406419126358e+01
