x,y,z,Bx,By,Bz,Ex,Ey,Ez
0.000000000000e+00,0.000000000000e+00,1.000000000000e+00,4.498545712346e-19,1.489952551509e-16,2.322774755119e-17,-1.743675336717e+02,-8.381964992547e-03,-2.488925395941e+00
