x,y,z,Bx,By,Bz,Ex,Ey,Ez
0.000000000000e+00,0.000000000000e+00,1.000000000000e+00,3.117478572309e-17,3.180389922654e-15,-3.331097603462e-16,-1.351041332598e+03,5.260016367675e-02,-5.315514004593e+01
