x,y,z,Bx,By,Bz,Ex,Ey,Ez
0.000000000000e+00,0.000000000000e+00,1.000000000000e+00,-7.542616208162e-17,5.747098557401e-15,-6.927253330132e-16,2.011034195433e+03,-1.194423723758e-01,-9.601782444053e+01
