x,y,z,Bx,By,Bz,Ex,Ey,Ez
0.000000000000e+00,0.000000000000e+00,1.000000000000e+00,2.896558879125e-15,9.482668298920e-14,-1.039243059462e-14,-1.381860827999e+04,-4.311077379258e+00,-1.583551469872e+03
