x,y,z,Bx,By,Bz,Ex,Ey,Ez
0.000000000000e+00,0.000000000000e+00,1.000000000000e+00,-2.155231125436e-19,6.823740260258e-17,-2.114204853969e-17,1.034992680152e+02,-2.209139902984e-03,-1.138608977447e+00
