x,y,z,Bx,By,Bz,Ex,Ey,Ez
0.000000000000e+00,0.000000000000e+00,1.000000000000e+00,-2.643816493493e-18,5.115124672798e-16,-5.215882212403e-17,3.974386500467e+02,4.055212045613e-02,-8.548812696136e+00
