x,y,z,Bx,By,Bz,Ex,Ey,Ez
0.000000000000e+00,0.000000000000e+00,1.000000000000e+00,1.549490389423e-16,1.053984670113e-14,-1.364489486332e-15,-3.031033971132e+03,-3.238690958745e-01,-1.761991889840e+02
