x,y,z,Bx,By,Bz,Ex,Ey,Ez
0.000000000000e+00,0.000000000000e+00,1.000000000000e+00,-1.325684093818e-18,3.553835058434e-16,-9.137013265242e-17,3.116275966190e+02,-1.116193731051e-04,-5.936465893010e+00
