x,y,z,Bx,By,Bz,Ex,Ey,Ez
0.000000000000e+00,0.000000000000e+00,1.000000000000e+00,6.423395744675e-18,8.475985440212e-16,-1.665867577860e-16,-5.570326115303e+02,-1.040215550013e-03,-1.416251916118e+01
