x,y,z,Bx,By,Bz,Ex,Ey,Ez
0.000000000000e+00,0.000000000000e+00,1.000000000000e+00,-3.948479213603e-15,1.174455330843e-13,-1.021223164259e-14,1.610242877984e+04,1.132438773711e+00,-1.962719978520e+03
