x,y,z,Bx,By,Bz,Ex,Ey,Ez
0.000000000000e+00,0.000000000000e+00,1.000000000000e+00,1.757663784876e-19,6.078240045929e-17,-7.992443043820e-18,-9.590520576238e+01,-2.021796003634e-04,-1.015810643755e+00
