x,y,z,Bx,By,Bz,Ex,Ey,Ez
0.000000000000e+00,0.000000000000e+00,1.000000000000e+00,6.070951320811e-18,8.237898112650e-16,-1.716760869006e-16,-5.463447341513e+02,1.442068706085e-02,-1.375798048723e+01
