x,y,z,Bx,By,Bz,Ex,Ey,Ez
0.000000000000e+00,0.000000000000e+00,1.000000000000e+00,-2.473839979072e-17,2.803136086755e-15,-3.842087578703e-16,1.240355771151e+03,-2.826634695472e-01,-4.680275514965e+01
