x,y,z,Bx,By,Bz,Ex,Ey,Ez
0.000000000000e+00,0.000000000000e+00,1.000000000000e+00,1.372013487952e-14,3.088621182170e-13,-3.358223907541e-14,-3.285587594775e+04,-9.638613661835e+00,-5.158775814857e+03
