x,y,z,Bx,By,Bz,Ex,Ey,Ez
0.000000000000e+00,0.000000000000e+00,1.000000000000e+00,-3.864694549538e-18,6.401873158578e-16,-5.245797976515e-17,4.615195585523e+02,2.217825995351e-02,-1.068985718310e+01
