x,y,z,Bx,By,Bz,Ex,Ey,Ez
0.000000000000e+00,0.000000000000e+00,1.000000000000e+00,-4.959238041044e-19,1.626870404124e-16,1.245302799471e-17,1.847864261166e+02,-2.864483214427e-03,-2.715011948581e+00
