x,y,z,Bx,By,Bz,Ex,Ey,Ez
0.000000000000e+00,0.000000000000e+00,1.000000000000e+00,-1.278862042310e-15,5.233262101351e-14,-6.576429329581e-15,9.090669625401e+03,2.718726414014e+00,-8.736492679074e+02
