x,y,z,Bx,By,Bz,Ex,Ey,Ez
0.000000000000e+00,0.000000000000e+00,1.000000000000e+00,6.567835012580e-19,1.843666348990e-16,-1.579791245303e-17,-2.010882058560e+02,6.620062295044e-04,-3.081242722422e+00
