x,y,z,Bx,By,Bz,Ex,Ey,Ez
0.000000000000e+00,0.000000000000e+00,1.000000000000e+00,-1.439221760703e-19,6.643527235469e-17,-1.839596254859e-17,1.016792735615e+02,1.405129638948e-04,-1.108682196257e+00
