x,y,z,Bx,By,Bz,Ex,Ey,Ez
0.000000000000e+00,0.000000000000e+00,1.000000000000e+00,-1.981030399336e-19,6.781315303475e-17,-2.234374058489e-17,1.030671148104e+02,-1.637267637993e-03,-1.131471256547e+00
