x,y,z,Bx,By,Bz,Ex,Ey,Ez
0.000000000000e+00,0.000000000000e+00,1.000000000000e+00,5.702890355087e-18,9.908514962090e-16,-5.614512080308e-17,-6.185398171235e+02,-3.504173835189e-02,-1.656574427491e+01
