x,y,z,Bx,By,Bz,Ex,Ey,Ez
0.000000000000e+00,0.000000000000e+00,1.000000000000e+00,4.301523807249e-19,1.266339396119e-16,-4.223869335347e-17,-1.564631986717e+02,2.959970460893e-03,-2.115123463410e+00
