x,y,z,Bx,By,Bz,Ex,Ey,Ez
0.000000000000e+00,0.000000000000e+00,1.000000000000e+00,2.294402765634e-18,4.169048201684e-16,-1.566006883152e-17,-3.465689664696e+02,6.139047199249e-03,-6.963736519296e+00
