x,y,z,Bx,By,Bz,Ex,Ey,Ez
0.000000000000e+00,0.000000000000e+00,1.000000000000e+00,-8.184317304376e-19,2.262830644962e-16,2.669797189338e-18,2.303944542122e+02,-2.881206076071e-02,-3.777948655270e+00
