x,y,z,Bx,By,Bz,Ex,Ey,Ez
0.000000000000e+00,0.000000000000e+00,1.000000000000e+00,-3.455252790141e-16,1.908027727466e-14,-1.295588900911e-15,4.531002192017e+03,-1.082282378473e+00,-3.186695865615e+02
