x,y,z,Bx,By,Bz,Ex,Ey,Ez
0.000000000000e+00,0.000000000000e+00,1.000000000000e+00,6.044333937814e-19,1.609862097020e-16,1.080911729591e-17,-1.834975483216e+02,8.032318765814e-03,-2.686748336920e+00
