x,y,z,Bx,By,Bz,Ex,Ey,Ez
0.000000000000e+00,0.000000000000e+00,1.000000000000e+00,4.555286555375e-19,1.413093343731e-16,-1.063489750921e-17,-1.683772440629e+02,-1.391810334545e-02,-2.361477711765e+00
