x,y,z,Bx,By,Bz,Ex,Ey,Ez
0.000000000000e+00,0.000000000000e+00,1.000000000000e+00,-8.607153568481e-17,6.513591702170e-15,-3.067338492265e-16,2.189332328433e+03,-9.617591812666e-02,-1.089422008386e+02
