x,y,z,Bx,By,Bz,Ex,Ey,Ez
0.000000000000e+00,0.000000000000e+00,1.000000000000e+00,2.374227165359e-17,2.454923234237e-15,-2.049303486561e-16,-1.134801921216e+03,5.197175885204e-02,-4.100087848872e+01
