x,y,z,Bx,By,Bz,Ex,Ey,Ez
0.000000000000e+00,0.000000000000e+00,1.000000000000e+00,-4.101101736959e-19,1.053564365454e-16,-1.522938747659e-17,1.384029566480e+02,-3.657040088598e-04,-1.760375209800e+00
