x,y,z,Bx,By,Bz,Ex,Ey,Ez
0.000000000000e+00,0.000000000000e+00,1.000000000000e+00,-1.618849951292e-16,1.056403176723e-14,-1.584167991941e-15,3.031733049516e+03,-5.134225322491e-02,-1.762116514745e+02
