x,y,z,Bx,By,Bz,Ex,Ey,Ez
0.000000000000e+00,0.000000000000e+00,1.000000000000e+00,-9.456346491636e-17,7.778179865841e-15,-3.843466495351e-16,2.467468772128e+03,2.647913337324e-01,-1.300297952849e+02
