x,y,z,Bx,By,Bz,Ex,Ey,Ez
0.000000000000e+00,0.000000000000e+00,1.000000000000e+00,6.328950636841e-19,1.620029891567e-16,5.609650816912e-18,-1.842711032378e+02,8.834086379051e-03,-2.703701581595e+00
