x,y,z,Bx,By,Bz,Ex,Ey,Ez
0.000000000000e+00,0.000000000000e+00,1.000000000000e+00,-6.507360518593e-19,1.920993186638e-16,-1.911822844014e-17,2.068036942713e+02,1.877204715100e-02,-3.213017592462e+00
