x,y,z,Bx,By,Bz,Ex,Ey,Ez
0.000000000000e+00,0.000000000000e+00,1.000000000000e+00,1.445521831770e-16,9.861334978024e-15,-1.286493436765e-15,-2.897593981163e+03,-1.498678812995e-01,-1.648686461430e+02
