x,y,z,Bx,By,Bz,Ex,Ey,Ez
0.000000000000e+00,0.000000000000e+00,1.000000000000e+00,-9.817701818534e-17,8.084901653586e-15,-5.184924386923e-16,2.532240046045e+03,3.291978754606e-01,-1.350976674089e+02
