x,y,z,Bx,By,Bz,Ex,Ey,Ez
0.000000000000e+00,0.000000000000e+00,1.000000000000e+00,8.911088023402e-18,1.185888983145e-15,-2.545783810259e-17,-6.965997700924e+02,3.340722449414e-02,-1.978939830992e+01
