x,y,z,Bx,By,Bz,Ex,Ey,Ez
0.000000000000e+00,0.000000000000e+00,1.000000000000e+00,-6.244112632398e-16,2.888474166567e-14,-1.255903243558e-15,6.021475934184e+03,1.080853097533e+00,-4.829093804061e+02
