x,y,z,Bx,By,Bz,Ex,Ey,Ez
0.000000000000e+00,0.000000000000e+00,1.000000000000e+00,1.842252915028e-19,5.978997638689e-17,4.893543221280e-20,-9.484777743057e+01,-2.746611442441e-04,-9.990934825290e-01
