x,y,z,Bx,By,Bz,Ex,Ey,Ez
0.000000000000e+00,0.000000000000e+00,1.000000000000e+00,2.925773406688e-13,3.274421747547e-12,-7.434581073614e-13,-2.575667843124e+05,3.316098387164e+02,-5.473842440507e+04
