x,y,z,Bx,By,Bz,Ex,Ey,Ez
0.000000000000e+00,0.000000000000e+00,1.000000000000e+00,2.081719812403e-16,1.335414546222e-14,-1.214017417887e-15,-3.555867929752e+03,-7.943706812003e-01,-2.230699498742e+02
