x,y,z,Bx,By,Bz,Ex,Ey,Ez
0.000000000000e+00,0.000000000000e+00,1.000000000000e+00,1.230425376310e-16,8.470717757601e-15,-9.515285443309e-16,-2.613627732625e+03,1.264992812602e-01,-1.415859108320e+02
