x,y,z,Bx,By,Bz,Ex,Ey,Ez
0.000000000000e+00,0.000000000000e+00,1.000000000000e+00,-2.497836539661e-16,1.450434881054e-14,-1.474257724628e-15,3.762718024585e+03,-1.108373279704e+00,-2.424286396399e+02
