x,y,z,Bx,By,Bz,Ex,Ey,Ez
0.000000000000e+00,0.000000000000e+00,1.000000000000e+00,5.479950734266e-14,8.915652402362e-13,-1.233750293152e-13,-7.679090596531e+04,-8.859949432278e-01,-1.488998867108e+04
