x,y,z,Bx,By,Bz,Ex,Ey,Ez
0.000000000000e+00,0.000000000000e+00,1.000000000000e+00,2.047721607714e-18,5.277867803182e-16,-8.667009102104e-17,-4.058038378464e+02,-2.212097972208e-02,-8.816471893663e+00
