x,y,z,Bx,By,Bz,Ex,Ey,Ez
0.000000000000e+00,0.000000000000e+00,1.000000000000e+00,3.183309206186e-15,1.016831437710e-13,-1.113127815359e-14,-1.452309535880e+04,-4.984026310057e+00,-1.698069887030e+03
