x,y,z,Bx,By,Bz,Ex,Ey,Ez
0.000000000000e+00,0.000000000000e+00,1.000000000000e+00,2.532896408758e-19,1.039877789724e-16,1.138659752529e-17,-1.370585511137e+02,-2.065427183637e-03,-1.734928485984e+00
