x,y,z,Bx,By,Bz,Ex,Ey,Ez
0.000000000000e+00,0.000000000000e+00,1.000000000000e+00,1.883251999129e-19,6.716012895821e-17,4.617206129344e-18,-1.025201383437e+02,3.742420010551e-03,-1.122625180175e+00
