x,y,z,Bx,By,Bz,Ex,Ey,Ez
0.000000000000e+00,0.000000000000e+00,1.000000000000e+00,-4.661709041048e-18,7.249435652438e-16,-1.216904284869e-16,5.018609713718e+02,5.873383318642e-03,-1.211582950133e+01
