x,y,z,Bx,By,Bz,Ex,Ey,Ez
0.000000000000e+00,0.000000000000e+00,1.000000000000e+00,6.283934695526e-16,2.891303045230e-14,-2.512101386398e-15,-6.025709839049e+03,2.324390728738e+00,-4.829535273503e+02
