x,y,z,Bx,By,Bz,Ex,Ey,Ez
0.000000000000e+00,0.000000000000e+00,1.000000000000e+00,2.809153489283e-14,5.333447954039e-13,-6.554355703930e-14,-5.031304961810e+04,-5.350606470682e+00,-8.906826524436e+03
