x,y,z,Bx,By,Bz,Ex,Ey,Ez
0.000000000000e+00,0.000000000000e+00,1.000000000000e+00,-6.436518424038e-14,1.025882201439e-12,-1.499519464937e-13,8.674537149287e+04,-5.397121004419e+01,-1.713738355147e+04
