x,y,z,Bx,By,Bz,Ex,Ey,Ez
0.000000000000e+00,0.000000000000e+00,1.000000000000e+00,-3.498047041140e-17,3.258170868391e-15,1.548641066579e-16,1.370975775863e+03,-1.957912365934e-01,-5.438052256301e+01
