x,y,z,Bx,By,Bz,Ex,Ey,Ez
0.000000000000e+00,0.000000000000e+00,1.000000000000e+00,-2.756651898975e-19,7.135528864956e-17,7.089388173975e-18,1.067109138680e+02,-2.742342368555e-03,-1.192163187711e+00
