x,y,z,Bx,By,Bz,Ex,Ey,Ez
0.000000000000e+00,0.000000000000e+00,1.000000000000e+00,4.521767051694e-19,1.427429930499e-16,-3.115218688701e-18,-1.695042268607e+02,-1.371680276731e-02,-2.385295865564e+00
