x,y,z,Bx,By,Bz,Ex,Ey,Ez
0.000000000000e+00,0.000000000000e+00,1.000000000000e+00,4.519857582519e-18,6.397887922971e-16,3.509370367454e-17,-4.614000286038e+02,-9.226333713570e-03,-1.069062896390e+01
