x,y,z,Bx,By,Bz,Ex,Ey,Ez
0.000000000000e+00,0.000000000000e+00,1.000000000000e+00,-1.290647057771e-16,9.486184569296e-15,-1.243380363523e-15,2.818831965852e+03,2.830384314045e-01,-1.582470418151e+02
