x,y,z,Bx,By,Bz,Ex,Ey,Ez
0.000000000000e+00,0.000000000000e+00,1.000000000000e+00,-2.117301278255e-17,2.329263528796e-15,-3.193000983391e-16,1.096630440608e+03,-5.216886723695e-02,-3.894500745926e+01
