x,y,z,Bx,By,Bz,Ex,Ey,Ez
0.000000000000e+00,0.000000000000e+00,1.000000000000e+00,7.842044848208e-19,2.234750441677e-16,-3.732286765962e-17,-2.286231869038e+02,-3.612716876320e-03,-3.734042107610e+00
