x,y,z,Bx,By,Bz,Ex,Ey,Ez
0.000000000000e+00,0.000000000000e+00,1.000000000000e+00,-1.488578712846e-18,3.267185345988e-16,-6.850616244375e-17,2.947418236355e+02,2.136663927490e-02,-5.462193025653e+00
