x,y,z,Bx,By,Bz,Ex,Ey,Ez
0.000000000000e+00,0.000000000000e+00,1.000000000000e+00,-5.695570335136e-15,1.569740831973e-13,-1.625308363215e-14,1.987692421396e+04,3.331609240147e+00,-2.623772321567e+03
