x,y,z,Bx,By,Bz,Ex,Ey,Ez
0.000000000000e+00,0.000000000000e+00,1.000000000000e+00,-1.529719724537e-18,3.133485873484e-16,-5.126513194594e-17,2.865480684859e+02,2.874632888456e-02,-5.237097824877e+00
