x,y,z,Bx,By,Bz,Ex,Ey,Ez
0.000000000000e+00,0.000000000000e+00,1.000000000000e+00,4.205614413502e-17,3.952913883914e-15,-4.235645324195e-16,-1.562801296527e+03,-3.763188309190e-02,-6.601562300245e+01
