x,y,z,Bx,By,Bz,Ex,Ey,Ez
0.000000000000e+00,0.000000000000e+00,1.000000000000e+00,4.824902632367e-19,1.300964007449e-16,-4.900196313410e-17,-1.593277305803e+02,-2.434675580533e-03,-2.173391323695e+00
