x,y,z,Bx,By,Bz,Ex,Ey,Ez
0.000000000000e+00,0.000000000000e+00,1.000000000000e+00,-9.645424959121e-19,1.799395134707e-16,1.125733042121e-17,1.978770915276e+02,1.059750212736e-02,-3.008366079038e+00
