x,y,z,Bx,By,Bz,Ex,Ey,Ez
0.000000000000e+00,0.000000000000e+00,1.000000000000e+00,1.795570223187e-19,6.041781909327e-17,-5.568657201832e-18,-9.551873722793e+01,-1.432007121855e-04,-1.009689079481e+00
