x,y,z,Bx,By,Bz,Ex,Ey,Ez
0.000000000000e+00,0.000000000000e+00,1.000000000000e+00,-5.371810964578e-17,4.769665266284e-15,-8.745491116286e-16,1.773701325904e+03,3.053706871063e-01,-7.966711182917e+01
