x,y,z,Bx,By,Bz,Ex,Ey,Ez
0.000000000000e+00,0.000000000000e+00,1.000000000000e+00,3.839233890666e-18,5.943339606883e-16,-2.607358531008e-17,-4.388071879142e+02,-3.235640408334e-02,-9.914909539993e+00
