x,y,z,Bx,By,Bz,Ex,Ey,Ez
0.000000000000e+00,0.000000000000e+00,1.000000000000e+00,6.796826321212e-16,3.066976537323e-14,-2.949197865888e-15,-6.276972119247e+03,2.415708785677e+00,-5.123961356566e+02
