x,y,z,Bx,By,Bz,Ex,Ey,Ez
0.000000000000e+00,0.000000000000e+00,1.000000000000e+00,-4.870943200116e-18,8.206920281292e-16,-1.357285995045e-16,5.450158646005e+02,-4.692887087766e-02,-1.370721285369e+01
