x,y,z,Bx,By,Bz,Ex,Ey,Ez
0.000000000000e+00,0.000000000000e+00,1.000000000000e+00,1.397507799862e-16,9.544213839676e-15,-1.228663505502e-15,-2.834120635731e+03,-7.252249782191e-02,-1.595658820217e+02
