x,y,z,Bx,By,Bz,Ex,Ey,Ez
0.000000000000e+00,0.000000000000e+00,1.000000000000e+00,7.011703206480e-16,3.141206802377e-14,-3.123878002311e-15,-6.381895421951e+03,2.427488419871e+00,-5.248387705671e+02
