x,y,z,Bx,By,Bz,Ex,Ey,Ez
0.000000000000e+00,0.000000000000e+00,1.000000000000e+00,-6.454320096749e-18,9.163004043837e-16,-4.895229381550e-17,5.865054377035e+02,-6.307809577228e-02,-1.530187795778e+01
