x,y,z,Bx,By,Bz,Ex,Ey,Ez
0.000000000000e+00,0.000000000000e+00,1.000000000000e+00,1.380647895440e-18,3.402413819015e-16,4.500017700094e-18,-3.026577371665e+02,2.829373135206e-03,-5.685299805094e+00
