x,y,z,Bx,By,Bz,Ex,Ey,Ez
0.000000000000e+00,0.000000000000e+00,1.000000000000e+00,8.329798341661e-18,1.162154421359e-15,-1.536957024524e-17,-6.872015002130e+02,2.384707254890e-02,-1.939178600025e+01
