x,y,z,Bx,By,Bz,Ex,Ey,Ez
0.000000000000e+00,0.000000000000e+00,1.000000000000e+00,1.433141618498e-17,1.742131837310e-15,-9.801072463276e-17,-9.019574638940e+02,-8.883772223138e-02,-2.910678889025e+01
