x,y,z,Bx,By,Bz,Ex,Ey,Ez
0.000000000000e+00,0.000000000000e+00,1.000000000000e+00,-2.537279687127e-19,7.293839983087e-17,8.868893462477e-18,1.083181829633e+02,-8.192688570326e-04,-1.219194642490e+00
