x,y,z,Bx,By,Bz,Ex,Ey,Ez
0.000000000000e+00,0.000000000000e+00,1.000000000000e+00,1.405209041232e-18,3.328987720815e-16,4.779933455729e-18,-2.983616088197e+02,-1.351965421570e-03,-5.564918453650e+00
