x,y,z,Bx,By,Bz,Ex,Ey,Ez
0.000000000000e+00,0.000000000000e+00,1.000000000000e+00,-1.770766351276e-19,6.077480366270e-17,-1.691382964346e-17,9.591113139135e+01,2.100584966281e-03,-1.015789648451e+00
