x,y,z,Bx,By,Bz,Ex,Ey,Ez
0.000000000000e+00,0.000000000000e+00,1.000000000000e+00,-7.528231663968e-19,1.878464141548e-16,3.144688632845e-18,2.037581178933e+02,1.733059632646e-02,-3.142797223874e+00
