x,y,z,Bx,By,Bz,Ex,Ey,Ez
0.000000000000e+00,0.000000000000e+00,1.000000000000e+00,-3.969157459804e-17,3.489479272735e-15,2.798315080524e-16,1.435975555944e+03,1.084264407544e-03,-5.827411885810e+01
