x,y,z,Bx,By,Bz,Ex,Ey,Ez
0.000000000000e+00,0.000000000000e+00,1.000000000000e+00,-6.369157403308e-19,1.665745321795e-16,9.846279738301e-18,1.876670947110e+02,4.098339939117e-04,-2.778781708140e+00
