x,y,z,Bx,By,Bz,Ex,Ey,Ez
0.000000000000e+00,0.000000000000e+00,1.000000000000e+00,7.164175379476e-17,5.789154447617e-15,-3.652502229810e-16,-2.019790473312e+03,7.158253651388e-03,-9.667820132448e+01
