x,y,z,Bx,By,Bz,Ex,Ey,Ez
0.000000000000e+00,0.000000000000e+00,1.000000000000e+00,6.907422167743e-14,1.065642806511e-12,-1.539265886397e-13,-8.947571116166e+04,7.285393751627e+00,-1.779837383532e+04
