x,y,z,Bx,By,Bz,Ex,Ey,Ez
0.000000000000e+00,0.000000000000e+00,1.000000000000e+00,-3.155515805973e-17,3.114525807757e-15,-7.215268673265e-18,1.330170856458e+03,-2.763865140362e-01,-5.197459051704e+01
