x,y,z,Bx,By,Bz,Ex,Ey,Ez
0.000000000000e+00,0.000000000000e+00,1.000000000000e+00,-2.898292456743e-18,5.531596158119e-16,-8.539586282075e-17,4.187263920812e+02,2.814914338328e-02,-9.241413086938e+00
