x,y,z,Bx,By,Bz,Ex,Ey,Ez
0.000000000000e+00,0.000000000000e+00,1.000000000000e+00,9.657180263082e-18,1.220064280626e-15,-4.941828863880e-17,-7.100925177335e+02,4.501117134310e-02,-2.036442756488e+01
