x,y,z,Bx,By,Bz,Ex,Ey,Ez
0.000000000000e+00,0.000000000000e+00,1.000000000000e+00,2.997454509986e-16,1.725758866919e-14,-7.996709600724e-16,-4.230221941416e+03,-3.893851669606e-01,-2.881439268229e+02
