x,y,z,Bx,By,Bz,Ex,Ey,Ez
0.000000000000e+00,0.000000000000e+00,1.000000000000e+00,-2.034679727654e-19,9.045917317967e-17,-3.263656548790e-17,1.250339927590e+02,-3.721201571262e-03,-1.511478337063e+00
