x,y,z,Bx,By,Bz,Ex,Ey,Ez
0.000000000000e+00,0.000000000000e+00,1.000000000000e+00,2.007246983948e-19,1.016825620479e-16,6.864036009745e-19,-1.350993310715e+02,-3.861952529977e-03,-1.697777026836e+00
