x,y,z,Bx,By,Bz,Ex,Ey,Ez
0.000000000000e+00,0.000000000000e+00,1.000000000000e+00,1.290192221525e-18,2.861134980360e-16,-3.460026086891e-17,-2.693389585791e+02,5.386378437356e-03,-4.773749369625e+00
