x,y,z,Bx,By,Bz,Ex,Ey,Ez
0.000000000000e+00,0.000000000000e+00,1.000000000000e+00,-2.657285181141e-18,5.146903356489e-16,-5.899127943469e-17,3.990834808803e+02,4.033561643238e-02,-8.601612088020e+00
