x,y,z,Bx,By,Bz,Ex,Ey,Ez
0.000000000000e+00,0.000000000000e+00,1.000000000000e+00,-1.517277675827e-18,3.224489563495e-16,-6.554522845701e-17,2.921451445734e+02,2.406523757021e-02,-5.390495614346e+00
