x,y,z,Bx,By,Bz,Ex,Ey,Ez
0.000000000000e+00,0.000000000000e+00,1.000000000000e+00,5.897943538058e-16,2.760227310238e-14,-2.173157457430e-15,-5.835425445807e+03,2.187995724973e+00,-4.609936258166e+02
