x,y,z,Bx,By,Bz,Ex,Ey,Ez
0.000000000000e+00,0.000000000000e+00,1.000000000000e+00,1.154016023166e-18,2.516526979025e-16,-6.890242403672e-18,-2.475120577655e+02,-8.743730776160e-03,-4.206317010953e+00
