x,y,z,Bx,By,Bz,Ex,Ey,Ez
0.000000000000e+00,0.000000000000e+00,1.000000000000e+00,1.445874664448e-18,3.293215250414e-16,1.185413429077e-18,-2.962493362058e+02,-3.214037422413e-03,-5.506017267678e+00
