x,y,z,Bx,By,Bz,Ex,Ey,Ez
0.000000000000e+00,0.000000000000e+00,1.000000000000e+00,4.591826924832e-14,7.780935286054e-13,-1.044860077185e-13,-6.848870664717e+04,-3.637539078575e+00,-1.299465047994e+04
