x,y,z,Bx,By,Bz,Ex,Ey,Ez
0.000000000000e+00,0.000000000000e+00,1.000000000000e+00,7.464967992254e-17,5.951961820888e-15,-3.732121623284e-16,-2.057841853513e+03,3.170910693123e-02,-9.939379967822e+01
