x,y,z,Bx,By,Bz,Ex,Ey,Ez
0.000000000000e+00,0.000000000000e+00,1.000000000000e+00,2.853443398378e-19,8.434332100380e-17,-1.476501123567e-17,-1.193240562384e+02,-3.152063891120e-03,-1.409365731678e+00
