x,y,z,Bx,By,Bz,Ex,Ey,Ez
0.000000000000e+00,0.000000000000e+00,1.000000000000e+00,-1.417439844485e-14,3.165142306032e-13,-4.377981308315e-14,3.355900363210e+04,-1.202403312646e+01,-5.289351715968e+03
