x,y,z,Bx,By,Bz,Ex,Ey,Ez
0.000000000000e+00,0.000000000000e+00,1.000000000000e+00,-4.633804605977e-19,1.612880452286e-16,1.201222711957e-17,1.837560268084e+02,-4.075583432725e-03,-2.692314999490e+00
