x,y,z,Bx,By,Bz,Ex,Ey,Ez
0.000000000000e+00,0.000000000000e+00,1.000000000000e+00,-2.065142057900e-16,1.221848232576e-14,-1.650518940161e-15,3.347818280183e+03,-6.322210556187e-01,-2.040261996745e+02
