x,y,z,Bx,By,Bz,Ex,Ey,Ez
0.000000000000e+00,0.000000000000e+00,1.000000000000e+00,-4.531373106448e-19,1.358530092162e-16,-2.544432248676e-18,1.639614233232e+02,2.972354046522e-03,-2.269329767528e+00
