x,y,z,Bx,By,Bz,Ex,Ey,Ez
0.000000000000e+00,0.000000000000e+00,1.000000000000e+00,2.710801376130e-19,7.997031726736e-17,-1.560505579115e-17,-1.151400756212e+02,7.518083314662e-04,-1.335917939742e+00
