x,y,z,Bx,By,Bz,Ex,Ey,Ez
0.000000000000e+00,0.000000000000e+00,1.000000000000e+00,1.676805594963e-18,2.978800889163e-16,-5.414497536354e-17,-2.767886815919e+02,5.902035447311e-04,-4.972869391582e+00
