x,y,z,Bx,By,Bz,Ex,Ey,Ez
0.000000000000e+00,0.000000000000e+00,1.000000000000e+00,-2.020385466858e-19,9.110170217699e-17,-2.558021041706e-17,1.256102970065e+02,-4.571646679493e-03,-1.521969613136e+00
