x,y,z,Bx,By,Bz,Ex,Ey,Ez
0.000000000000e+00,0.000000000000e+00,1.000000000000e+00,1.413800911751e-18,3.319982581967e-16,4.102573048264e-18,-2.978313330063e+02,-1.842584372569e-03,-5.550113782564e+00
