x,y,z,Bx,By,Bz,Ex,Ey,Ez
0.000000000000e+00,0.000000000000e+00,1.000000000000e+00,8.288719786976e-19,2.172258609813e-16,-3.959972942774e-17,-2.244078892246e+02,-5.662810761973e-04,-3.631387786980e+00
