x,y,z,Bx,By,Bz,Ex,Ey,Ez
0.000000000000e+00,0.000000000000e+00,1.000000000000e+00,-2.104066362991e-19,7.533634673163e-17,-9.329876447639e-18,1.106831533160e+02,4.460751424117e-04,-1.259236742275e+00
