x,y,z,Bx,By,Bz,Ex,Ey,Ez
0.000000000000e+00,0.000000000000e+00,1.000000000000e+00,-1.727374013546e-16,1.092604991747e-14,-1.636249345523e-15,3.102013770916e+03,-1.849737437209e-01,-1.822813728413e+02
