x,y,z,Bx,By,Bz,Ex,Ey,Ez
0.000000000000e+00,0.000000000000e+00,1.000000000000e+00,-2.923032509154e-18,5.566815308180e-16,-8.373427348551e-17,4.205001492494e+02,2.692874439842e-02,-9.300018247064e+00
