x,y,z,Bx,By,Bz,Ex,Ey,Ez
0.000000000000e+00,0.000000000000e+00,1.000000000000e+00,-2.650321125790e-18,5.130981618751e-16,-5.565853831337e-17,3.982598322511e+02,4.047257082166e-02,-8.575157985406e+00
