x,y,z,Bx,By,Bz,Ex,Ey,Ez
0.000000000000e+00,0.000000000000e+00,1.000000000000e+00,1.339989087215e-13,1.780999196774e-12,-3.048672585688e-13,-1.420033739375e+05,8.118486671937e+01,-2.975984309012e+04
