x,y,z,Bx,By,Bz,Ex,Ey,Ez
0.000000000000e+00,0.000000000000e+00,1.000000000000e+00,-1.566330946933e-14,3.417771572082e-13,-4.742702486462e-14,3.559378477971e+04,-1.632061512948e+01,-5.711648739404e+03
