x,y,z,Bx,By,Bz,Ex,Ey,Ez
0.000000000000e+00,0.000000000000e+00,1.000000000000e+00,-9.347462905576e-19,2.339719275868e-16,3.813448222545e-17,2.355007583877e+02,-2.141312710579e-02,-3.904796118587e+00
