x,y,z,Bx,By,Bz,Ex,Ey,Ez
0.000000000000e+00,0.000000000000e+00,1.000000000000e+00,6.426291489815e-19,1.623428953926e-16,3.798607752167e-18,-1.845300737138e+02,9.061437028231e-03,-2.709384347818e+00
