x,y,z,Bx,By,Bz,Ex,Ey,Ez
0.000000000000e+00,0.000000000000e+00,1.000000000000e+00,-1.905571529978e-18,3.887518693105e-16,-1.149587176395e-16,3.305794204619e+02,-4.107472871782e-02,-6.486176760256e+00
