x,y,z,Bx,By,Bz,Ex,Ey,Ez
0.000000000000e+00,0.000000000000e+00,1.000000000000e+00,-3.212504911552e-15,9.991113804057e-14,-8.643055270204e-15,1.433767000500e+04,-3.101232118023e-01,-1.669062501935e+03
