x,y,z,Bx,By,Bz,Ex,Ey,Ez
0.000000000000e+00,0.000000000000e+00,1.000000000000e+00,1.103500154668e-15,4.548117080020e-14,-5.457377773778e-15,-8.253039277864e+03,1.247544820585e+00,-7.603804348112e+02
