x,y,z,Bx,By,Bz,Ex,Ey,Ez
0.000000000000e+00,0.000000000000e+00,1.000000000000e+00,-2.502121639909e-19,8.065005809795e-17,1.089571256559e-17,1.157684678519e+02,-9.395672571436e-06,-1.347025603911e+00
