x,y,z,Bx,By,Bz,Ex,Ey,Ez
0.000000000000e+00,0.000000000000e+00,1.000000000000e+00,-2.814732256702e-18,5.410644055384e-16,-8.712955597492e-17,4.126031356637e+02,3.270498066792e-02,-9.040141369897e+00
