x,y,z,Bx,By,Bz,Ex,Ey,Ez
0.000000000000e+00,0.000000000000e+00,1.000000000000e+00,2.843509300001e-19,8.519695751777e-17,-9.155285827488e-18,-1.201323922907e+02,-3.439799389135e-03,-1.423729911261e+00
