x,y,z,Bx,By,Bz,Ex,Ey,Ez
0.000000000000e+00,0.000000000000e+00,1.000000000000e+00,1.177250096558e-16,8.149238715029e-15,-8.556419343875e-16,-2.545798305326e+03,1.589110378716e-01,-1.361936371470e+02
