x,y,z,Bx,By,Bz,Ex,Ey,Ez
0.000000000000e+00,0.000000000000e+00,1.000000000000e+00,2.235054571955e-19,9.854651121331e-17,-1.794744119814e-17,-1.323961173084e+02,-3.699318451405e-03,-1.646986026292e+00
