x,y,z,Bx,By,Bz,Ex,Ey,Ez
0.000000000000e+00,0.000000000000e+00,1.000000000000e+00,-2.146704133346e-19,7.866407177828e-17,-7.616157591368e-18,1.138700259301e+02,-1.152666859876e-03,-1.313979667272e+00
