x,y,z,Bx,By,Bz,Ex,Ey,Ez
0.000000000000e+00,0.000000000000e+00,1.000000000000e+00,4.200521167707e-18,6.077429080415e-16,-6.825030412491e-18,-4.455010701778e+02,-2.847199870277e-02,-1.014295720937e+01
