x,y,z,Bx,By,Bz,Ex,Ey,Ez
0.000000000000e+00,0.000000000000e+00,1.000000000000e+00,1.458443104472e-18,3.284377542732e-16,-6.303855919375e-20,-2.957249222197e+02,-3.630621106463e-03,-5.491423334161e+00
