x,y,z,Bx,By,Bz,Ex,Ey,Ez
0.000000000000e+00,0.000000000000e+00,1.000000000000e+00,-4.534107464388e-19,1.303302216771e-16,1.045795603220e-17,1.595055197415e+02,-1.336067223317e-03,-2.177625426855e+00
