x,y,z,Bx,By,Bz,Ex,Ey,Ez
0.000000000000e+00,0.000000000000e+00,1.000000000000e+00,1.760546323297e-16,1.178422864074e-14,-1.366177025839e-15,-3.268171104015e+03,-6.064413583436e-01,-1.969328722911e+02
