x,y,z,Bx,By,Bz,Ex,Ey,Ez
0.000000000000e+00,0.000000000000e+00,1.000000000000e+00,2.002838833722e-18,3.798446401414e-16,-5.065618085720e-17,-3.256254847568e+02,6.254023401590e-03,-6.342888289862e+00
