x,y,z,Bx,By,Bz,Ex,Ey,Ez
0.000000000000e+00,0.000000000000e+00,1.000000000000e+00,-1.981125956913e-17,2.057795234537e-15,-1.734360324151e-16,1.008575412601e+03,-2.844642784507e-02,-3.437925882943e+01
