x,y,z,Bx,By,Bz,Ex,Ey,Ez
0.000000000000e+00,0.000000000000e+00,1.000000000000e+00,-3.209781084069e-11,1.122863874469e-10,2.019027877252e-10,-2.287292784363e+06,1.027470398346e+04,-1.876569669480e+06
