x,y,z,Bx,By,Bz,Ex,Ey,Ez
0.000000000000e+00,0.000000000000e+00,1.000000000000e+00,-2.229374849010e-16,1.299917194713e-14,-1.595085330227e-15,3.492328954668e+03,-8.442548692485e-01,-2.171676893107e+02
