x,y,z,Bx,By,Bz,Ex,Ey,Ez
0.000000000000e+00,0.000000000000e+00,1.000000000000e+00,-2.872982741658e-16,1.658073381028e-14,-1.365900215819e-15,4.119961510098e+03,-1.214594257109e+00,-2.770844164742e+02
