x,y,z,Bx,By,Bz,Ex,Ey,Ez
0.000000000000e+00,0.000000000000e+00,1.000000000000e+00,-7.363710000552e-18,1.080306493975e-15,-3.386130426541e-17,6.548870410068e+02,-7.466956161870e-03,-1.804747090287e+01
