x,y,z,Bx,By,Bz,Ex,Ey,Ez
0.000000000000e+00,0.000000000000e+00,1.000000000000e+00,-1.368204997300e-18,3.401022831936e-16,-7.411126194181e-17,3.027383125555e+02,1.227593779250e-02,-5.685062505706e+00
