x,y,z,Bx,By,Bz,Ex,Ey,Ez
0.000000000000e+00,0.000000000000e+00,1.000000000000e+00,8.602035358532e-19,2.152147285574e-16,-3.966116683691e-17,-2.230281194244e+02,5.167339125010e-04,-3.598014872459e+00
