x,y,z,Bx,By,Bz,Ex,Ey,Ez
0.000000000000e+00,0.000000000000e+00,1.000000000000e+00,3.744802703256e-17,3.677730762563e-15,-4.113720054188e-16,-1.488995513428e+03,-1.633639043489e-03,-6.142868951922e+01
