x,y,z,Bx,By,Bz,Ex,Ey,Ez
0.000000000000e+00,0.000000000000e+00,1.000000000000e+00,-1.257252412027e-19,6.303271528535e-17,-4.905320999627e-18,9.827679384447e+01,9.242196671376e-04,-1.053566716405e+00
