x,y,z,Bx,By,Bz,Ex,Ey,Ez
0.000000000000e+00,0.000000000000e+00,1.000000000000e+00,3.863509848278e-15,1.174913613623e-13,-1.272549324706e-14,-1.610495179330e+04,-6.390469893838e+00,-1.962114855508e+03
