x,y,z,Bx,By,Bz,Ex,Ey,Ez
0.000000000000e+00,0.000000000000e+00,1.000000000000e+00,7.707143996408e-19,1.671506850910e-16,-2.213606656864e-17,-1.882139443592e+02,1.000009466993e-02,-2.790630851997e+00
