x,y,z,Bx,By,Bz,Ex,Ey,Ez
0.000000000000e+00,0.000000000000e+00,1.000000000000e+00,4.318486960563e-18,6.135879661676e-16,1.853255837271e-18,-4.484173783857e+02,-2.598214046133e-02,-1.024279888456e+01
