x,y,z,Bx,By,Bz,Ex,Ey,Ez
0.000000000000e+00,0.000000000000e+00,1.000000000000e+00,-4.658079164880e-18,7.299509658552e-16,-1.254235339254e-16,5.041896008887e+02,3.527556364549e-03,-1.219991182960e+01
