x,y,z,Bx,By,Bz,Ex,Ey,Ez
0.000000000000e+00,0.000000000000e+00,1.000000000000e+00,-3.404062789986e-16,1.888579648807e-14,-1.301180096866e-15,4.499629024072e+03,-1.100198959876e+00,-3.154333364764e+02
