x,y,z,Bx,By,Bz,Ex,Ey,Ez
0.000000000000e+00,0.000000000000e+00,1.000000000000e+00,1.168441076416e-14,2.730438344681e-13,-2.934154285804e-14,-2.992591659323e+04,-1.019060386946e+01,-4.560914420887e+03
