x,y,z,Bx,By,Bz,Ex,Ey,Ez
0.000000000000e+00,0.000000000000e+00,1.000000000000e+00,-4.134796447923e-19,1.221002457461e-16,-3.078333412427e-17,1.526863783770e+02,-2.026450113835e-03,-2.039332464164e+00
