x,y,z,Bx,By,Bz,Ex,Ey,Ez
0.000000000000e+00,0.000000000000e+00,1.000000000000e+00,-4.132794029681e-18,6.574147929552e-16,-6.272993363096e-17,4.698181281737e+02,2.251173097083e-02,-1.097851106534e+01
