x,y,z,Bx,By,Bz,Ex,Ey,Ez
0.000000000000e+00,0.000000000000e+00,1.000000000000e+00,-9.118306586968e-19,2.328546715822e-16,3.552531620322e-17,2.347599380824e+02,-2.283656252764e-02,-3.886327892149e+00
