x,y,z,Bx,By,Bz,Ex,Ey,Ez
0.000000000000e+00,0.000000000000e+00,1.000000000000e+00,1.596975846678e-18,3.206825808637e-16,-1.591803760661e-17,-2.910692126586e+02,-6.148430199690e-03,-5.362382973338e+00
