x,y,z,Bx,By,Bz,Ex,Ey,Ez
0.000000000000e+00,0.000000000000e+00,1.000000000000e+00,-1.633367914769e-19,6.696488696976e-17,-2.114818567713e-17,1.022100364347e+02,-4.802513146844e-04,-1.117373604203e+00
