x,y,z,Bx,By,Bz,Ex,Ey,Ez
0.000000000000e+00,0.000000000000e+00,1.000000000000e+00,-2.216139986915e-19,9.339854297307e-17,3.012255222158e-18,1.276578082005e+02,-5.116009982498e-03,-1.559476822534e+00
