x,y,z,Bx,By,Bz,Ex,Ey,Ez
0.000000000000e+00,0.000000000000e+00,1.000000000000e+00,2.553186724171e-17,2.572557293785e-15,-2.096790601152e-16,-1.171183296863e+03,5.497290839972e-02,-4.297494561951e+01
