x,y,z,Bx,By,Bz,Ex,Ey,Ez
0.000000000000e+00,0.000000000000e+00,1.000000000000e+00,-3.922174517573e-19,1.014943050698e-16,-1.637735190938e-17,1.349442789439e+02,1.796560004059e-03,-1.694853339232e+00
