x,y,z,Bx,By,Bz,Ex,Ey,Ez
0.000000000000e+00,0.000000000000e+00,1.000000000000e+00,1.120641338650e-18,2.540852583865e-16,-2.237352889609e-18,-2.491230519986e+02,-7.875960726253e-03,-4.247434852774e+00
