x,y,z,Bx,By,Bz,Ex,Ey,Ez
0.000000000000e+00,0.000000000000e+00,1.000000000000e+00,8.932557534140e-19,2.132413333412e-16,-3.907126682449e-17,-2.216606886639e+02,1.597115028214e-03,-3.565050709080e+00
