x,y,z,Bx,By,Bz,Ex,Ey,Ez
0.000000000000e+00,0.000000000000e+00,1.000000000000e+00,4.882468803208e-19,1.308511836333e-16,-4.896992730509e-17,-1.599510255593e+02,-3.677759806460e-03,-2.186152863904e+00
