x,y,z,Bx,By,Bz,Ex,Ey,Ez
0.000000000000e+00,0.000000000000e+00,1.000000000000e+00,-3.860648907862e-17,3.429737515067e-15,2.671555832068e-16,1.419274929124e+03,-5.430437185638e-02,-5.726699743751e+01
