x,y,z,Bx,By,Bz,Ex,Ey,Ez
0.000000000000e+00,0.000000000000e+00,1.000000000000e+00,-4.434621442805e-17,3.878984532918e-15,5.542181330590e-17,1.543040734995e+03,3.262812826420e-01,-6.483671420660e+01
