x,y,z,Bx,By,Bz,Ex,Ey,Ez
0.000000000000e+00,0.000000000000e+00,1.000000000000e+00,-5.727770303825e-19,1.453877212902e-16,-4.153421530557e-17,1.715867350582e+02,-2.706122609819e-03,-2.429077062956e+00
