x,y,z,Bx,By,Bz,Ex,Ey,Ez
0.000000000000e+00,0.000000000000e+00,1.000000000000e+00,2.021598880660e-19,9.999794225428e-17,-9.677327742426e-18,-1.336581533557e+02,-4.182295549132e-03,-1.670625530168e+00
