x,y,z,Bx,By,Bz,Ex,Ey,Ez
0.000000000000e+00,0.000000000000e+00,1.000000000000e+00,2.206645262332e-18,4.074586878766e-16,-2.376042177520e-17,-3.413094914988e+02,3.981329453713e-03,-6.806047799120e+00
