x,y,z,Bx,By,Bz,Ex,Ey,Ez
0.000000000000e+00,0.000000000000e+00,1.000000000000e+00,-4.582261862815e-19,1.288209424638e-16,6.302140253257e-18,1.582682726013e+02,-2.594373427763e-03,-2.152335944645e+00
