x,y,z,Bx,By,Bz,Ex,Ey,Ez
0.000000000000e+00,0.000000000000e+00,1.000000000000e+00,4.536405502984e-18,7.565775980355e-16,-9.980660588905e-17,-5.159992880516e+02,4.978618819486e-02,-1.263252823766e+01
