x,y,z,Bx,By,Bz,Ex,Ey,Ez
0.000000000000e+00,0.000000000000e+00,1.000000000000e+00,9.258601682195e-16,3.930848248684e-14,-4.597953619897e-15,-7.456956723753e+03,1.978747384826e+00,-6.571303222055e+02
