x,y,z,Bx,By,Bz,Ex,Ey,Ez
0.000000000000e+00,0.000000000000e+00,1.000000000000e+00,5.610170900735e-19,1.593023504837e-16,1.841642193937e-17,-1.822195052229e+02,6.333363211233e-03,-2.658807367155e+00
