x,y,z,Bx,By,Bz,Ex,Ey,Ez
0.000000000000e+00,0.000000000000e+00,1.000000000000e+00,-4.314132372348e-14,7.514863981228e-13,-1.017976570959e-13,6.666908478708e+04,-5.166784725789e+01,-1.255709118301e+04
