x,y,z,Bx,By,Bz,Ex,Ey,Ez
0.000000000000e+00,0.000000000000e+00,1.000000000000e+00,-4.084893270451e-19,1.036764492279e-16,-2.086158163410e-17,1.369058031050e+02,5.067046323542e-04,-1.731892814570e+00
