x,y,z,Bx,By,Bz,Ex,Ey,Ez
0.000000000000e+00,0.000000000000e+00,1.000000000000e+00,1.043271057549e-18,2.584588958609e-16,4.759857081682e-18,-2.519813582116e+02,-5.700232477058e-03,-4.320683745929e+00
