x,y,z,Bx,By,Bz,Ex,Ey,Ez
0.000000000000e+00,0.000000000000e+00,1.000000000000e+00,-1.805374849557e-17,1.942818266251e-15,-2.112581071053e-16,9.700873991036e+02,-2.161880570681e-02,-3.243824666668e+01
