x,y,z,Bx,By,Bz,Ex,Ey,Ez
0.000000000000e+00,0.000000000000e+00,1.000000000000e+00,-1.397286198337e-18,2.624061602600e-16,-7.422088595290e-18,2.544555342471e+02,1.640189616286e-03,-4.385261753243e+00
