x,y,z,Bx,By,Bz,Ex,Ey,Ez
0.000000000000e+00,0.000000000000e+00,1.000000000000e+00,1.385799557022e-16,9.467098340086e-15,-1.212625262231e-15,-2.818574939121e+03,-5.458203932079e-02,-1.582757432378e+02
