x,y,z,Bx,By,Bz,Ex,Ey,Ez
0.000000000000e+00,0.000000000000e+00,1.000000000000e+00,3.805806572826e-19,1.185403010534e-16,-1.129889058490e-17,-1.498078551923e+02,8.382617210907e-03,-1.982073805315e+00
