x,y,z,Bx,By,Bz,Ex,Ey,Ez
0.000000000000e+00,0.000000000000e+00,1.000000000000e+00,4.109192043930e-18,6.908236817030e-16,2.432995495951e-17,-4.858548041901e+02,3.258367072793e-02,-1.154827071623e+01
