x,y,z,Bx,By,Bz,Ex,Ey,Ez
0.000000000000e+00,0.000000000000e+00,1.000000000000e+00,7.459243285915e-16,3.296986885514e-14,-3.467756047707e-15,-6.599777899540e+03,2.410597264831e+00,-5.509506165728e+02
