x,y,z,Bx,By,Bz,Ex,Ey,Ez
0.000000000000e+00,0.000000000000e+00,1.000000000000e+00,-3.942200951550e-19,1.084469181952e-16,2.140457430785e-18,1.411241559752e+02,4.557150160615e-05,-1.812557049273e+00
