x,y,z,Bx,By,Bz,Ex,Ey,Ez
0.000000000000e+00,0.000000000000e+00,1.000000000000e+00,-5.551015867797e-15,1.538323653176e-13,-1.570704034670e-14,1.958538550755e+04,3.262340194290e+00,-2.571271962887e+03
