x,y,z,Bx,By,Bz,Ex,Ey,Ez
0.000000000000e+00,0.000000000000e+00,1.000000000000e+00,-3.492217159357e-18,6.153503884264e-16,-4.868986940843e-17,4.494835758260e+02,2.043669585323e-02,-1.027553119859e+01
