x,y,z,Bx,By,Bz,Ex,Ey,Ez
0.000000000000e+00,0.000000000000e+00,1.000000000000e+00,1.535731587215e-16,1.045163081303e-14,-1.357832755401e-15,-3.013861110164e+03,-3.012678407395e-01,-1.747272501577e+02
