x,y,z,Bx,By,Bz,Ex,Ey,Ez
0.000000000000e+00,0.000000000000e+00,1.000000000000e+00,1.122158118654e-17,1.364547562279e-15,-2.117868328384e-16,-7.660266009383e+02,3.979598686059e-02,-2.280126987878e+01
