x,y,z,Bx,By,Bz,Ex,Ey,Ez
0.000000000000e+00,0.000000000000e+00,1.000000000000e+00,2.776710956814e-17,2.755939663892e-15,-2.260235544687e-16,-1.226911001681e+03,6.375858588936e-02,-4.605538470517e+01
