x,y,z,Bx,By,Bz,Ex,Ey,Ez
0.000000000000e+00,0.000000000000e+00,1.000000000000e+00,-1.287487408028e-18,2.878604055627e-16,2.127012616109e-17,2.706797188131e+02,2.056163531485e-02,-4.810292740511e+00
