x,y,z,Bx,By,Bz,Ex,Ey,Ez
0.000000000000e+00,0.000000000000e+00,1.000000000000e+00,-8.052792203132e-18,1.138099935063e-15,-6.059150813182e-17,6.779621470015e+02,5.769094477918e-03,-1.900592246238e+01
