x,y,z,Bx,By,Bz,Ex,Ey,Ez
0.000000000000e+00,0.000000000000e+00,1.000000000000e+00,-2.620990168960e-19,7.247842792142e-17,1.007798814208e-17,1.078548681333e+02,-1.382049081120e-03,-1.211389929219e+00
