x,y,z,Bx,By,Bz,Ex,Ey,Ez
0.000000000000e+00,0.000000000000e+00,1.000000000000e+00,4.226131966088e-18,6.768555817679e-16,3.863913893435e-17,-4.792826390361e+02,2.203234370893e-02,-1.131596683478e+01
