x,y,z,Bx,By,Bz,Ex,Ey,Ez
0.000000000000e+00,0.000000000000e+00,1.000000000000e+00,-7.166812988260e-18,1.038547312553e-15,-1.460349274254e-17,6.379341920827e+02,-2.170501641383e-02,-1.735381085451e+01
