x,y,z,Bx,By,Bz,Ex,Ey,Ez
0.000000000000e+00,0.000000000000e+00,1.000000000000e+00,2.262452829296e-13,2.680601026525e-12,-5.503282854825e-13,-2.105185254644e+05,2.238499880310e+02,-4.480794679210e+04
