x,y,z,Bx,By,Bz,Ex,Ey,Ez
0.000000000000e+00,0.000000000000e+00,1.000000000000e+00,-1.144894270170e-19,6.363005395106e-17,-3.663405420963e-18,9.888206268018e+01,9.959172793855e-04,-1.063304864716e+00
