x,y,z,Bx,By,Bz,Ex,Ey,Ez
0.000000000000e+00,0.000000000000e+00,1.000000000000e+00,-4.229492768697e-19,1.228004514869e-16,-2.784028299816e-17,1.532704835750e+02,-2.631262678151e-03,-2.051057658672e+00
