x,y,z,Bx,By,Bz,Ex,Ey,Ez
0.000000000000e+00,0.000000000000e+00,1.000000000000e+00,-6.861817196537e-15,1.815285857327e-13,-2.065415853669e-14,2.211483117005e+04,3.237804085111e+00,-3.033968673148e+03
