x,y,z,Bx,By,Bz,Ex,Ey,Ez
0.000000000000e+00,0.000000000000e+00,1.000000000000e+00,2.868523048580e-19,9.219442300161e-17,-6.608961053823e-18,-1.266244022936e+02,4.717446150960e-04,-1.540610716286e+00
