x,y,z,Bx,By,Bz,Ex,Ey,Ez
0.000000000000e+00,0.000000000000e+00,1.000000000000e+00,-1.014944473958e-17,1.254914842757e-15,-4.931047184809e-17,7.238758541503e+02,2.891341792256e-02,-2.096184629829e+01
