x,y,z,Bx,By,Bz,Ex,Ey,Ez
0.000000000000e+00,0.000000000000e+00,1.000000000000e+00,-2.156125197130e-19,7.496639788399e-17,-6.366601003226e-18,1.103234282955e+02,4.796608361350e-04,-1.253119440204e+00
