x,y,z,Bx,By,Bz,Ex,Ey,Ez
0.000000000000e+00,0.000000000000e+00,1.000000000000e+00,1.006691932919e-18,2.360860387169e-16,-3.056502217724e-17,-2.370364277440e+02,-8.275446419408e-03,-3.942030525217e+00
