x,y,z,Bx,By,Bz,Ex,Ey,Ez
0.000000000000e+00,0.000000000000e+00,1.000000000000e+00,-5.954822234979e-18,8.863188979184e-16,-7.779371977928e-17,5.735752564449e+02,-6.461929949135e-02,-1.479862356553e+01
