x,y,z,Bx,By,Bz,Ex,Ey,Ez
0.000000000000e+00,0.000000000000e+00,1.000000000000e+00,1.124229394521e-16,7.843953368726e-15,-7.653783242880e-16,-2.480573415654e+03,1.764489052277e-01,-1.310705747033e+02
