x,y,z,Bx,By,Bz,Ex,Ey,Ez
0.000000000000e+00,0.000000000000e+00,1.000000000000e+00,-2.230596614340e-19,7.919021454719e-17,-2.766019505492e-18,1.143716135686e+02,-1.110294435774e-03,-1.322684856893e+00
