x,y,z,Bx,By,Bz,Ex,Ey,Ez
0.000000000000e+00,0.000000000000e+00,1.000000000000e+00,-6.072230547306e-18,8.928801053319e-16,-7.121346524905e-17,5.764111408974e+02,-6.477147618086e-02,-1.490853631288e+01
