x,y,z,Bx,By,Bz,Ex,Ey,Ez
0.000000000000e+00,0.000000000000e+00,1.000000000000e+00,-7.148530649300e-18,1.030479254175e-15,-1.204657035495e-17,6.346238858613e+02,-2.483396001824e-02,-1.721937661472e+01
