x,y,z,Bx,By,Bz,Ex,Ey,Ez
0.000000000000e+00,0.000000000000e+00,1.000000000000e+00,-1.434448353072e-18,3.014695960996e-16,-1.477145699731e-17,2.791647564105e+02,2.957740554612e-02,-5.037099034314e+00
