x,y,z,Bx,By,Bz,Ex,Ey,Ez
0.000000000000e+00,0.000000000000e+00,1.000000000000e+00,4.549026830661e-19,1.511687032572e-16,2.817468230030e-17,-1.760379227826e+02,-5.354800352151e-03,-2.524809988080e+00
