x,y,z,Bx,By,Bz,Ex,Ey,Ez
0.000000000000e+00,0.000000000000e+00,1.000000000000e+00,7.950904353435e-19,2.256206390678e-16,-3.634311312479e-17,-2.300542716203e+02,-4.537250217003e-03,-3.769132000744e+00
