x,y,z,Bx,By,Bz,Ex,Ey,Ez
0.000000000000e+00,0.000000000000e+00,1.000000000000e+00,1.087911908898e-12,8.801398438691e-12,-3.479590807057e-12,-7.520943197503e+05,1.260069457508e+03,-1.471052045536e+05
