x,y,z,Bx,By,Bz,Ex,Ey,Ez
0.000000000000e+00,0.000000000000e+00,1.000000000000e+00,-2.543124476838e-18,4.159588669370e-16,-9.295042308733e-18,3.458780767457e+02,-5.708200092888e-02,-6.943943413164e+00
