x,y,z,Bx,By,Bz,Ex,Ey,Ez
0.000000000000e+00,0.000000000000e+00,1.000000000000e+00,2.116964292646e-18,3.927448140476e-16,-4.225589483622e-17,-3.330173991158e+02,3.677341053638e-03,-6.559797895004e+00
