x,y,z,Bx,By,Bz,Ex,Ey,Ez
0.000000000000e+00,0.000000000000e+00,1.000000000000e+00,-4.105000185187e-19,1.047920374705e-16,-1.781473234777e-17,1.379013589613e+02,-1.342865432797e-04,-1.750812898346e+00
