x,y,z,Bx,By,Bz,Ex,Ey,Ez
0.000000000000e+00,0.000000000000e+00,1.000000000000e+00,-1.386233629646e-18,3.633987813753e-16,-1.049906647814e-16,3.162172705408e+02,-8.390251250749e-03,-6.067816463836e+00
