x,y,z,Bx,By,Bz,Ex,Ey,Ez
0.000000000000e+00,0.000000000000e+00,1.000000000000e+00,-3.000748482309e-18,5.674308070028e-16,-7.667943348143e-17,4.258879618191e+02,2.373552974277e-02,-9.478843006630e+00
