x,y,z,Bx,By,Bz,Ex,Ey,Ez
0.000000000000e+00,0.000000000000e+00,1.000000000000e+00,-9.695410889438e-19,1.795634655462e-16,1.091497495971e-17,1.975900998899e+02,1.026578860451e-02,-3.001843889199e+00
