x,y,z,Bx,By,Bz,Ex,Ey,Ez
0.000000000000e+00,0.000000000000e+00,1.000000000000e+00,3.718809782869e-19,1.234805041687e-16,-2.952240622907e-17,-1.538680375457e+02,6.462086596899e-03,-2.062866997812e+00
