x,y,z,Bx,By,Bz,Ex,Ey,Ez
0.000000000000e+00,0.000000000000e+00,1.000000000000e+00,1.382710464830e-18,3.365403178758e-16,5.916430408893e-18,-3.004976128294e+02,7.152295518291e-04,-5.624673590765e+00
