x,y,z,Bx,By,Bz,Ex,Ey,Ez
0.000000000000e+00,0.000000000000e+00,1.000000000000e+00,1.672770390417e-19,6.161943527506e-17,-1.018886917587e-17,-9.678273466049e+01,-5.405192733108e-04,-1.029766066354e+00
