x,y,z,Bx,By,Bz,Ex,Ey,Ez
0.000000000000e+00,0.000000000000e+00,1.000000000000e+00,-3.412774129383e-17,3.221511975770e-15,1.180966695764e-16,1.360593755904e+03,-2.203944106416e-01,-5.376540271831e+01
