x,y,z,Bx,By,Bz,Ex,Ey,Ez
0.000000000000e+00,0.000000000000e+00,1.000000000000e+00,4.507704730355e-19,1.496114296502e-16,2.489900660980e-17,-1.748421850697e+02,-7.563141978209e-03,-2.499107781848e+00
