x,y,z,Bx,By,Bz,Ex,Ey,Ez
0.000000000000e+00,0.000000000000e+00,1.000000000000e+00,-2.693773486000e-18,4.641623159190e-16,8.507664465586e-17,3.724449517685e+02,6.126391214205e-03,-7.759978270612e+00
