x,y,z,Bx,By,Bz,Ex,Ey,Ez
0.000000000000e+00,0.000000000000e+00,1.000000000000e+00,-2.057609114808e-19,9.207770620286e-17,-1.325098816064e-17,1.264817368202e+02,-5.292036453129e-03,-1.537892630470e+00
