x,y,z,Bx,By,Bz,Ex,Ey,Ez
0.000000000000e+00,0.000000000000e+00,1.000000000000e+00,-2.273441812377e-17,2.655051253828e-15,-4.729871771872e-16,1.196634343457e+03,-2.145296145275e-01,-4.435582192117e+01
