x,y,z,Bx,By,Bz,Ex,Ey,Ez
0.000000000000e+00,0.000000000000e+00,1.000000000000e+00,-1.055048740994e-13,1.505985057093e-12,-2.538523529601e-13,1.218507645957e+05,-6.209634968825e+01,-2.514774774601e+04
