x,y,z,Bx,By,Bz,Ex,Ey,Ez
0.000000000000e+00,0.000000000000e+00,1.000000000000e+00,1.677833473015e-19,6.325644915260e-17,-1.756284817361e-18,-9.847093641231e+01,-8.261848914080e-04,-1.056835916619e+00
