x,y,z,Bx,By,Bz,Ex,Ey,Ez
0.000000000000e+00,0.000000000000e+00,1.000000000000e+00,-1.356531092450e-18,2.519229081845e-16,2.059610597413e-18,2.474854439785e+02,-2.076732817148e-03,-4.206619626596e+00
