x,y,z,Bx,By,Bz,Ex,Ey,Ez
0.000000000000e+00,0.000000000000e+00,1.000000000000e+00,-2.767979726156e-18,4.416380818012e-16,8.891362204829e-17,3.601635062638e+02,-3.075003069532e-02,-7.380084687471e+00
