x,y,z,Bx,By,Bz,Ex,Ey,Ez
0.000000000000e+00,0.000000000000e+00,1.000000000000e+00,-4.485082457678e-19,1.316114397017e-16,1.124935666172e-17,1.605485717764e+02,-1.393884855304e-04,-2.199003227374e+00
