x,y,z,Bx,By,Bz,Ex,Ey,Ez
0.000000000000e+00,0.000000000000e+00,1.000000000000e+00,-2.601034597433e-18,4.195058138257e-16,8.298490127999e-18,3.478634984106e+02,-5.570017475104e-02,-7.004133970515e+00
