x,y,z,Bx,By,Bz,Ex,Ey,Ez
0.000000000000e+00,0.000000000000e+00,1.000000000000e+00,2.590862534987e-17,2.599692445087e-15,-2.106131434204e-16,-1.179505549214e+03,5.607458146844e-02,-4.343068202446e+01
