x,y,z,Bx,By,Bz,Ex,Ey,Ez
0.000000000000e+00,0.000000000000e+00,1.000000000000e+00,-8.453416339097e-18,1.161351478540e-15,-6.602297930046e-17,6.871619966990e+02,9.642051406621e-03,-1.939270209736e+01
