x,y,z,Bx,By,Bz,Ex,Ey,Ez
0.000000000000e+00,0.000000000000e+00,1.000000000000e+00,-1.717665474125e-19,6.717690702006e-17,-2.186410663847e-17,1.024234038399e+02,-7.582415050313e-04,-1.120875873044e+00
