x,y,z,Bx,By,Bz,Ex,Ey,Ez
0.000000000000e+00,0.000000000000e+00,1.000000000000e+00,-4.260557535303e-18,6.662354641063e-16,-6.969511853502e-17,4.740524619717e+02,2.207111601266e-02,-1.112672656770e+01
