x,y,z,Bx,By,Bz,Ex,Ey,Ez
0.000000000000e+00,0.000000000000e+00,1.000000000000e+00,8.707271964108e-17,6.571483600638e-15,-4.522981462834e-16,-2.199947476538e+03,1.197721184386e-01,-1.097388962444e+02
