x,y,z,Bx,By,Bz,Ex,Ey,Ez
0.000000000000e+00,0.000000000000e+00,1.000000000000e+00,4.593248454968e-19,1.401772352273e-16,-1.659591709213e-17,-1.674837659961e+02,-1.376571787623e-02,-2.342651910781e+00
