x,y,z,Bx,By,Bz,Ex,Ey,Ez
0.000000000000e+00,0.000000000000e+00,1.000000000000e+00,4.719111917194e-17,4.255499904013e-15,-4.105414605922e-16,-1.642205788219e+03,-6.845334785476e-02,-7.107059448058e+01
