x,y,z,Bx,By,Bz,Ex,Ey,Ez
0.000000000000e+00,0.000000000000e+00,1.000000000000e+00,2.935367559586e-17,2.941342684273e-15,-2.701651772979e-16,-1.281977746006e+03,6.668216687053e-02,-4.916446995774e+01
