x,y,z,Bx,By,Bz,Ex,Ey,Ez
0.000000000000e+00,0.000000000000e+00,1.000000000000e+00,9.493207306636e-19,2.338543356231e-16,-3.218155651231e-17,-2.355406784069e+02,-7.600519205360e-03,-3.904759707346e+00
