x,y,z,Bx,By,Bz,Ex,Ey,Ez
0.000000000000e+00,0.000000000000e+00,1.000000000000e+00,-2.449477699614e-15,8.154191503405e-14,-8.140638875253e-15,1.240771368127e+04,-8.917848773734e-01,-1.361308429249e+03
