x,y,z,Bx,By,Bz,Ex,Ey,Ez
0.000000000000e+00,0.000000000000e+00,1.000000000000e+00,3.163994942782e-12,6.482108290869e-11,1.604935826203e-10,3.195909311021e+05,-1.110736273932e+04,-1.081713278208e+06
