x,y,z,Bx,By,Bz,Ex,Ey,Ez
0.000000000000e+00,0.000000000000e+00,1.000000000000e+00,-8.891341956677e-17,6.950699362215e-15,-2.269306787194e-16,2.287695050402e+03,1.992273526408e-02,-1.162746539841e+02
