x,y,z,Bx,By,Bz,Ex,Ey,Ez
0.000000000000e+00,0.000000000000e+00,1.000000000000e+00,3.920631811095e-19,1.246873355631e-16,-3.470342390885e-17,-1.548587859118e+02,5.334342223103e-03,-2.082758401761e+00
