x,y,z,Bx,By,Bz,Ex,Ey,Ez
0.000000000000e+00,0.000000000000e+00,1.000000000000e+00,1.492077132004e-17,1.799754274377e-15,-6.161470216362e-17,-9.217970799075e+02,-7.738226099518e-02,-3.006982138529e+01
