x,y,z,Bx,By,Bz,Ex,Ey,Ez
0.000000000000e+00,0.000000000000e+00,1.000000000000e+00,-2.136998595694e-15,7.401426457475e-14,-8.139721028319e-15,1.158699400216e+04,-4.678790631721e-01,-1.235302160626e+03
