x,y,z,Bx,By,Bz,Ex,Ey,Ez
0.000000000000e+00,0.000000000000e+00,1.000000000000e+00,-2.575257216507e-19,8.105141138124e-17,1.364197064057e-17,1.161541868528e+02,5.217690153884e-04,-1.353767391258e+00
