x,y,z,Bx,By,Bz,Ex,Ey,Ez
0.000000000000e+00,0.000000000000e+00,1.000000000000e+00,-1.365110029228e-18,3.613728704578e-16,-1.015027518280e-16,3.150606622836e+02,-6.158400159845e-03,-6.034613280711e+00
