x,y,z,Bx,By,Bz,Ex,Ey,Ez
0.000000000000e+00,0.000000000000e+00,1.000000000000e+00,1.522225003960e-16,1.036441478706e-14,-1.350254090330e-15,-2.996832222550e+03,-2.788124044870e-01,-1.732716511598e+02
