x,y,z,Bx,By,Bz,Ex,Ey,Ez
0.000000000000e+00,0.000000000000e+00,1.000000000000e+00,-7.777500696790e-19,2.184363136865e-16,-6.152210955714e-17,2.251152714912e+02,-2.635192764239e-02,-3.648112094504e+00
