x,y,z,Bx,By,Bz,Ex,Ey,Ez
0.000000000000e+00,0.000000000000e+00,1.000000000000e+00,-4.690978533758e-19,1.374918996181e-16,-1.214370478223e-17,1.652707505457e+02,3.284632201155e-03,-2.296480237895e+00
