x,y,z,Bx,By,Bz,Ex,Ey,Ez
0.000000000000e+00,0.000000000000e+00,1.000000000000e+00,3.779877804658e-18,5.924418666159e-16,-2.862844087762e-17,-4.378633201048e+02,-3.270853683129e-02,-9.882883859272e+00
