x,y,z,Bx,By,Bz,Ex,Ey,Ez
0.000000000000e+00,0.000000000000e+00,1.000000000000e+00,1.907659616199e-16,1.253671024214e-14,-1.306921525479e-15,-3.407479545751e+03,-7.237360507089e-01,-2.094584811002e+02
