x,y,z,Bx,By,Bz,Ex,Ey,Ez
0.000000000000e+00,0.000000000000e+00,1.000000000000e+00,5.387267639233e-19,1.111627347935e-16,3.537275242740e-18,-1.433925028483e+02,5.741631859454e-03,-1.856571160999e+00
