x,y,z,Bx,By,Bz,Ex,Ey,Ez
0.000000000000e+00,0.000000000000e+00,1.000000000000e+00,-4.378468456014e-17,3.810020687772e-15,1.258955697322e-16,1.524343533310e+03,2.801173945324e-01,-6.367729736467e+01
