x,y,z,Bx,By,Bz,Ex,Ey,Ez
0.000000000000e+00,0.000000000000e+00,1.000000000000e+00,-3.587909319390e-19,9.936887449156e-17,-6.010770957831e-19,1.330221516280e+02,1.811953017275e-03,-1.658850652591e+00
