x,y,z,Bx,By,Bz,Ex,Ey,Ez
0.000000000000e+00,0.000000000000e+00,1.000000000000e+00,-2.037225681467e-19,9.175084867206e-17,-1.748722151863e-17,1.261902914167e+02,-5.131788157186e-03,-1.532559943562e+00
