x,y,z,Bx,By,Bz,Ex,Ey,Ez
0.000000000000e+00,0.000000000000e+00,1.000000000000e+00,3.833969279606e-19,1.242036588309e-16,-3.264265103780e-17,-1.544613762192e+02,5.819321665614e-03,-2.074770983261e+00
