x,y,z,Bx,By,Bz,Ex,Ey,Ez
0.000000000000e+00,0.000000000000e+00,1.000000000000e+00,1.774110935043e-18,3.085368623709e-16,-4.531506754122e-17,-2.835521289156e+02,-4.737114160661e-03,-5.156113454976e+00
