x,y,z,Bx,By,Bz,Ex,Ey,Ez
0.000000000000e+00,0.000000000000e+00,1.000000000000e+00,2.923343093526e-17,2.925241749029e-15,-2.656843370320e-16,-1.277248244988e+03,6.694219210038e-02,-4.889491278490e+01
