x,y,z,Bx,By,Bz,Ex,Ey,Ez
0.000000000000e+00,0.000000000000e+00,1.000000000000e+00,1.565150213629e-17,1.877679334403e-15,-3.895471298991e-17,-9.483054731329e+02,-5.244380568044e-02,-3.137141019341e+01
