x,y,z,Bx,By,Bz,Ex,Ey,Ez
0.000000000000e+00,0.000000000000e+00,1.000000000000e+00,1.019199735109e-17,1.250319380029e-15,-7.884897375564e-17,-7.219783651257e+02,5.193245558683e-02,-2.087502897755e+01
