x,y,z,Bx,By,Bz,Ex,Ey,Ez
0.000000000000e+00,0.000000000000e+00,1.000000000000e+00,8.642092892003e-15,2.163000726812e-13,-2.301620870711e-14,-2.513817279819e+04,-1.002638465186e+01,-3.613272834833e+03
