x,y,z,Bx,By,Bz,Ex,Ey,Ez
0.000000000000e+00,0.000000000000e+00,1.000000000000e+00,8.060088397819e-19,2.267029509905e-16,-3.585067884298e-17,-2.307747913288e+02,-4.982998979032e-03,-3.786844548934e+00
