x,y,z,Bx,By,Bz,Ex,Ey,Ez
0.000000000000e+00,0.000000000000e+00,1.000000000000e+00,-1.278851419651e-17,1.695901146808e-15,-2.935280581536e-16,8.856684056575e+02,6.623844296953e-02,-2.831205066472e+01
