x,y,z,Bx,By,Bz,Ex,Ey,Ez
0.000000000000e+00,0.000000000000e+00,1.000000000000e+00,1.837131142716e-19,6.443845960528e-17,7.707371518897e-18,-9.968886045147e+01,5.366494112842e-05,-1.076521654230e+00
