x,y,z,Bx,By,Bz,Ex,Ey,Ez
0.000000000000e+00,0.000000000000e+00,1.000000000000e+00,4.669149532056e-19,1.385042106778e-16,-2.511644188516e-17,-1.661566902687e+02,-1.304399581955e-02,-2.314787719647e+00
