x,y,z,Bx,By,Bz,Ex,Ey,Ez
0.000000000000e+00,0.000000000000e+00,1.000000000000e+00,4.155783677927e-18,6.058085024050e-16,-9.687648963937e-18,-4.445353760951e+02,-2.918784171328e-02,-1.010996020125e+01
