x,y,z,Bx,By,Bz,Ex,Ey,Ez
0.000000000000e+00,0.000000000000e+00,1.000000000000e+00,2.852913231873e-19,8.420222920191e-17,-1.561111416089e-17,-1.191901055232e+02,-3.074378743271e-03,-1.406990412703e+00
