x,y,z,Bx,By,Bz,Ex,Ey,Ez
0.000000000000e+00,0.000000000000e+00,1.000000000000e+00,2.553810705351e-19,7.603949148701e-17,1.788189456942e-18,-1.112878552604e+02,-9.286113499788e-06,-1.269530829257e+00
