x,y,z,Bx,By,Bz,Ex,Ey,Ez
0.000000000000e+00,0.000000000000e+00,1.000000000000e+00,1.826303788319e-19,6.005755811931e-17,-2.509615810320e-18,-9.513448569038e+01,-1.776019704562e-04,-1.003616348715e+00
