x,y,z,Bx,By,Bz,Ex,Ey,Ez
0.000000000000e+00,0.000000000000e+00,1.000000000000e+00,-3.241316135054e-19,9.780500142853e-17,1.186712331305e-17,1.316075534983e+02,5.277772460092e-04,-1.632509133229e+00
