x,y,z,Bx,By,Bz,Ex,Ey,Ez
0.000000000000e+00,0.000000000000e+00,1.000000000000e+00,1.722297101106e-17,2.037988478960e-15,-7.179036864970e-17,-1.001680902741e+03,3.504704583082e-03,-3.404258182491e+01
