x,y,z,Bx,By,Bz,Ex,Ey,Ez
0.000000000000e+00,0.000000000000e+00,1.000000000000e+00,-1.095073596020e-17,1.341029544940e-15,-2.716311112093e-17,7.571382262534e+02,6.009553981979e-02,-2.241619725286e+01
