x,y,z,Bx,By,Bz,Ex,Ey,Ez
0.000000000000e+00,0.000000000000e+00,1.000000000000e+00,1.929032059690e-18,3.746373118063e-16,-4.928166901891e-17,-3.226161082709e+02,7.534748355723e-03,-6.255315611785e+00
