x,y,z,Bx,By,Bz,Ex,Ey,Ez
0.000000000000e+00,0.000000000000e+00,1.000000000000e+00,4.174857208411e-18,7.329110307401e-16,-5.124390696242e-17,-5.052520408564e+02,5.070342293983e-02,-1.224226529285e+01
