x,y,z,Bx,By,Bz,Ex,Ey,Ez
0.000000000000e+00,0.000000000000e+00,1.000000000000e+00,4.058868759554e-18,6.019593006462e-16,-1.532278678856e-17,-4.426134860548e+02,-3.045387205988e-02,-1.004438749838e+01
