x,y,z,Bx,By,Bz,Ex,Ey,Ez
0.000000000000e+00,0.000000000000e+00,1.000000000000e+00,2.308118994027e-18,4.181054724044e-16,-1.511254137719e-17,-3.472351527785e+02,6.484997010540e-03,-6.983788955275e+00
