x,y,z,Bx,By,Bz,Ex,Ey,Ez
0.000000000000e+00,0.000000000000e+00,1.000000000000e+00,-2.049635011157e-19,7.583485576336e-17,-1.265132962727e-17,1.111653978610e+02,2.863328870267e-04,-1.267455803279e+00
