x,y,z,Bx,By,Bz,Ex,Ey,Ez
0.000000000000e+00,0.000000000000e+00,1.000000000000e+00,-1.089913951226e-17,1.540933272108e-15,-1.588958535988e-16,8.310842369252e+02,1.117733407379e-01,-2.575255218970e+01
