x,y,z,Bx,By,Bz,Ex,Ey,Ez
0.000000000000e+00,0.000000000000e+00,1.000000000000e+00,-2.028289044284e-19,9.061915138141e-17,-3.100211615528e-17,1.251777334272e+02,-3.958385303924e-03,-1.514091937540e+00
