x,y,z,Bx,By,Bz,Ex,Ey,Ez
0.000000000000e+00,0.000000000000e+00,1.000000000000e+00,4.348014285665e-18,7.459493323564e-16,-7.844818853344e-17,-5.111811669919e+02,5.120829222037e-02,-1.245704154064e+01
