x,y,z,Bx,By,Bz,Ex,Ey,Ez
0.000000000000e+00,0.000000000000e+00,1.000000000000e+00,1.351271479355e-16,9.240752701641e-15,-1.161407659033e-15,-2.772690686202e+03,-4.509986795334e-03,-1.544876068092e+02
