x,y,z,Bx,By,Bz,Ex,Ey,Ez
0.000000000000e+00,0.000000000000e+00,1.000000000000e+00,-3.458111777035e-19,1.155362225463e-16,-1.565016317759e-17,1.471951811151e+02,3.767462711881e-03,-1.930476844429e+00
