x,y,z,Bx,By,Bz,Ex,Ey,Ez
0.000000000000e+00,0.000000000000e+00,1.000000000000e+00,-4.456235260912e-19,1.326521060291e-16,1.002158564332e-17,1.613910144988e+02,8.192961338986e-04,-2.216307821906e+00
