x,y,z,Bx,By,Bz,Ex,Ey,Ez
0.000000000000e+00,0.000000000000e+00,1.000000000000e+00,-3.600469259582e-19,1.179803009316e-16,-2.973514058434e-17,1.492452657583e+02,2.288935880417e-03,-1.970827494096e+00
