x,y,z,Bx,By,Bz,Ex,Ey,Ez
0.000000000000e+00,0.000000000000e+00,1.000000000000e+00,2.472723515728e-18,4.303392516545e-16,-1.698656524856e-17,-3.540073276270e+02,1.017750004668e-02,-7.188607777168e+00
