x,y,z,Bx,By,Bz,Ex,Ey,Ez
0.000000000000e+00,0.000000000000e+00,1.000000000000e+00,-2.318932704565e-16,1.347598081696e-14,-1.555380943925e-15,3.579127650061e+03,-9.479995586310e-01,-2.251828934511e+02
