x,y,z,Bx,By,Bz,Ex,Ey,Ez
0.000000000000e+00,0.000000000000e+00,1.000000000000e+00,-5.362374084595e-14,8.901177991627e-13,-1.248523412770e-13,7.683411438532e+04,-5.319900560642e+01,-1.487139568401e+04
