x,y,z,Bx,By,Bz,Ex,Ey,Ez
0.000000000000e+00,0.000000000000e+00,1.000000000000e+00,7.614841230381e-19,1.941439275026e-16,-2.546026572155e-18,-2.080197369449e+02,3.713730797326e-03,-3.241830736960e+00
