x,y,z,Bx,By,Bz,Ex,Ey,Ez
0.000000000000e+00,0.000000000000e+00,1.000000000000e+00,4.896777699799e-19,1.311040349118e-16,-4.883694512489e-17,-1.601595419008e+02,-4.091064659546e-03,-2.190428705492e+00
