x,y,z,Bx,By,Bz,Ex,Ey,Ez
0.000000000000e+00,0.000000000000e+00,1.000000000000e+00,2.700986826795e-19,7.879529663166e-17,-7.883706375134e-18,-1.140007459196e+02,1.158641024344e-03,-1.316180398696e+00
