x,y,z,Bx,By,Bz,Ex,Ey,Ez
0.000000000000e+00,0.000000000000e+00,1.000000000000e+00,-3.113864740508e-19,9.728853486570e-17,1.493109901933e-17,1.311413766284e+02,-1.150938152817e-04,-1.623851978975e+00
