x,y,z,Bx,By,Bz,Ex,Ey,Ez
0.000000000000e+00,0.000000000000e+00,1.000000000000e+00,-4.404359617687e-18,6.774639176288e-16,-7.956873811608e-17,4.794267944790e+02,2.077188440353e-02,-1.131575070916e+01
