x,y,z,Bx,By,Bz,Ex,Ey,Ez
0.000000000000e+00,0.000000000000e+00,1.000000000000e+00,-1.328077923722e-18,2.501312631704e-16,7.324169345266e-18,2.462845606937e+02,-3.115174904252e-03,-4.176091642828e+00
