x,y,z,Bx,By,Bz,Ex,Ey,Ez
0.000000000000e+00,0.000000000000e+00,1.000000000000e+00,2.916936008008e-19,9.364075884622e-17,-1.582815323379e-17,-1.279587534880e+02,1.916509417750e-04,-1.564961368883e+00
