x,y,z,Bx,By,Bz,Ex,Ey,Ez
0.000000000000e+00,0.000000000000e+00,1.000000000000e+00,9.553327453338e-16,4.034357777512e-14,-4.754388939355e-15,-7.592895171384e+03,1.872881751820e+00,-6.744549703918e+02
