x,y,z,Bx,By,Bz,Ex,Ey,Ez
0.000000000000e+00,0.000000000000e+00,1.000000000000e+00,-8.289417451296e-19,2.273612871126e-16,9.954038898909e-18,2.311128153296e+02,-2.821956109901e-02,-3.795726950041e+00
