x,y,z,Bx,By,Bz,Ex,Ey,Ez
0.000000000000e+00,0.000000000000e+00,1.000000000000e+00,-1.321901598114e-18,3.485710152770e-16,-8.170343191640e-17,3.076915006019e+02,5.852750040256e-03,-5.824668338541e+00
