x,y,z,Bx,By,Bz,Ex,Ey,Ez
0.000000000000e+00,0.000000000000e+00,1.000000000000e+00,3.861518415477e-13,4.057268459921e-12,-1.033130557992e-12,-3.217957269739e+05,4.764421347189e+02,-6.782589739734e+04
