x,y,z,Bx,By,Bz,Ex,Ey,Ez
0.000000000000e+00,0.000000000000e+00,1.000000000000e+00,3.138775436665e-18,5.738031278838e-16,-5.085038492690e-17,-4.285897890981e+02,-3.388170479723e-02,-9.570032350953e+00
