x,y,z,Bx,By,Bz,Ex,Ey,Ez
0.000000000000e+00,0.000000000000e+00,1.000000000000e+00,1.160447295930e-18,2.510514785547e-16,-8.072817221144e-18,-2.471117915804e+02,-8.916083640640e-03,-4.196119760889e+00
