x,y,z,Bx,By,Bz,Ex,Ey,Ez
0.000000000000e+00,0.000000000000e+00,1.000000000000e+00,2.718355304079e-19,8.859908816429e-17,6.851766390444e-18,-1.233101956730e+02,-1.759882944799e-03,-1.480631331834e+00
