x,y,z,Bx,By,Bz,Ex,Ey,Ez
0.000000000000e+00,0.000000000000e+00,1.000000000000e+00,-2.653749799785e-18,4.725403644691e-16,6.491105539079e-17,3.769428623216e+02,1.783621567520e-02,-7.900246325256e+00
