x,y,z,Bx,By,Bz,Ex,Ey,Ez
0.000000000000e+00,0.000000000000e+00,1.000000000000e+00,-3.486183440221e-19,1.164177174283e-16,-2.140599728794e-17,1.479359710353e+02,3.424048733040e-03,-1.945020071687e+00
