x,y,z,Bx,By,Bz,Ex,Ey,Ez
0.000000000000e+00,0.000000000000e+00,1.000000000000e+00,2.806519907933e-19,9.124204256376e-17,-6.988314186806e-19,-1.257464133593e+02,2.179188553320e-04,-1.524655847673e+00
