x,y,z,Bx,By,Bz,Ex,Ey,Ez
0.000000000000e+00,0.000000000000e+00,1.000000000000e+00,1.769405267817e-18,3.039085601516e-16,-5.219289768441e-17,-2.806247739939e+02,-2.659843958142e-03,-5.076520215371e+00
