x,y,z,Bx,By,Bz,Ex,Ey,Ez
0.000000000000e+00,0.000000000000e+00,1.000000000000e+00,1.284132661403e-15,5.153287369546e-14,-6.133169296270e-15,-9.003047239884e+03,3.774723335703e-01,-8.614542158653e+02
