x,y,z,Bx,By,Bz,Ex,Ey,Ez
0.000000000000e+00,0.000000000000e+00,1.000000000000e+00,1.637393016851e-19,6.238206990874e-17,-7.936578033698e-18,-9.757205736931e+01,-8.339552069901e-04,-1.042387257431e+00
