x,y,z,Bx,By,Bz,Ex,Ey,Ez
0.000000000000e+00,0.000000000000e+00,1.000000000000e+00,1.210371351253e-17,1.527642583894e-15,-2.648749591190e-16,-8.262451704526e+02,-4.307611450535e-02,-2.552752110832e+01
