x,y,z,Bx,By,Bz,Ex,Ey,Ez
0.000000000000e+00,0.000000000000e+00,1.000000000000e+00,3.529993387869e-18,5.849264663589e-16,-3.824693121915e-17,-4.341181811635e+02,-3.366436021205e-02,-9.756138770405e+00
