x,y,z,Bx,By,Bz,Ex,Ey,Ez
0.000000000000e+00,0.000000000000e+00,1.000000000000e+00,1.479081511461e-19,6.909226380034e-17,-1.437214394407e-17,-1.044796704484e+02,4.000258198298e-03,-1.154821707175e+00
