x,y,z,Bx,By,Bz,Ex,Ey,Ez
0.000000000000e+00,0.000000000000e+00,1.000000000000e+00,6.055552862272e-17,5.125570623864e-15,-3.730860908210e-16,-1.861067177112e+03,-6.693247340567e-02,-8.560948448642e+01
