x,y,z,Bx,By,Bz,Ex,Ey,Ez
0.000000000000e+00,0.000000000000e+00,1.000000000000e+00,-1.652697928598e-11,8.218774485490e-11,1.773152006444e-10,-1.382632214127e+06,-1.484239821155e+04,-1.372335219241e+06
