x,y,z,Bx,By,Bz,Ex,Ey,Ez
0.000000000000e+00,0.000000000000e+00,1.000000000000e+00,-1.375168451370e-18,3.623840266295e-16,-1.032502853281e-16,3.156381985787e+02,-7.260480554646e-03,-6.051184084220e+00
