x,y,z,Bx,By,Bz,Ex,Ey,Ez
0.000000000000e+00,0.000000000000e+00,1.000000000000e+00,-1.205596516891e-14,2.795879396471e-13,-3.800325745497e-14,3.053573433808e+04,-6.082980834013e+00,-4.672167345669e+03
