x,y,z,Bx,By,Bz,Ex,Ey,Ez
0.000000000000e+00,0.000000000000e+00,1.000000000000e+00,8.211792633310e-18,1.157471503831e-15,-1.400655924826e-17,-6.853452394766e+02,2.187923480303e-02,-1.931354126528e+01
