x,y,z,Bx,By,Bz,Ex,Ey,Ez
0.000000000000e+00,0.000000000000e+00,1.000000000000e+00,-1.187847413958e-17,1.642104309806e-15,-2.627804043934e-16,8.669044612844e+02,8.948338517050e-02,-2.742235880922e+01
