x,y,z,Bx,By,Bz,Ex,Ey,Ez
0.000000000000e+00,0.000000000000e+00,1.000000000000e+00,1.735229999103e-19,6.374732173093e-17,2.389763473721e-18,-9.897559424777e+01,-5.847625558365e-04,-1.064979325936e+00
