x,y,z,Bx,By,Bz,Ex,Ey,Ez
0.000000000000e+00,0.000000000000e+00,1.000000000000e+00,-1.089577961450e-18,2.402093930312e-16,3.759653622420e-17,2.396452243639e+02,-1.299687462643e-02,-4.008501351153e+00
