x,y,z,Bx,By,Bz,Ex,Ey,Ez
0.000000000000e+00,0.000000000000e+00,1.000000000000e+00,-3.653858345403e-19,1.114817878340e-16,6.073516515091e-18,1.437523033738e+02,2.397447280799e-03,-1.863357508624e+00
