x,y,z,Bx,By,Bz,Ex,Ey,Ez
0.000000000000e+00,0.000000000000e+00,1.000000000000e+00,6.686527957695e-18,1.094046214718e-15,-1.253999818570e-17,-6.601460038103e+02,-4.791187275105e-03,-1.826108759641e+01
