x,y,z,Bx,By,Bz,Ex,Ey,Ez
0.000000000000e+00,0.000000000000e+00,1.000000000000e+00,2.123638560164e-18,3.938483456319e-16,-4.097866150764e-17,-3.336445025286e+02,3.558601628902e-03,-6.578315290162e+00
