x,y,z,Bx,By,Bz,Ex,Ey,Ez
0.000000000000e+00,0.000000000000e+00,1.000000000000e+00,1.399347185124e-19,7.150209564337e-17,-2.266855460754e-17,-1.068336487904e+02,1.336565396325e-03,-1.193981429509e+00
