x,y,z,Bx,By,Bz,Ex,Ey,Ez
0.000000000000e+00,0.000000000000e+00,1.000000000000e+00,-5.745294294185e-19,1.459683083365e-16,-4.113089113913e-17,1.720507009574e+02,-3.362261082153e-03,-2.438931892401e+00
