x,y,z,Bx,By,Bz,Ex,Ey,Ez
0.000000000000e+00,0.000000000000e+00,1.000000000000e+00,-4.504068247823e-19,1.254042444312e-16,-1.255464872687e-17,1.554397625585e+02,-3.819533408455e-03,-2.094824247654e+00
