x,y,z,Bx,By,Bz,Ex,Ey,Ez
0.000000000000e+00,0.000000000000e+00,1.000000000000e+00,-9.250471386244e-17,7.544357361275e-15,-3.048491765733e-16,2.417459080778e+03,2.022475139010e-01,-1.261576254808e+02
