x,y,z,Bx,By,Bz,Ex,Ey,Ez
0.000000000000e+00,0.000000000000e+00,1.000000000000e+00,1.623427826491e-17,1.941514889960e-15,-4.208339134157e-17,-9.697429244245e+02,-2.907809856099e-02,-3.243616369434e+01
