x,y,z,Bx,By,Bz,Ex,Ey,Ez
0.000000000000e+00,0.000000000000e+00,1.000000000000e+00,9.318881450403e-17,6.862692393288e-15,-5.108414419047e-16,-2.265437254827e+03,1.499627368340e-01,-1.146119033150e+02
