x,y,z,Bx,By,Bz,Ex,Ey,Ez
0.000000000000e+00,0.000000000000e+00,1.000000000000e+00,4.917289302785e-19,1.556570327158e-16,2.873681808503e-17,-1.794571405452e+02,1.460470439470e-03,-2.598696579154e+00
