x,y,z,Bx,By,Bz,Ex,Ey,Ez
0.000000000000e+00,0.000000000000e+00,1.000000000000e+00,4.247084518873e-17,3.977035545413e-15,-4.233088224953e-16,-1.569196776255e+03,-4.062131489371e-02,-6.641821963221e+01
