x,y,z,Bx,By,Bz,Ex,Ey,Ez
0.000000000000e+00,0.000000000000e+00,1.000000000000e+00,2.912945881367e-19,9.396550692816e-17,-1.763905860962e-17,-1.282580582017e+02,2.344247604284e-05,-1.570441750030e+00
