x,y,z,Bx,By,Bz,Ex,Ey,Ez
0.000000000000e+00,0.000000000000e+00,1.000000000000e+00,5.715852949248e-18,9.870073742085e-16,-5.876263389624e-17,-6.169593689588e+02,-3.552978726613e-02,-1.650243267679e+01
