x,y,z,Bx,By,Bz,Ex,Ey,Ez
0.000000000000e+00,0.000000000000e+00,1.000000000000e+00,-1.043816373209e-18,2.384937829623e-16,4.004783244582e-17,2.385030959382e+02,-1.528532300868e-02,-3.979856730206e+00
