x,y,z,Bx,By,Bz,Ex,Ey,Ez
0.000000000000e+00,0.000000000000e+00,1.000000000000e+00,-3.259949491694e-16,1.831776548425e-14,-1.316540047417e-15,4.407454081822e+03,-1.145672966224e+00,-3.059837589843e+02
