x,y,z,Bx,By,Bz,Ex,Ey,Ez
0.000000000000e+00,0.000000000000e+00,1.000000000000e+00,4.307628198855e-18,7.433193186151e-16,-7.300222814930e-17,-5.099870583060e+02,5.130905007748e-02,-1.241368272757e+01
