x,y,z,Bx,By,Bz,Ex,Ey,Ez
0.000000000000e+00,0.000000000000e+00,1.000000000000e+00,-4.003547194723e-17,3.509694321194e-15,2.808968155085e-16,1.441611854273e+03,2.007663475538e-02,-5.861502758628e+01
