x,y,z,Bx,By,Bz,Ex,Ey,Ez
0.000000000000e+00,0.000000000000e+00,1.000000000000e+00,-1.760777526998e-19,6.728293507846e-17,-2.212435287505e-17,1.025303134746e+02,-9.015653900962e-04,-1.122632533374e+00
