x,y,z,Bx,By,Bz,Ex,Ey,Ez
0.000000000000e+00,0.000000000000e+00,1.000000000000e+00,-4.559237579858e-18,6.935863691938e-16,-9.454757929219e-17,4.871057730358e+02,1.736770328359e-02,-1.158759520110e+01
