x,y,z,Bx,By,Bz,Ex,Ey,Ez
0.000000000000e+00,0.000000000000e+00,1.000000000000e+00,-1.118475262235e-19,6.383194394912e-17,-3.705375186112e-18,9.908513728837e+01,1.028292708627e-03,-1.066578133430e+00
