x,y,z,Bx,By,Bz,Ex,Ey,Ez
0.000000000000e+00,0.000000000000e+00,1.000000000000e+00,-5.027158860642e-18,8.327369909166e-16,-1.276838831880e-16,5.502908046825e+02,-5.227504422510e-02,-1.390658729232e+01
