x,y,z,Bx,By,Bz,Ex,Ey,Ez
0.000000000000e+00,0.000000000000e+00,1.000000000000e+00,5.158213437172e-17,4.531392299831e-15,-3.941458449491e-16,-1.713086640114e+03,-8.104014004198e-02,-7.568395586126e+01
