x,y,z,Bx,By,Bz,Ex,Ey,Ez
0.000000000000e+00,0.000000000000e+00,1.000000000000e+00,6.539966581215e-18,8.850424798299e-16,-1.418282382339e-16,-5.736445403993e+02,-2.063645210462e-02,-1.479917059115e+01
