x,y,z,Bx,By,Bz,Ex,Ey,Ez
0.000000000000e+00,0.000000000000e+00,1.000000000000e+00,-2.597948540045e-19,9.524369020172e-17,1.701065073536e-17,1.293040685695e+02,-3.113474748022e-03,-1.589829075619e+00
