x,y,z,Bx,By,Bz,Ex,Ey,Ez
0.000000000000e+00,0.000000000000e+00,1.000000000000e+00,8.217990480864e-19,2.177345206497e-16,-3.950419075122e-17,-2.247547819757e+02,-8.339646254763e-04,-3.639795862079e+00
