x,y,z,Bx,By,Bz,Ex,Ey,Ez
0.000000000000e+00,0.000000000000e+00,1.000000000000e+00,1.091781834661e-17,1.313870010597e-15,-1.542829526308e-16,-7.466712591519e+02,5.277417793526e-02,-2.194810606329e+01
