x,y,z,Bx,By,Bz,Ex,Ey,Ez
0.000000000000e+00,0.000000000000e+00,1.000000000000e+00,5.863493350960e-19,1.603109571775e-16,1.403218005161e-17,-1.829846471937e+02,7.403689933886e-03,-2.675524988221e+00
