x,y,z,Bx,By,Bz,Ex,Ey,Ez
0.000000000000e+00,0.000000000000e+00,1.000000000000e+00,1.784137800399e-17,2.088668203611e-15,-9.360136824014e-17,-1.018254540647e+03,1.746969449966e-02,-3.488577028118e+01
