x,y,z,Bx,By,Bz,Ex,Ey,Ez
0.000000000000e+00,0.000000000000e+00,1.000000000000e+00,2.820216835892e-17,2.800743624835e-15,-2.345739343958e-16,-1.240338860174e+03,6.552427935939e-02,-4.680759163376e+01
