x,y,z,Bx,By,Bz,Ex,Ey,Ez
0.000000000000e+00,0.000000000000e+00,1.000000000000e+00,-7.120120719719e-16,3.253718862738e-14,-1.795721982400e-15,6.538921772270e+03,2.070733338273e+00,-5.441528535387e+02
