x,y,z,Bx,By,Bz,Ex,Ey,Ez
0.000000000000e+00,0.000000000000e+00,1.000000000000e+00,6.504797866264e-17,5.407223093420e-15,-3.648122072613e-16,-1.929195484911e+03,-4.248665316724e-02,-9.030840194498e+01
