x,y,z,Bx,By,Bz,Ex,Ey,Ez
0.000000000000e+00,0.000000000000e+00,1.000000000000e+00,4.714002933144e-19,1.376792364652e-16,-2.907803986722e-17,-1.654989299550e+02,-1.247919156114e-02,-2.301021539260e+00
