x,y,z,Bx,By,Bz,Ex,Ey,Ez
0.000000000000e+00,0.000000000000e+00,1.000000000000e+00,-1.168263692219e-16,9.034997134427e-15,-1.022884002010e-15,2.727956947269e+03,3.592374929342e-01,-1.507775264877e+02
