x,y,z,Bx,By,Bz,Ex,Ey,Ez
0.000000000000e+00,0.000000000000e+00,1.000000000000e+00,3.102145845827e-17,3.162434768601e-15,-3.289823204050e-16,-1.345925806685e+03,5.414940520032e-02,-5.285605512679e+01
