x,y,z,Bx,By,Bz,Ex,Ey,Ez
0.000000000000e+00,0.000000000000e+00,1.000000000000e+00,2.039098917245e-18,3.830135175929e-16,-4.999715731266e-17,-3.274507755732e+02,5.480895836004e-03,-6.396213236141e+00
