x,y,z,Bx,By,Bz,Ex,Ey,Ez
0.000000000000e+00,0.000000000000e+00,1.000000000000e+00,-5.520109981373e-19,1.644486483137e-16,1.176356599397e-17,1.860872341167e+02,-1.344037396071e-03,-2.743750414505e+00
