x,y,z,Bx,By,Bz,Ex,Ey,Ez
0.000000000000e+00,0.000000000000e+00,1.000000000000e+00,-3.669762794152e-18,6.276195236010e-16,-4.873072622187e-17,4.554410099569e+02,2.132563719787e-02,-1.047996340893e+01
