x,y,z,Bx,By,Bz,Ex,Ey,Ez
0.000000000000e+00,0.000000000000e+00,1.000000000000e+00,-2.722006352519e-12,1.689653116071e-11,-9.085631983438e-12,1.521030453223e+06,1.247284090336e+03,-2.821322034002e+05
