x,y,z,Bx,By,Bz,Ex,Ey,Ez
0.000000000000e+00,0.000000000000e+00,1.000000000000e+00,-2.251964698851e-16,1.311618175800e-14,-1.585469364472e-15,3.513730941945e+03,-8.715180167371e-01,-2.191356118965e+02
