x,y,z,Bx,By,Bz,Ex,Ey,Ez
0.000000000000e+00,0.000000000000e+00,1.000000000000e+00,5.085098216130e-18,7.810975694834e-16,-1.412487941192e-16,-5.270865145488e+02,4.093178759612e-02,-1.303967711027e+01
