x,y,z,Bx,By,Bz,Ex,Ey,Ez
0.000000000000e+00,0.000000000000e+00,1.000000000000e+00,-4.259842454895e-19,1.230347451290e-16,-2.670264681487e-17,1.534658828009e+02,-2.810557532911e-03,-2.054985980821e+00
