x,y,z,Bx,By,Bz,Ex,Ey,Ez
0.000000000000e+00,0.000000000000e+00,1.000000000000e+00,-2.407582759849e-16,1.397714003704e-14,-1.514213993532e-15,3.669199225934e+03,-1.036545737811e+00,-2.335947823359e+02
