x,y,z,Bx,By,Bz,Ex,Ey,Ez
0.000000000000e+00,0.000000000000e+00,1.000000000000e+00,-4.712990513518e-17,4.278778192399e-15,-4.349721215915e-16,1.648941241158e+03,4.468074684361e-01,-7.151899027791e+01
