x,y,z,Bx,By,Bz,Ex,Ey,Ez
0.000000000000e+00,0.000000000000e+00,1.000000000000e+00,-1.081691611701e-19,6.444498283630e-17,-5.251391653646e-18,9.969836124574e+01,1.094241820089e-03,-1.076480937581e+00
