x,y,z,Bx,By,Bz,Ex,Ey,Ez
0.000000000000e+00,0.000000000000e+00,1.000000000000e+00,-7.809868181701e-16,3.547599866838e-14,-2.444615584689e-15,6.942537419334e+03,2.707655699374e+00,-5.932821896994e+02
