x,y,z,Bx,By,Bz,Ex,Ey,Ez
0.000000000000e+00,0.000000000000e+00,1.000000000000e+00,1.938785053057e-17,2.195114347832e-15,-1.408538636628e-16,-1.052670574776e+03,3.807506986727e-02,-3.665774855840e+01
