x,y,z,Bx,By,Bz,Ex,Ey,Ez
0.000000000000e+00,0.000000000000e+00,1.000000000000e+00,-1.794077468539e-18,3.843995425893e-16,-1.205903557454e-16,3.281232181389e+02,-3.547392311742e-02,-6.413816623855e+00
