x,y,z,Bx,By,Bz,Ex,Ey,Ez
0.000000000000e+00,0.000000000000e+00,1.000000000000e+00,4.572964103941e-19,1.407416283927e-16,-1.363231749242e-17,-1.679296159778e+02,-1.387610239068e-02,-2.352039605992e+00
