x,y,z,Bx,By,Bz,Ex,Ey,Ez
0.000000000000e+00,0.000000000000e+00,1.000000000000e+00,-4.552396717451e-16,2.282322622462e-14,-1.150559395188e-15,5.119284147674e+03,-5.135857098907e-01,-3.811459469093e+02
