x,y,z,Bx,By,Bz,Ex,Ey,Ez
0.000000000000e+00,0.000000000000e+00,1.000000000000e+00,1.053741408310e-18,2.788927693070e-16,-1.437245499935e-17,-2.648309605644e+02,5.339278962912e-03,-4.654660802714e+00
