x,y,z,Bx,By,Bz,Ex,Ey,Ez
0.000000000000e+00,0.000000000000e+00,1.000000000000e+00,1.426605417305e-18,3.468466607471e-16,-3.517789783627e-18,-3.064968382569e+02,6.168028817881e-03,-5.793540806375e+00
