x,y,z,Bx,By,Bz,Ex,Ey,Ez
0.000000000000e+00,0.000000000000e+00,1.000000000000e+00,-4.535618869789e-19,1.258845187067e-16,-9.470272737677e-18,1.558390358330e+02,-3.830074018988e-03,-2.102914514106e+00
