x,y,z,Bx,By,Bz,Ex,Ey,Ez
0.000000000000e+00,0.000000000000e+00,1.000000000000e+00,-5.411277744786e-15,1.507733636500e-13,-1.518156229395e-14,1.930027427991e+04,3.176305825671e+00,-2.520148752525e+03
