x,y,z,Bx,By,Bz,Ex,Ey,Ez
0.000000000000e+00,0.000000000000e+00,1.000000000000e+00,-4.166861591969e-19,1.223332072036e-16,-2.988565625516e-17,1.528807337844e+02,-2.238343273271e-03,-2.043230927354e+00
