x,y,z,Bx,By,Bz,Ex,Ey,Ez
0.000000000000e+00,0.000000000000e+00,1.000000000000e+00,6.354155935469e-18,8.415689652294e-16,-1.689862944267e-16,-5.543324375210e+02,2.721710533149e-03,-1.405993304966e+01
