x,y,z,Bx,By,Bz,Ex,Ey,Ez
0.000000000000e+00,0.000000000000e+00,1.000000000000e+00,5.683989219173e-18,1.002518238118e-15,-4.863830528493e-17,-6.233182182651e+02,-3.318097771296e-02,-1.675765531542e+01
