x,y,z,Bx,By,Bz,Ex,Ey,Ez
0.000000000000e+00,0.000000000000e+00,1.000000000000e+00,1.843731560088e-19,7.327799808027e-17,-1.339265274927e-17,-1.085597086578e+02,-3.563602333859e-04,-1.223065928498e+00
