x,y,z,Bx,By,Bz,Ex,Ey,Ez
0.000000000000e+00,0.000000000000e+00,1.000000000000e+00,3.815871547886e-17,3.721827503545e-15,-4.152165314605e-16,-1.500930508151e+03,-7.352065350520e-03,-6.216298228782e+01
