x,y,z,Bx,By,Bz,Ex,Ey,Ez
0.000000000000e+00,0.000000000000e+00,1.000000000000e+00,1.858945145061e-18,3.705322736975e-16,-4.595610057043e-17,-3.202376813641e+02,8.421451853996e-03,-6.186409158205e+00
