x,y,z,Bx,By,Bz,Ex,Ey,Ez
0.000000000000e+00,0.000000000000e+00,1.000000000000e+00,-1.351179314657e-19,6.264188469657e-17,-6.690622585126e-18,9.787651508382e+01,9.333162982783e-04,-1.047141645729e+00
