x,y,z,Bx,By,Bz,Ex,Ey,Ez
0.000000000000e+00,0.000000000000e+00,1.000000000000e+00,3.338967357096e-15,1.053578192388e-13,-1.151444311846e-14,-1.489583194729e+04,-5.333816580970e+00,-1.759448407239e+03
