x,y,z,Bx,By,Bz,Ex,Ey,Ez
0.000000000000e+00,0.000000000000e+00,1.000000000000e+00,-1.456458689423e-18,3.685252770382e-16,-1.132096940161e-16,3.191357107251e+02,-1.444851528345e-02,-6.151911689830e+00
