x,y,z,Bx,By,Bz,Ex,Ey,Ez
0.000000000000e+00,0.000000000000e+00,1.000000000000e+00,-8.526120837419e-17,6.421776895341e-15,-3.388597094137e-16,2.168356873628e+03,-1.140807759455e-01,-1.073966462999e+02
