x,y,z,Bx,By,Bz,Ex,Ey,Ez
0.000000000000e+00,0.000000000000e+00,1.000000000000e+00,9.111170907708e-17,6.763795893373e-15,-4.897971249194e-16,-2.243283719856e+03,1.407676570632e-01,-1.129561728561e+02
