x,y,z,Bx,By,Bz,Ex,Ey,Ez
0.000000000000e+00,0.000000000000e+00,1.000000000000e+00,9.557676500201e-18,1.215110822284e-15,-4.528346638066e-17,-7.081405909244e+02,4.354488192693e-02,-2.028093794660e+01
