x,y,z,Bx,By,Bz,Ex,Ey,Ez
0.000000000000e+00,0.000000000000e+00,1.000000000000e+00,-2.004892511331e-19,7.697641872739e-17,-1.582871466609e-17,1.122611250919e+02,-3.847098549164e-04,-1.286215098465e+00
