x,y,z,Bx,By,Bz,Ex,Ey,Ez
0.000000000000e+00,0.000000000000e+00,1.000000000000e+00,1.107086628769e-17,1.336053892436e-15,-1.807367049431e-16,-7.551833478252e+02,4.846704473835e-02,-2.232197415512e+01
