x,y,z,Bx,By,Bz,Ex,Ey,Ez
0.000000000000e+00,0.000000000000e+00,1.000000000000e+00,-9.862397970738e-19,2.362227731306e-16,4.074371383246e-17,2.369940746941e+02,-1.839244318230e-02,-3.942087300896e+00
