x,y,z,Bx,By,Bz,Ex,Ey,Ez
0.000000000000e+00,0.000000000000e+00,1.000000000000e+00,-7.177225008327e-19,1.891019936761e-16,-2.106358618033e-18,2.046643028674e+02,1.803144200463e-02,-3.163644629388e+00
