x,y,z,Bx,By,Bz,Ex,Ey,Ez
0.000000000000e+00,0.000000000000e+00,1.000000000000e+00,2.706437074736e-18,5.610462611697e-16,-6.312482477559e-17,-4.222718009205e+02,-3.255708606549e-02,-9.358851640029e+00
