x,y,z,Bx,By,Bz,Ex,Ey,Ez
0.000000000000e+00,0.000000000000e+00,1.000000000000e+00,-8.023218116806e-19,2.241487754938e-16,-1.343008433270e-17,2.289683278715e+02,-2.938650753566e-02,-3.742726668351e+00
