x,y,z,Bx,By,Bz,Ex,Ey,Ez
0.000000000000e+00,0.000000000000e+00,1.000000000000e+00,3.717030218987e-14,6.612840692457e-13,-8.564724047301e-14,-5.987758998974e+04,-4.775625173909e+00,-1.104371149412e+04
