x,y,z,Bx,By,Bz,Ex,Ey,Ez
0.000000000000e+00,0.000000000000e+00,1.000000000000e+00,4.123801561731e-17,3.905237772093e-15,-4.234836583177e-16,-1.550126487326e+03,-3.155627450428e-02,-6.522013430418e+01
