x,y,z,Bx,By,Bz,Ex,Ey,Ez
0.000000000000e+00,0.000000000000e+00,1.000000000000e+00,3.650058651877e-19,1.194588515629e-16,-1.399582989124e-17,-1.505687039050e+02,8.318355324117e-03,-1.997127832037e+00
