x,y,z,Bx,By,Bz,Ex,Ey,Ez
0.000000000000e+00,0.000000000000e+00,1.000000000000e+00,1.387489589929e-18,3.421126698815e-16,2.873971451141e-18,-3.037469408105e+02,3.853509990867e-03,-5.715944732191e+00
