x,y,z,Bx,By,Bz,Ex,Ey,Ez
0.000000000000e+00,0.000000000000e+00,1.000000000000e+00,-1.538334681451e-16,1.030234229590e-14,-1.527956315379e-15,2.980549920215e+03,4.205577383189e-02,-1.718342017956e+02
