x,y,z,Bx,By,Bz,Ex,Ey,Ez
0.000000000000e+00,0.000000000000e+00,1.000000000000e+00,2.471569628664e-16,1.506873828858e-14,-9.927916749424e-16,-3.858504775704e+03,-7.495465279041e-01,-2.516468768117e+02
