x,y,z,Bx,By,Bz,Ex,Ey,Ez
0.000000000000e+00,0.000000000000e+00,1.000000000000e+00,-1.080267916237e-17,1.313289829449e-15,-3.070354799825e-17,7.464977075006e+02,4.901190231414e-02,-2.194776596507e+01
