x,y,z,Bx,By,Bz,Ex,Ey,Ez
0.000000000000e+00,0.000000000000e+00,1.000000000000e+00,2.738910199724e-13,3.110805077823e-12,-6.878765431905e-13,-2.444569140514e+05,3.014487618803e+02,-5.200254326799e+04
