x,y,z,Bx,By,Bz,Ex,Ey,Ez
0.000000000000e+00,0.000000000000e+00,1.000000000000e+00,2.584034631209e-19,9.679788822461e-17,-2.376706948902e-17,-1.308422304521e+02,-2.362667454986e-03,-1.618067891584e+00
