x,y,z,Bx,By,Bz,Ex,Ey,Ez
0.000000000000e+00,0.000000000000e+00,1.000000000000e+00,-3.508037296480e-16,1.927738804066e-14,-1.289696847836e-15,4.562707140107e+03,-1.062923664132e+00,-3.219502582555e+02
