x,y,z,Bx,By,Bz,Ex,Ey,Ez
0.000000000000e+00,0.000000000000e+00,1.000000000000e+00,-1.043523663817e-17,1.275746713583e-15,-4.168398799904e-17,7.319800433727e+02,3.539133664619e-02,-2.131345656288e+01
