x,y,z,Bx,By,Bz,Ex,Ey,Ez
0.000000000000e+00,0.000000000000e+00,1.000000000000e+00,5.969158586460e-18,1.051169522966e-15,-2.460467482040e-17,-6.430052317978e+02,-2.046243004360e-02,-1.755604726001e+01
