x,y,z,Bx,By,Bz,Ex,Ey,Ez
0.000000000000e+00,0.000000000000e+00,1.000000000000e+00,4.440696013634e-19,1.273691006959e-16,-4.453773369619e-17,-1.570709364324e+02,1.908407945896e-03,-2.127433362871e+00
