x,y,z,Bx,By,Bz,Ex,Ey,Ez
0.000000000000e+00,0.000000000000e+00,1.000000000000e+00,-4.707194698192e-19,1.542124439065e-16,-8.648215976385e-18,1.784919112995e+02,-8.223647481797e-03,-2.577302651705e+00
