x,y,z,Bx,By,Bz,Ex,Ey,Ez
0.000000000000e+00,0.000000000000e+00,1.000000000000e+00,6.087983946529e-18,9.390715109256e-16,-9.617218112790e-17,-5.969569943626e+02,-3.556097988652e-02,-1.570819744385e+01
