x,y,z,Bx,By,Bz,Ex,Ey,Ez
0.000000000000e+00,0.000000000000e+00,1.000000000000e+00,-7.613114157049e-18,1.106495675717e-15,-4.743644472475e-17,6.653882037127e+02,-6.025301257642e-04,-1.848158295470e+01
