x,y,z,Bx,By,Bz,Ex,Ey,Ez
0.000000000000e+00,0.000000000000e+00,1.000000000000e+00,-3.028400242974e-18,5.710765412803e-16,-7.388340969804e-17,4.277065194137e+02,2.286533684340e-02,-9.539472441689e+00
