x,y,z,Bx,By,Bz,Ex,Ey,Ez
0.000000000000e+00,0.000000000000e+00,1.000000000000e+00,9.803392550667e-13,8.159719362313e-12,-3.090515038692e-12,-6.909682764496e+05,1.161665994872e+03,-1.363813808591e+05
