x,y,z,Bx,By,Bz,Ex,Ey,Ez
0.000000000000e+00,0.000000000000e+00,1.000000000000e+00,2.219407821677e-18,5.018056062248e-16,-9.357528883571e-17,-3.926593151786e+02,-8.605727888756e-03,-8.392360510694e+00
