x,y,z,Bx,By,Bz,Ex,Ey,Ez
0.000000000000e+00,0.000000000000e+00,1.000000000000e+00,7.352268425936e-13,6.602647856051e-12,-2.214828569453e-12,-5.456089467841e+05,9.151395488532e+02,-1.103621582061e+05
