x,y,z,Bx,By,Bz,Ex,Ey,Ez
0.000000000000e+00,0.000000000000e+00,1.000000000000e+00,1.470366930186e-16,1.002526906571e-14,-1.311069615594e-15,-2.930124575078e+03,-1.914412411945e-01,-1.676081340299e+02
