x,y,z,Bx,By,Bz,Ex,Ey,Ez
0.000000000000e+00,0.000000000000e+00,1.000000000000e+00,-3.995458599917e-19,1.022148360181e-16,-1.946316244734e-17,1.355937838445e+02,1.439127046518e-03,-1.707082872955e+00
