x,y,z,Bx,By,Bz,Ex,Ey,Ez
0.000000000000e+00,0.000000000000e+00,1.000000000000e+00,-4.524135888866e-19,1.305847257899e-16,1.082004190770e-17,1.597132481033e+02,-1.102733610718e-03,-2.181878735003e+00
