x,y,z,Bx,By,Bz,Ex,Ey,Ez
0.000000000000e+00,0.000000000000e+00,1.000000000000e+00,2.727076417580e-19,8.967616836022e-17,5.902811711368e-18,-1.243041017797e+02,-8.163264649068e-04,-1.498550518123e+00
