x,y,z,Bx,By,Bz,Ex,Ey,Ez
0.000000000000e+00,0.000000000000e+00,1.000000000000e+00,-7.563386561138e-18,1.102072483255e-15,-4.523068994893e-17,6.636204873745e+02,-1.649253849456e-03,-1.840826594436e+01
