x,y,z,Bx,By,Bz,Ex,Ey,Ez
0.000000000000e+00,0.000000000000e+00,1.000000000000e+00,-8.644565975980e-17,6.560193187794e-15,-2.924153298545e-16,2.199937021460e+03,-8.599617633980e-02,-1.097260398873e+02
