x,y,z,Bx,By,Bz,Ex,Ey,Ez
0.000000000000e+00,0.000000000000e+00,1.000000000000e+00,-3.812659759612e-19,1.197941563793e-16,-3.434321139878e-17,1.507614115802e+02,4.165255948265e-04,-2.000887942575e+00
