x,y,z,Bx,By,Bz,Ex,Ey,Ez
0.000000000000e+00,0.000000000000e+00,1.000000000000e+00,-7.602834261612e-16,3.460071847538e-14,-2.236391736333e-15,6.823440230873e+03,2.537221337875e+00,-5.786638750572e+02
