x,y,z,Bx,By,Bz,Ex,Ey,Ez
0.000000000000e+00,0.000000000000e+00,1.000000000000e+00,1.921517377037e-17,2.184157979269e-15,-1.362395851642e-16,-1.049150760959e+03,3.649439290760e-02,-3.647521649632e+01
