x,y,z,Bx,By,Bz,Ex,Ey,Ez
0.000000000000e+00,0.000000000000e+00,1.000000000000e+00,-2.139872358376e-17,2.427009807513e-15,-4.044471799554e-16,1.127261626713e+03,-8.894616682535e-02,-4.057538029183e+01
