x,y,z,Bx,By,Bz,Ex,Ey,Ez
0.000000000000e+00,0.000000000000e+00,1.000000000000e+00,-7.890093608191e-19,2.215236083491e-16,-3.529255042412e-17,2.272048349165e+02,-2.886247710210e-02,-3.699316938624e+00
