x,y,z,Bx,By,Bz,Ex,Ey,Ez
0.000000000000e+00,0.000000000000e+00,1.000000000000e+00,3.381003621238e-17,3.426993875813e-15,-3.792685055503e-16,-1.420274015779e+03,2.803892137415e-02,-5.725754309948e+01
