x,y,z,Bx,By,Bz,Ex,Ey,Ez
0.000000000000e+00,0.000000000000e+00,1.000000000000e+00,2.758928467660e-19,9.045551063199e-17,3.269184497894e-18,-1.250219570919e+02,-2.239599312624e-04,-1.511527904944e+00
