x,y,z,Bx,By,Bz,Ex,Ey,Ez
0.000000000000e+00,0.000000000000e+00,1.000000000000e+00,2.464661575991e-19,1.037941569757e-16,1.074508437730e-17,-1.368935725180e+02,-2.264028592672e-03,-1.731790304243e+00
