x,y,z,Bx,By,Bz,Ex,Ey,Ez
0.000000000000e+00,0.000000000000e+00,1.000000000000e+00,-7.119852702264e-18,1.014621934977e-15,-8.701076414752e-18,6.280816189267e+02,-3.118503296806e-02,-1.695464896452e+01
