x,y,z,Bx,By,Bz,Ex,Ey,Ez
0.000000000000e+00,0.000000000000e+00,1.000000000000e+00,6.553521427339e-18,8.691588992045e-16,-1.538327106693e-16,-5.666357518116e+02,-1.319349630880e-02,-1.452941448452e+01
