x,y,z,Bx,By,Bz,Ex,Ey,Ez
0.000000000000e+00,0.000000000000e+00,1.000000000000e+00,-6.769902426571e-19,2.057409878733e-16,-1.075539625377e-16,2.163564205900e+02,2.875043590807e-04,-3.436851055178e+00
