x,y,z,Bx,By,Bz,Ex,Ey,Ez
0.000000000000e+00,0.000000000000e+00,1.000000000000e+00,1.509456024754e-18,3.526237482484e-16,-1.435136151381e-17,-3.098477502141e+02,8.218595363519e-03,-5.888545387503e+00
