x,y,z,Bx,By,Bz,Ex,Ey,Ez
0.000000000000e+00,0.000000000000e+00,1.000000000000e+00,2.539143516044e-16,1.535792981155e-14,-9.588202100270e-16,-3.908501621356e+03,-7.186426290918e-01,-2.564686956102e+02
