x,y,z,Bx,By,Bz,Ex,Ey,Ez
0.000000000000e+00,0.000000000000e+00,1.000000000000e+00,1.640576047991e-19,6.218992897775e-17,-8.847950981482e-18,-9.737389312086e+01,-7.773461141444e-04,-1.039212564920e+00
