x,y,z,Bx,By,Bz,Ex,Ey,Ez
0.000000000000e+00,0.000000000000e+00,1.000000000000e+00,-3.129557387117e-16,1.777210381220e-14,-1.330711940545e-15,4.318102610351e+03,-1.179353201245e+00,-2.969080473418e+02
