x,y,z,Bx,By,Bz,Ex,Ey,Ez
0.000000000000e+00,0.000000000000e+00,1.000000000000e+00,-1.991641230468e-18,3.920486915385e-16,-1.081469230314e-16,3.324383779814e+02,-4.500405011875e-02,-6.541163671342e+00
