x,y,z,Bx,By,Bz,Ex,Ey,Ez
0.000000000000e+00,0.000000000000e+00,1.000000000000e+00,-2.084595749102e-17,2.203876473767e-15,-2.165821003620e-16,1.056501570208e+03,-3.064829302212e-02,-3.684270788829e+01
