x,y,z,Bx,By,Bz,Ex,Ey,Ez
0.000000000000e+00,0.000000000000e+00,1.000000000000e+00,-1.098359197546e-17,1.352357399132e-15,-2.717867511373e-17,7.614595466857e+02,6.471638187776e-02,-2.260727256268e+01
