x,y,z,Bx,By,Bz,Ex,Ey,Ez
0.000000000000e+00,0.000000000000e+00,1.000000000000e+00,4.106276715428e-18,7.252256078932e-16,-3.534684236842e-17,-5.017440103706e+02,4.922310085088e-02,-1.211578930239e+01
