x,y,z,Bx,By,Bz,Ex,Ey,Ez
0.000000000000e+00,0.000000000000e+00,1.000000000000e+00,8.220088122594e-19,1.724432392829e-16,-3.945284976177e-17,-1.922803897225e+02,7.016541335511e-03,-2.881268965838e+00
