x,y,z,Bx,By,Bz,Ex,Ey,Ez
0.000000000000e+00,0.000000000000e+00,1.000000000000e+00,-2.204168848674e-17,2.571252398417e-15,-4.766399439332e-16,1.171462670022e+03,-1.665605185225e-01,-4.296962688377e+01
