x,y,z,Bx,By,Bz,Ex,Ey,Ez
0.000000000000e+00,0.000000000000e+00,1.000000000000e+00,-4.650929330685e-17,4.199457589201e-15,-3.371334160759e-16,1.628267205493e+03,4.429263289839e-01,-7.019836649111e+01
