x,y,z,Bx,By,Bz,Ex,Ey,Ez
0.000000000000e+00,0.000000000000e+00,1.000000000000e+00,6.445244408409e-17,5.370899934260e-15,-3.656848966078e-16,-1.920475444722e+03,-4.629483678460e-02,-8.970253389670e+01
