x,y,z,Bx,By,Bz,Ex,Ey,Ez
0.000000000000e+00,0.000000000000e+00,1.000000000000e+00,6.819166716778e-17,5.593848466683e-15,-3.623739307099e-16,-1.973706613632e+03,-2.016104240637e-02,-9.342098344136e+01
