x,y,z,Bx,By,Bz,Ex,Ey,Ez
0.000000000000e+00,0.000000000000e+00,1.000000000000e+00,-1.957365798016e-17,2.038027590580e-15,-1.759283627480e-16,1.002000937079e+03,-2.824661780218e-02,-3.404529725865e+01
