x,y,z,Bx,By,Bz,Ex,Ey,Ez
0.000000000000e+00,0.000000000000e+00,1.000000000000e+00,-2.612617417671e-18,4.855398785679e-16,2.433000881330e-17,3.838522116792e+02,3.134176017063e-02,-8.117059680309e+00
