x,y,z,Bx,By,Bz,Ex,Ey,Ez
0.000000000000e+00,0.000000000000e+00,1.000000000000e+00,-1.311503734634e-18,2.908257551034e-16,1.646091448992e-17,2.725301267158e+02,2.322434459532e-02,-4.859495261313e+00
