x,y,z,Bx,By,Bz,Ex,Ey,Ez
0.000000000000e+00,0.000000000000e+00,1.000000000000e+00,1.002113518731e-18,2.767516984616e-16,-8.652670482735e-18,-2.635006888014e+02,4.784542012175e-03,-4.619717049098e+00
