x,y,z,Bx,By,Bz,Ex,Ey,Ez
0.000000000000e+00,0.000000000000e+00,1.000000000000e+00,-4.553038183285e-19,1.298237858344e-16,9.439686446281e-18,1.590913743686e+02,-1.786384011773e-03,-2.169151887893e+00
