x,y,z,Bx,By,Bz,Ex,Ey,Ez
0.000000000000e+00,0.000000000000e+00,1.000000000000e+00,-4.066436322355e-18,6.530568005250e-16,-5.965798531391e-17,4.677223838853e+02,2.256044250146e-02,-1.090538554141e+01
