x,y,z,Bx,By,Bz,Ex,Ey,Ez
0.000000000000e+00,0.000000000000e+00,1.000000000000e+00,5.731861798673e-18,9.831856985145e-16,-6.143279014561e-17,-6.153850362876e+02,-3.595002254288e-02,-1.643944666534e+01
