x,y,z,Bx,By,Bz,Ex,Ey,Ez
0.000000000000e+00,0.000000000000e+00,1.000000000000e+00,1.512094258465e-15,5.871130400031e-14,-6.762568406550e-15,-9.860117101158e+03,-6.347168640660e-01,-9.811691068652e+02
