x,y,z,Bx,By,Bz,Ex,Ey,Ez
0.000000000000e+00,0.000000000000e+00,1.000000000000e+00,-2.772680475802e-19,8.240076265706e-17,1.616025545253e-17,1.174557190087e+02,2.653349480477e-03,-1.376565288573e+00
