x,y,z,Bx,By,Bz,Ex,Ey,Ez
0.000000000000e+00,0.000000000000e+00,1.000000000000e+00,1.584316897762e-13,2.029592237877e-12,-3.667957706256e-13,-1.606181567445e+05,1.167020588531e+02,-3.391832615984e+04
