x,y,z,Bx,By,Bz,Ex,Ey,Ez
0.000000000000e+00,0.000000000000e+00,1.000000000000e+00,1.523332193115e-19,6.887097745981e-17,-1.236989793554e-17,-1.042592205323e+02,4.121478091277e-03,-1.151183694803e+00
