x,y,z,Bx,By,Bz,Ex,Ey,Ez
0.000000000000e+00,0.000000000000e+00,1.000000000000e+00,2.015592235009e-18,3.808970580338e-16,-5.055723862720e-17,-3.262322630850e+02,5.993058083199e-03,-6.360597573031e+00
