x,y,z,Bx,By,Bz,Ex,Ey,Ez
0.000000000000e+00,0.000000000000e+00,1.000000000000e+00,4.162733452854e-18,6.837802710863e-16,3.248852775788e-17,-4.825512391874e+02,2.746816030628e-02,-1.143132915150e+01
