x,y,z,Bx,By,Bz,Ex,Ey,Ez
0.000000000000e+00,0.000000000000e+00,1.000000000000e+00,-1.302933600052e-19,6.283654047936e-17,-5.719208685521e-18,9.807633619619e+01,9.210163209561e-04,-1.050347547786e+00
