x,y,z,Bx,By,Bz,Ex,Ey,Ez
0.000000000000e+00,0.000000000000e+00,1.000000000000e+00,1.619213855815e-18,2.956503972488e-16,-5.265799934275e-17,-2.753694680940e+02,1.780337527588e-03,-4.934713131786e+00
