x,y,z,Bx,By,Bz,Ex,Ey,Ez
0.000000000000e+00,0.000000000000e+00,1.000000000000e+00,1.153176104786e-17,1.436609140884e-15,-2.644688656941e-16,-7.929986768287e+02,6.411715366602e-03,-2.400870117074e+01
