x,y,z,Bx,By,Bz,Ex,Ey,Ez
0.000000000000e+00,0.000000000000e+00,1.000000000000e+00,1.930906341925e-19,6.513347896004e-17,1.116329487547e-17,-1.004104081648e+02,9.750561155899e-04,-1.088230858739e+00
