x,y,z,Bx,By,Bz,Ex,Ey,Ez
0.000000000000e+00,0.000000000000e+00,1.000000000000e+00,-2.493794109930e-19,8.706531904066e-17,-3.561606156417e-17,1.219241943436e+02,3.024042323886e-03,-1.455488317817e+00
