x,y,z,Bx,By,Bz,Ex,Ey,Ez
0.000000000000e+00,0.000000000000e+00,1.000000000000e+00,2.108155817317e-17,2.296950335928e-15,-1.773399468687e-16,-1.085161074913e+03,4.770951121148e-02,-3.835669817966e+01
