x,y,z,Bx,By,Bz,Ex,Ey,Ez
0.000000000000e+00,0.000000000000e+00,1.000000000000e+00,6.366298633837e-18,9.114091915640e-16,-1.198410418545e-16,-5.851280238241e+02,-2.994721250956e-02,-1.524469750231e+01
