x,y,z,Bx,By,Bz,Ex,Ey,Ez
0.000000000000e+00,0.000000000000e+00,1.000000000000e+00,4.563802981244e-19,1.410250686212e-16,-1.213670808740e-17,-1.681532065050e+02,-1.390574327665e-02,-2.356752335265e+00
