x,y,z,Bx,By,Bz,Ex,Ey,Ez
0.000000000000e+00,0.000000000000e+00,1.000000000000e+00,2.049202478985e-19,1.020630876024e-16,2.845375963982e-18,-1.354228095584e+02,-3.662978519976e-03,-1.703892731697e+00
