x,y,z,Bx,By,Bz,Ex,Ey,Ez
0.000000000000e+00,0.000000000000e+00,1.000000000000e+00,1.647824503941e-19,6.199873610354e-17,-9.537154846881e-18,-9.717628835886e+01,-7.068219847768e-04,-1.036050854045e+00
