x,y,z,Bx,By,Bz,Ex,Ey,Ez
0.000000000000e+00,0.000000000000e+00,1.000000000000e+00,-9.473201619765e-16,4.196585248102e-14,-4.168455433194e-15,7.799330578211e+03,3.400623184000e+00,-7.013771421162e+02
