x,y,z,Bx,By,Bz,Ex,Ey,Ez
0.000000000000e+00,0.000000000000e+00,1.000000000000e+00,-4.102377226336e-19,1.218677187612e-16,-3.159162067339e-17,1.524923662801e+02,-1.805508091180e-03,-2.035443900236e+00
