x,y,z,Bx,By,Bz,Ex,Ey,Ez
0.000000000000e+00,0.000000000000e+00,1.000000000000e+00,2.572147019700e-17,2.586078078398e-15,-2.101129538748e-16,-1.175333348716e+03,5.550296826891e-02,-4.320201619651e+01
