x,y,z,Bx,By,Bz,Ex,Ey,Ez
0.000000000000e+00,0.000000000000e+00,1.000000000000e+00,1.500316547216e-17,1.808193415208e-15,-5.763189556076e-17,-9.246858222129e+02,-7.509045220308e-02,-3.021084625269e+01
