x,y,z,Bx,By,Bz,Ex,Ey,Ez
0.000000000000e+00,0.000000000000e+00,1.000000000000e+00,2.849282619948e-19,8.491101739777e-17,-1.109996483393e-17,-1.198620537994e+02,-3.379415381482e-03,-1.418920363686e+00
