x,y,z,Bx,By,Bz,Ex,Ey,Ez
0.000000000000e+00,0.000000000000e+00,1.000000000000e+00,-7.917072676137e-16,3.592493783073e-14,-2.555306686808e-15,7.003271563736e+03,2.788234818150e+00,-6.007756527411e+02
