x,y,z,Bx,By,Bz,Ex,Ey,Ez
0.000000000000e+00,0.000000000000e+00,1.000000000000e+00,-1.520379153942e-15,5.879568641256e-14,-7.494927107319e-15,9.859192019611e+03,1.692707153947e+00,-9.812016153825e+02
