x,y,z,Bx,By,Bz,Ex,Ey,Ez
0.000000000000e+00,0.000000000000e+00,1.000000000000e+00,2.738903064202e-18,4.668074617988e-16,-6.984205368658e-17,-3.740810142492e+02,9.242016968625e-03,-7.806090075889e+00
