x,y,z,Bx,By,Bz,Ex,Ey,Ez
0.000000000000e+00,0.000000000000e+00,1.000000000000e+00,-4.614488081468e-18,7.858892834665e-16,-1.468838472469e-16,5.296284372724e+02,-2.796146816232e-02,-1.313164334027e+01
