x,y,z,Bx,By,Bz,Ex,Ey,Ez
0.000000000000e+00,0.000000000000e+00,1.000000000000e+00,8.780729417632e-11,2.655912418998e-10,-9.678792066043e-11,-3.797392752909e+06,-1.686211699949e+06,-4.445842642439e+06
