x,y,z,Bx,By,Bz,Ex,Ey,Ez
0.000000000000e+00,0.000000000000e+00,1.000000000000e+00,-1.271173421607e-18,2.791916493418e-16,2.181684463573e-17,2.652461849792e+02,1.223688054084e-02,-4.666636406798e+00
