x,y,z,Bx,By,Bz,Ex,Ey,Ez
0.000000000000e+00,0.000000000000e+00,1.000000000000e+00,-2.374380420396e-19,7.375908615292e-17,3.918399401344e-18,1.091368760911e+02,-6.175763853382e-06,-1.233013697528e+00
