x,y,z,Bx,By,Bz,Ex,Ey,Ez
0.000000000000e+00,0.000000000000e+00,1.000000000000e+00,2.995282402301e-17,3.023738819701e-15,-2.932850438584e-16,-1.306023891661e+03,6.378157742406e-02,-5.054234989188e+01
