x,y,z,Bx,By,Bz,Ex,Ey,Ez
0.000000000000e+00,0.000000000000e+00,1.000000000000e+00,-1.528182758081e-18,3.199290203332e-16,-6.285031176415e-17,2.906030679517e+02,2.555471239985e-02,-5.348075916812e+00
