x,y,z,Bx,By,Bz,Ex,Ey,Ez
0.000000000000e+00,0.000000000000e+00,1.000000000000e+00,-2.948258897186e-18,5.602337266272e-16,-8.167868818231e-17,4.222849101104e+02,2.577738963184e-02,-9.359121376974e+00
