x,y,z,Bx,By,Bz,Ex,Ey,Ez
0.000000000000e+00,0.000000000000e+00,1.000000000000e+00,2.237739532979e-14,4.483025262496e-13,-5.263515285713e-14,-4.383365892214e+04,-6.380526103989e+00,-7.486535469017e+03
