x,y,z,Bx,By,Bz,Ex,Ey,Ez
0.000000000000e+00,0.000000000000e+00,1.000000000000e+00,2.719612979017e-18,4.695631175763e-16,-7.350813947330e-17,-3.755794963976e+02,8.195329920905e-03,-7.852830025431e+00
