x,y,z,Bx,By,Bz,Ex,Ey,Ez
0.000000000000e+00,0.000000000000e+00,1.000000000000e+00,-2.751194755705e-16,1.594805987431e-14,-1.390859070479e-15,4.012840771504e+03,-1.208080491831e+00,-2.665439738811e+02
