x,y,z,Bx,By,Bz,Ex,Ey,Ez
0.000000000000e+00,0.000000000000e+00,1.000000000000e+00,-2.608032816729e-18,4.975312182278e-16,-1.441323463531e-17,3.901582676285e+02,3.832652622834e-02,-8.316510485472e+00
