x,y,z,Bx,By,Bz,Ex,Ey,Ez
0.000000000000e+00,0.000000000000e+00,1.000000000000e+00,-7.700092375039e-19,2.164150936550e-16,-7.741168828739e-17,2.237374732998e+02,-2.359905327555e-02,-3.614501608658e+00
