x,y,z,Bx,By,Bz,Ex,Ey,Ez
0.000000000000e+00,0.000000000000e+00,1.000000000000e+00,4.339871441729e-18,6.655771484074e-16,4.423179635948e-17,-4.739115756583e+02,1.257493758860e-02,-1.112712276327e+01
