x,y,z,Bx,By,Bz,Ex,Ey,Ez
0.000000000000e+00,0.000000000000e+00,1.000000000000e+00,-2.608321118086e-18,4.884992428817e-16,1.455863850951e-17,3.854141922553e+02,3.354825807877e-02,-8.166317243405e+00
