x,y,z,Bx,By,Bz,Ex,Ey,Ez
0.000000000000e+00,0.000000000000e+00,1.000000000000e+00,-1.071317470350e-16,8.610765560703e-15,-7.936853969464e-16,2.641382526289e+03,3.793549597899e-01,-1.437732345411e+02
