x,y,z,Bx,By,Bz,Ex,Ey,Ez
0.000000000000e+00,0.000000000000e+00,1.000000000000e+00,2.718232322632e-16,1.611388614653e-14,-8.809744298948e-16,-4.037877258673e+03,-6.114402715929e-01,-2.690734712868e+02
