x,y,z,Bx,By,Bz,Ex,Ey,Ez
0.000000000000e+00,0.000000000000e+00,1.000000000000e+00,1.806829996013e-19,7.315906527371e-17,-1.423811333401e-17,-1.084434106612e+02,-2.861207985269e-04,-1.221097402625e+00
