x,y,z,Bx,By,Bz,Ex,Ey,Ez
0.000000000000e+00,0.000000000000e+00,1.000000000000e+00,-2.848260517398e-19,8.405068956710e-17,3.433491844169e-18,1.190506108973e+02,4.750057190207e-03,-1.404595951904e+00
