x,y,z,Bx,By,Bz,Ex,Ey,Ez
0.000000000000e+00,0.000000000000e+00,1.000000000000e+00,-1.925175107677e-14,4.007943832029e-13,-5.519989960099e-14,4.026139568064e+04,-2.600636125103e+01,-6.698249319320e+03
