x,y,z,Bx,By,Bz,Ex,Ey,Ez
0.000000000000e+00,0.000000000000e+00,1.000000000000e+00,-2.394418147770e-19,6.887432906539e-17,-1.712875747563e-17,1.041521020598e+02,-2.937868002337e-03,-1.149427408066e+00
