x,y,z,Bx,By,Bz,Ex,Ey,Ez
0.000000000000e+00,0.000000000000e+00,1.000000000000e+00,-1.051156372364e-15,4.550358667967e-14,-5.094234882652e-15,8.249397369931e+03,3.373213494058e+00,-7.601719387511e+02
