x,y,z,Bx,By,Bz,Ex,Ey,Ez
0.000000000000e+00,0.000000000000e+00,1.000000000000e+00,-5.720856985903e-19,1.474336220558e-16,-3.849037096880e-17,1.732182487891e+02,-4.933206549418e-03,-2.463800477892e+00
