x,y,z,Bx,By,Bz,Ex,Ey,Ez
0.000000000000e+00,0.000000000000e+00,1.000000000000e+00,2.696279383449e-19,7.815468804572e-17,-3.797746955791e-18,-1.133750897390e+02,1.104168062748e-03,-1.305381973528e+00
