x,y,z,Bx,By,Bz,Ex,Ey,Ez
0.000000000000e+00,0.000000000000e+00,1.000000000000e+00,-2.756046727865e-19,7.058874379088e-17,6.409804461175e-19,1.059219810118e+02,-3.355928077224e-03,-1.178940977386e+00
