x,y,z,Bx,By,Bz,Ex,Ey,Ez
0.000000000000e+00,0.000000000000e+00,1.000000000000e+00,-1.589863825336e-15,6.057253697318e-14,-7.665177585726e-15,1.006643047118e+04,1.389512614912e+00,-1.010809214052e+03
