x,y,z,Bx,By,Bz,Ex,Ey,Ez
0.000000000000e+00,0.000000000000e+00,1.000000000000e+00,-2.756194122201e-17,2.945626468666e-15,-2.264853654644e-16,1.281730606093e+03,-3.090960901427e-01,-4.916237424617e+01
