x,y,z,Bx,By,Bz,Ex,Ey,Ez
0.000000000000e+00,0.000000000000e+00,1.000000000000e+00,-8.567712241404e-17,6.467455542908e-15,-3.222361670123e-16,2.178805893911e+03,-1.055483104833e-01,-1.081657663257e+02
