x,y,z,Bx,By,Bz,Ex,Ey,Ez
0.000000000000e+00,0.000000000000e+00,1.000000000000e+00,1.306773026240e-15,5.227045042518e-14,-6.204687271033e-15,-9.092635857297e+03,2.689038715389e-01,-8.737627406129e+02
