x,y,z,Bx,By,Bz,Ex,Ey,Ez
0.000000000000e+00,0.000000000000e+00,1.000000000000e+00,-1.892495421593e-19,6.760105615520e-17,-2.248033543057e-17,1.028519436977e+02,-1.341727193839e-03,-1.127924667108e+00
