x,y,z,Bx,By,Bz,Ex,Ey,Ez
0.000000000000e+00,0.000000000000e+00,1.000000000000e+00,4.608584274007e-19,1.524320233588e-16,2.974513268130e-17,-1.770040238444e+02,-3.460529763058e-03,-2.545628483010e+00
