x,y,z,Bx,By,Bz,Ex,Ey,Ez
0.000000000000e+00,0.000000000000e+00,1.000000000000e+00,1.240553091968e-15,5.009896267040e-14,-5.987836662690e-15,-8.827795151138e+03,5.888512237217e-01,-8.375192231712e+02
