x,y,z,Bx,By,Bz,Ex,Ey,Ez
0.000000000000e+00,0.000000000000e+00,1.000000000000e+00,-2.253538458280e-19,7.932216359300e-17,-1.474112888348e-18,1.144975201967e+02,-1.070737375900e-03,-1.324873240129e+00
