x,y,z,Bx,By,Bz,Ex,Ey,Ez
0.000000000000e+00,0.000000000000e+00,1.000000000000e+00,7.575067914078e-16,3.337532342497e-14,-3.552188245248e-15,-6.655988226666e+03,2.398342199310e+00,-5.577463103319e+02
