x,y,z,Bx,By,Bz,Ex,Ey,Ez
0.000000000000e+00,0.000000000000e+00,1.000000000000e+00,-2.322416721491e-12,1.510638660891e-11,-7.770233102430e-12,1.353494948013e+06,7.967579408027e+02,-2.521972459857e+05
