x,y,z,Bx,By,Bz,Ex,Ey,Ez
0.000000000000e+00,0.000000000000e+00,1.000000000000e+00,-1.406539466188e-18,2.991547408757e-16,-6.839972514463e-18,2.777222319637e+02,2.874282814773e-02,-4.998321206576e+00
