x,y,z,Bx,By,Bz,Ex,Ey,Ez
0.000000000000e+00,0.000000000000e+00,1.000000000000e+00,9.431466871722e-19,2.732187300599e-16,-4.706767764659e-19,-2.613062259986e+02,3.376442425567e-03,-4.562264856455e+00
