x,y,z,Bx,By,Bz,Ex,Ey,Ez
0.000000000000e+00,0.000000000000e+00,1.000000000000e+00,-2.886075910448e-18,5.514098630262e-16,-8.605666698266e-17,4.178436006541e+02,2.878014946433e-02,-9.212295598634e+00
