x,y,z,Bx,By,Bz,Ex,Ey,Ez
0.000000000000e+00,0.000000000000e+00,1.000000000000e+00,1.205891480979e-14,2.797525302144e-13,-3.011605534193e-14,-3.047937046448e+04,-1.011924311106e+01,-4.672903600004e+03
