x,y,z,Bx,By,Bz,Ex,Ey,Ez
0.000000000000e+00,0.000000000000e+00,1.000000000000e+00,8.767773303229e-19,2.142233396124e-16,-3.945839216893e-17,-2.223428731402e+02,1.059426990184e-03,-3.581482215852e+00
