x,y,z,Bx,By,Bz,Ex,Ey,Ez
0.000000000000e+00,0.000000000000e+00,1.000000000000e+00,1.097894116260e-14,2.602488018247e-13,-2.788557874896e-14,-2.886370665935e+04,-1.027711200809e+01,-4.347303150173e+03
