x,y,z,Bx,By,Bz,Ex,Ey,Ez
0.000000000000e+00,0.000000000000e+00,1.000000000000e+00,1.974383024861e-17,2.217239195573e-15,-1.498342560708e-16,-1.059763582942e+03,4.091529265439e-02,-3.702648577294e+01
