x,y,z,Bx,By,Bz,Ex,Ey,Ez
0.000000000000e+00,0.000000000000e+00,1.000000000000e+00,-1.469087550606e-18,3.045858617306e-16,-2.553140872799e-17,2.811058103156e+02,3.016084260438e-02,-5.089427428150e+00
