x,y,z,Bx,By,Bz,Ex,Ey,Ez
0.000000000000e+00,0.000000000000e+00,1.000000000000e+00,5.955350506763e-18,8.179592170356e-16,-1.708305755559e-16,-5.437190665807e+02,1.835151470108e-02,-1.365922970585e+01
