x,y,z,Bx,By,Bz,Ex,Ey,Ez
0.000000000000e+00,0.000000000000e+00,1.000000000000e+00,3.970554562825e-12,2.205487002714e-11,-1.304695728875e-11,-1.975367049568e+06,2.681765047537e+03,-3.687754449831e+05
