x,y,z,Bx,By,Bz,Ex,Ey,Ez
0.000000000000e+00,0.000000000000e+00,1.000000000000e+00,-4.599424789353e-18,7.611426154940e-16,-1.427336277951e-16,5.185009993946e+02,-1.328933066264e-02,-1.272107512578e+01
