x,y,z,Bx,By,Bz,Ex,Ey,Ez
0.000000000000e+00,0.000000000000e+00,1.000000000000e+00,-9.807444702175e-19,1.780737147053e-16,9.388557102522e-18,1.964485624673e+02,8.991451565340e-03,-2.975937516379e+00
