x,y,z,Bx,By,Bz,Ex,Ey,Ez
0.000000000000e+00,0.000000000000e+00,1.000000000000e+00,-1.440461144111e-18,3.674930661603e-16,-1.116681797344e-16,3.185489414144e+02,-1.318366125484e-02,-6.134967283013e+00
