x,y,z,Bx,By,Bz,Ex,Ey,Ez
0.000000000000e+00,0.000000000000e+00,1.000000000000e+00,5.951977663510e-17,5.058248732423e-15,-3.752457738673e-16,-1.844601878796e+03,-7.103179652889e-02,-8.448589055103e+01
