x,y,z,Bx,By,Bz,Ex,Ey,Ez
0.000000000000e+00,0.000000000000e+00,1.000000000000e+00,9.162832040027e-15,2.263079396300e-13,-2.411569404048e-14,-2.599822072316e+04,-1.015794325227e+01,-3.780472939679e+03
