x,y,z,Bx,By,Bz,Ex,Ey,Ez
0.000000000000e+00,0.000000000000e+00,1.000000000000e+00,1.847818666364e-15,6.833684201258e-14,-7.565759638441e-15,-1.096473797803e+04,-1.743662323536e+00,-1.141564307083e+03
