x,y,z,Bx,By,Bz,Ex,Ey,Ez
0.000000000000e+00,0.000000000000e+00,1.000000000000e+00,-7.672446468757e-15,1.978667230554e-13,-2.363550586975e-14,2.356892577503e+04,2.603461249283e+00,-3.306851284496e+03
