x,y,z,Bx,By,Bz,Ex,Ey,Ez
0.000000000000e+00,0.000000000000e+00,1.000000000000e+00,-6.550749861396e-18,9.231286518353e-16,-4.304323335253e-17,5.894388048838e+02,-6.197910765214e-02,-1.541678487547e+01
