x,y,z,Bx,By,Bz,Ex,Ey,Ez
0.000000000000e+00,0.000000000000e+00,1.000000000000e+00,2.741249465025e-19,8.769068205369e-17,5.030991837269e-18,-1.224684658145e+02,-2.525295736672e-03,-1.465499385585e+00
