x,y,z,Bx,By,Bz,Ex,Ey,Ez
0.000000000000e+00,0.000000000000e+00,1.000000000000e+00,9.520943076387e-19,2.739213307632e-16,-1.939622909212e-18,-2.617428564354e+02,3.701275482201e-03,-4.573677224469e+00
