x,y,z,Bx,By,Bz,Ex,Ey,Ez
0.000000000000e+00,0.000000000000e+00,1.000000000000e+00,-5.315074870295e-17,4.738773467341e-15,-8.581537348933e-16,1.765989659531e+03,3.201516110827e-01,-7.915435043204e+01
