x,y,z,Bx,By,Bz,Ex,Ey,Ez
0.000000000000e+00,0.000000000000e+00,1.000000000000e+00,3.503701150555e-15,1.092100772990e-13,-1.190698807071e-14,-1.528318994362e+04,-5.687601676182e+00,-1.823793183144e+03
