x,y,z,Bx,By,Bz,Ex,Ey,Ez
0.000000000000e+00,0.000000000000e+00,1.000000000000e+00,2.846691993769e-19,8.505380751085e-17,-1.013347101379e-17,-1.199971099970e+02,-3.414196190603e-03,-1.421322438275e+00
