x,y,z,Bx,By,Bz,Ex,Ey,Ez
0.000000000000e+00,0.000000000000e+00,1.000000000000e+00,-4.102533914500e-19,1.044182486267e-16,-1.917775227493e-17,1.375683877216e+02,5.849404208099e-05,-1.744476060603e+00
