x,y,z,Bx,By,Bz,Ex,Ey,Ez
0.000000000000e+00,0.000000000000e+00,1.000000000000e+00,4.762814002795e-17,4.282067978536e-15,-4.088473123951e-16,-1.649093859231e+03,-7.032465679849e-02,-7.151479702619e+01
