x,y,z,Bx,By,Bz,Ex,Ey,Ez
0.000000000000e+00,0.000000000000e+00,1.000000000000e+00,-2.451800348250e-19,8.038327202456e-17,8.708140325532e-18,1.155124906194e+02,-3.147767453106e-04,-1.342555843275e+00
