x,y,z,Bx,By,Bz,Ex,Ey,Ez
0.000000000000e+00,0.000000000000e+00,1.000000000000e+00,-2.737466033543e-18,5.293144400815e-16,-8.076392603512e-17,4.066083618808e+02,3.697928409304e-02,-8.844688798321e+00
