x,y,z,Bx,By,Bz,Ex,Ey,Ez
0.000000000000e+00,0.000000000000e+00,1.000000000000e+00,-4.358168869578e-17,3.787418001905e-15,1.468627863013e-16,1.518189316751e+03,2.635433507275e-01,-6.329693787165e+01
