x,y,z,Bx,By,Bz,Ex,Ey,Ez
0.000000000000e+00,0.000000000000e+00,1.000000000000e+00,-6.433979596118e-19,1.925347330129e-16,-2.203798399343e-17,2.071121709224e+02,1.874991628250e-02,-3.220155663365e+00
