x,y,z,Bx,By,Bz,Ex,Ey,Ez
0.000000000000e+00,0.000000000000e+00,1.000000000000e+00,1.179529772018e-18,2.474959623462e-16,-1.498568914125e-17,-2.447306486082e+02,-9.585537473558e-03,-4.135614692878e+00
