x,y,z,Bx,By,Bz,Ex,Ey,Ez
0.000000000000e+00,0.000000000000e+00,1.000000000000e+00,-2.220819584667e-18,4.009798899035e-16,-7.940861646100e-17,3.374678569599e+02,-5.345501415473e-02,-6.690860310103e+00
