x,y,z,Bx,By,Bz,Ex,Ey,Ez
0.000000000000e+00,0.000000000000e+00,1.000000000000e+00,-2.246720369591e-17,2.626703938892e-15,-4.782409894591e-16,1.188157934002e+03,-1.986260354258e-01,-4.388717287577e+01
