x,y,z,Bx,By,Bz,Ex,Ey,Ez
0.000000000000e+00,0.000000000000e+00,1.000000000000e+00,1.606282083972e-17,1.922975148828e-15,-3.944844183337e-17,-9.635425409975e+02,-3.587882361844e-02,-3.212709128965e+01
