x,y,z,Bx,By,Bz,Ex,Ey,Ez
0.000000000000e+00,0.000000000000e+00,1.000000000000e+00,-2.765838967978e-19,9.592170168277e-17,1.836519298268e-17,1.299116240958e+02,-2.107252370337e-03,-1.601063221844e+00
