x,y,z,Bx,By,Bz,Ex,Ey,Ez
0.000000000000e+00,0.000000000000e+00,1.000000000000e+00,1.260967133845e-17,1.583187679939e-15,-2.335835758851e-16,-8.461614502633e+02,-6.811936952950e-02,-2.645336055608e+01
