x,y,z,Bx,By,Bz,Ex,Ey,Ez
0.000000000000e+00,0.000000000000e+00,1.000000000000e+00,1.599886594395e-18,3.575119788667e-16,-2.448280587070e-17,-3.126829297914e+02,9.157345166619e-03,-5.969324377284e+00
