x,y,z,Bx,By,Bz,Ex,Ey,Ez
0.000000000000e+00,0.000000000000e+00,1.000000000000e+00,-2.145640770453e-19,8.919628579283e-17,-4.153935320821e-17,1.238917594389e+02,-1.386410499451e-03,-1.490787858363e+00
