x,y,z,Bx,By,Bz,Ex,Ey,Ez
0.000000000000e+00,0.000000000000e+00,1.000000000000e+00,-2.041491611034e-19,7.775053346115e-17,-1.382953745401e-17,1.129997760481e+02,-8.566004567688e-04,-1.298930146779e+00
