x,y,z,Bx,By,Bz,Ex,Ey,Ez
0.000000000000e+00,0.000000000000e+00,1.000000000000e+00,6.885585425765e-17,5.632200532299e-15,-3.624312057823e-16,-1.982795142626e+03,-1.506515072974e-02,-9.406059254431e+01
