x,y,z,Bx,By,Bz,Ex,Ey,Ez
0.000000000000e+00,0.000000000000e+00,1.000000000000e+00,-3.831395577772e-18,6.380718583478e-16,-5.158423993274e-17,4.604979197109e+02,2.205713627675e-02,-1.065448832591e+01
