x,y,z,Bx,By,Bz,Ex,Ey,Ez
0.000000000000e+00,0.000000000000e+00,1.000000000000e+00,-4.908758739732e-14,8.309672134201e-13,-1.146742250273e-13,7.250505903813e+04,-5.273587446767e+01,-1.388400838592e+04
