x,y,z,Bx,By,Bz,Ex,Ey,Ez
0.000000000000e+00,0.000000000000e+00,1.000000000000e+00,1.026919187065e-13,1.448064585771e-12,-2.294187802824e-13,-1.174030467712e+05,4.036851102846e+01,-2.419136028210e+04
