x,y,z,Bx,By,Bz,Ex,Ey,Ez
0.000000000000e+00,0.000000000000e+00,1.000000000000e+00,-5.372707626804e-18,8.543326550739e-16,-1.094281650288e-16,5.597049913767e+02,-5.962301927969e-02,-1.426495017104e+01
