x,y,z,Bx,By,Bz,Ex,Ey,Ez
0.000000000000e+00,0.000000000000e+00,1.000000000000e+00,-1.166734058663e-17,1.627127784915e-15,-2.503464449185e-16,8.616497057168e+02,9.489254612241e-02,-2.717506903820e+01
