x,y,z,Bx,By,Bz,Ex,Ey,Ez
0.000000000000e+00,0.000000000000e+00,1.000000000000e+00,-2.635228707717e-18,4.218909707446e-16,1.980675756646e-17,3.491969103447e+02,-5.429499855105e-02,-7.044643076415e+00
