x,y,z,Bx,By,Bz,Ex,Ey,Ez
0.000000000000e+00,0.000000000000e+00,1.000000000000e+00,4.718173866156e-16,2.358706435600e-14,-1.232716513116e-15,-5.236290181954e+03,1.371849632507e+00,-3.938035967219e+02
