x,y,z,Bx,By,Bz,Ex,Ey,Ez
0.000000000000e+00,0.000000000000e+00,1.000000000000e+00,-2.758115803685e-18,4.493900619446e-16,9.769534677130e-17,3.644212722975e+02,-1.800914823384e-02,-7.511295115399e+00
