x,y,z,Bx,By,Bz,Ex,Ey,Ez
0.000000000000e+00,0.000000000000e+00,1.000000000000e+00,2.087146298237e-18,3.883762411474e-16,-4.663721940363e-17,-3.305263173122e+02,4.339624253734e-03,-6.486416544350e+00
