x,y,z,Bx,By,Bz,Ex,Ey,Ez
0.000000000000e+00,0.000000000000e+00,1.000000000000e+00,-1.275217241019e-18,2.856601007003e-16,2.332832684589e-17,2.693049236110e+02,1.846378003308e-02,-4.773828386413e+00
