x,y,z,Bx,By,Bz,Ex,Ey,Ez
0.000000000000e+00,0.000000000000e+00,1.000000000000e+00,4.793588464572e-16,2.384730452901e-14,-1.282565724781e-15,-5.275920036522e+03,1.440929900898e+00,-3.981542013815e+02
