x,y,z,Bx,By,Bz,Ex,Ey,Ez
0.000000000000e+00,0.000000000000e+00,1.000000000000e+00,8.824406254864e-19,2.310834820645e-16,-3.377573993789e-17,-2.336905497823e+02,-6.657283194046e-03,-3.858830755572e+00
