x,y,z,Bx,By,Bz,Ex,Ey,Ez
0.000000000000e+00,0.000000000000e+00,1.000000000000e+00,9.661017673324e-19,2.070700574129e-16,-3.129842946253e-17,-2.172998200351e+02,4.578662090751e-03,-3.460643337161e+00
