x,y,z,Bx,By,Bz,Ex,Ey,Ez
0.000000000000e+00,0.000000000000e+00,1.000000000000e+00,-9.808018361000e-19,1.773366110295e-16,8.610265486871e-18,1.958816031962e+02,8.386373602522e-03,-2.963092708676e+00
