x,y,z,Bx,By,Bz,Ex,Ey,Ez
0.000000000000e+00,0.000000000000e+00,1.000000000000e+00,4.928457664532e-19,1.145999649176e-16,-3.329455063441e-18,-1.464553546075e+02,7.570058633564e-03,-1.916183154899e+00
