x,y,z,Bx,By,Bz,Ex,Ey,Ez
0.000000000000e+00,0.000000000000e+00,1.000000000000e+00,2.079310334122e-14,4.239258863997e-13,-4.906272495999e-14,-4.195168248575e+04,-6.855659742943e+00,-7.079492862515e+03
