x,y,z,Bx,By,Bz,Ex,Ey,Ez
0.000000000000e+00,0.000000000000e+00,1.000000000000e+00,-2.477059196602e-19,8.051658844919e-17,9.832464538604e-18,1.156403638590e+02,-1.673679559883e-04,-1.344788253711e+00
