x,y,z,Bx,By,Bz,Ex,Ey,Ez
0.000000000000e+00,0.000000000000e+00,1.000000000000e+00,-1.117648351863e-17,1.583244463705e-15,-2.066418555705e-16,8.461628082239e+02,1.068255294715e-01,-2.645095241261e+01
