x,y,z,Bx,By,Bz,Ex,Ey,Ez
0.000000000000e+00,0.000000000000e+00,1.000000000000e+00,-1.021154789188e-16,8.342297513489e-15,-6.488480293546e-16,2.585940051323e+03,3.639833489325e-01,-1.393447568292e+02
