x,y,z,Bx,By,Bz,Ex,Ey,Ez
0.000000000000e+00,0.000000000000e+00,1.000000000000e+00,-6.545521020104e-17,5.300304106819e-15,-9.098266166338e-16,1.903982721657e+03,3.190615211226e-02,-8.851030864120e+01
