x,y,z,Bx,By,Bz,Ex,Ey,Ez
0.000000000000e+00,0.000000000000e+00,1.000000000000e+00,-5.742632089819e-19,1.468449573442e-16,-3.981716699574e-17,1.727499122416e+02,-4.321785496625e-03,-2.453813131131e+00
