x,y,z,Bx,By,Bz,Ex,Ey,Ez
0.000000000000e+00,0.000000000000e+00,1.000000000000e+00,1.797727635604e-17,2.099004905732e-15,-9.825371515241e-17,-1.021619140277e+03,1.999438984508e-02,-3.505774835058e+01
