x,y,z,Bx,By,Bz,Ex,Ey,Ez
0.000000000000e+00,0.000000000000e+00,1.000000000000e+00,-2.233079271465e-19,8.857686467480e-17,-4.270125949068e-17,1.233255834001e+02,-5.927352386700e-05,-1.480585982510e+00
