x,y,z,Bx,By,Bz,Ex,Ey,Ez
0.000000000000e+00,0.000000000000e+00,1.000000000000e+00,2.761510774363e-17,2.741222194334e-15,-2.236195092999e-16,-1.222483740374e+03,6.308188376978e-02,-4.580821727299e+01
