x,y,z,Bx,By,Bz,Ex,Ey,Ez
0.000000000000e+00,0.000000000000e+00,1.000000000000e+00,1.899466685978e-19,6.705642830962e-17,5.496754274631e-18,-1.024129359947e+02,3.643741664014e-03,-1.120871703025e+00
