x,y,z,Bx,By,Bz,Ex,Ey,Ez
0.000000000000e+00,0.000000000000e+00,1.000000000000e+00,-1.333921069637e-18,2.702392859411e-16,5.987648194201e-18,2.595502719161e+02,5.216325353691e-03,-4.517419623977e+00
