x,y,z,Bx,By,Bz,Ex,Ey,Ez
0.000000000000e+00,0.000000000000e+00,1.000000000000e+00,-4.104698767261e-19,1.049796705050e-16,-1.701934301130e-17,1.380682706476e+02,-2.198705776256e-04,-1.753992704042e+00
