x,y,z,Bx,By,Bz,Ex,Ey,Ez
0.000000000000e+00,0.000000000000e+00,1.000000000000e+00,-5.061930814908e-11,1.497862908049e-10,1.349730119927e-10,-7.197093608904e+05,-2.411082790584e+05,-2.505454594220e+06
