x,y,z,Bx,By,Bz,Ex,Ey,Ez
0.000000000000e+00,0.000000000000e+00,1.000000000000e+00,2.563218598565e-18,4.366050234213e-16,-2.295166040788e-17,-3.574701982288e+02,1.171039438813e-02,-7.294014542064e+00
