x,y,z,Bx,By,Bz,Ex,Ey,Ez
0.000000000000e+00,0.000000000000e+00,1.000000000000e+00,-1.001478446206e-13,1.446286968367e-12,-2.398709033390e-13,1.174653601515e+05,-6.043828966687e+01,-2.415193822133e+04
