x,y,z,Bx,By,Bz,Ex,Ey,Ez
0.000000000000e+00,0.000000000000e+00,1.000000000000e+00,2.094534227945e-18,5.112977199369e-16,-9.276369288683e-17,-3.975144001783e+02,-1.387863265601e-02,-8.548089621839e+00
