x,y,z,Bx,By,Bz,Ex,Ey,Ez
0.000000000000e+00,0.000000000000e+00,1.000000000000e+00,9.355197565496e-19,2.656551241700e-16,8.645569026321e-18,-2.565773561498e+02,-1.098047134756e-03,-4.439248497854e+00
