x,y,z,Bx,By,Bz,Ex,Ey,Ez
0.000000000000e+00,0.000000000000e+00,1.000000000000e+00,-1.354268844461e-18,3.419555318801e-16,-7.534456523420e-17,3.038287209702e+02,1.093807718103e-02,-5.715693481837e+00
