x,y,z,Bx,By,Bz,Ex,Ey,Ez
0.000000000000e+00,0.000000000000e+00,1.000000000000e+00,-2.632246682470e-18,5.083604681853e-16,-4.468467635704e-17,3.958036646748e+02,4.052929670511e-02,-8.496446330916e+00
