x,y,z,Bx,By,Bz,Ex,Ey,Ez
0.000000000000e+00,0.000000000000e+00,1.000000000000e+00,-1.313277706802e-16,9.564102791601e-15,-1.277494525996e-15,2.834413335877e+03,2.649471316350e-01,-1.595398016219e+02
