x,y,z,Bx,By,Bz,Ex,Ey,Ez
0.000000000000e+00,0.000000000000e+00,1.000000000000e+00,-2.077741079689e-19,8.982385961320e-17,-3.809819504410e-17,1.244611956286e+02,-2.635207152661e-03,-1.501084856870e+00
