x,y,z,Bx,By,Bz,Ex,Ey,Ez
0.000000000000e+00,0.000000000000e+00,1.000000000000e+00,-4.760882682060e-17,4.332839031347e-15,-4.990015790689e-16,1.662940876075e+03,4.442577481518e-01,-7.241790976346e+01
