x,y,z,Bx,By,Bz,Ex,Ey,Ez
0.000000000000e+00,0.000000000000e+00,1.000000000000e+00,2.110035354385e-18,3.916458878599e-16,-4.346770599240e-17,-3.323920385312e+02,3.816094801850e-03,-6.541349665629e+00
