x,y,z,Bx,By,Bz,Ex,Ey,Ez
0.000000000000e+00,0.000000000000e+00,1.000000000000e+00,-1.689125067863e-18,3.800967172191e-16,-1.225117333472e-16,3.256922844429e+02,-2.968670699339e-02,-6.342532824409e+00
