x,y,z,Bx,By,Bz,Ex,Ey,Ez
0.000000000000e+00,0.000000000000e+00,1.000000000000e+00,3.351588075196e-13,3.637748582349e-12,-8.731104625080e-13,-2.870712015949e+05,3.989825343821e+02,-6.081297586914e+04
