x,y,z,Bx,By,Bz,Ex,Ey,Ez
0.000000000000e+00,0.000000000000e+00,1.000000000000e+00,4.866950789718e-19,1.148100316700e-16,-3.666884233253e-18,-1.466385978011e+02,7.649000102675e-03,-1.919766824818e+00
