x,y,z,Bx,By,Bz,Ex,Ey,Ez
0.000000000000e+00,0.000000000000e+00,1.000000000000e+00,-8.436099544126e-17,6.331761121778e-15,-3.752028919710e-16,2.147687726661e+03,-1.285063012439e-01,-1.058799973510e+02
