x,y,z,Bx,By,Bz,Ex,Ey,Ez
0.000000000000e+00,0.000000000000e+00,1.000000000000e+00,-9.011452611619e-19,2.322982057398e-16,3.389250702026e-17,2.343909749128e+02,-2.351685200018e-02,-3.877137763567e+00
