x,y,z,Bx,By,Bz,Ex,Ey,Ez
0.000000000000e+00,0.000000000000e+00,1.000000000000e+00,-9.252743625105e-19,1.737079089271e-16,5.905213989912e-18,1.930839180380e+02,5.630752088446e-03,-2.899931833738e+00
