x,y,z,Bx,By,Bz,Ex,Ey,Ez
0.000000000000e+00,0.000000000000e+00,1.000000000000e+00,1.982957898683e-19,1.013040529605e-16,-1.562320871643e-18,-1.347770411508e+02,-4.015401459166e-03,-1.691691395879e+00
