x,y,z,Bx,By,Bz,Ex,Ey,Ez
0.000000000000e+00,0.000000000000e+00,1.000000000000e+00,-4.004092135648e-19,1.211727121474e-16,-3.344239265569e-17,1.519123696836e+02,-1.098460431106e-03,-2.023837338782e+00
