x,y,z,Bx,By,Bz,Ex,Ey,Ez
0.000000000000e+00,0.000000000000e+00,1.000000000000e+00,-1.442090436608e-18,3.319648843865e-16,-7.060549335154e-17,2.979026049982e+02,1.789342584062e-02,-5.549914779755e+00
