x,y,z,Bx,By,Bz,Ex,Ey,Ez
0.000000000000e+00,0.000000000000e+00,1.000000000000e+00,4.527337931157e-19,1.424546194565e-16,-4.612597954042e-18,-1.692779156834e+02,-1.379233977965e-02,-2.380506582829e+00
