x,y,z,Bx,By,Bz,Ex,Ey,Ez
0.000000000000e+00,0.000000000000e+00,1.000000000000e+00,1.774068709962e-18,3.046726497032e-16,-5.134928009841e-17,-2.811096327469e+02,-3.041127979533e-03,-5.089673920747e+00
