x,y,z,Bx,By,Bz,Ex,Ey,Ez
0.000000000000e+00,0.000000000000e+00,1.000000000000e+00,6.886504079530e-15,1.816364319214e-13,-1.922156919212e-14,-2.209496291411e+04,-9.301507399567e+00,-3.033959043970e+03
