x,y,z,Bx,By,Bz,Ex,Ey,Ez
0.000000000000e+00,0.000000000000e+00,1.000000000000e+00,7.387584394315e-17,5.910697918638e-15,-3.706757374544e-16,-2.048227768811e+03,2.540664377710e-02,-9.870546547125e+01
