x,y,z,Bx,By,Bz,Ex,Ey,Ez
0.000000000000e+00,0.000000000000e+00,1.000000000000e+00,8.230180367626e-17,6.340957703325e-15,-4.145128342659e-16,-2.147534902261e+03,8.977747021711e-02,-1.058864589208e+02
