x,y,z,Bx,By,Bz,Ex,Ey,Ez
0.000000000000e+00,0.000000000000e+00,1.000000000000e+00,-1.080977204364e-17,1.486968452677e-15,-1.003497369606e-16,8.115980276699e+02,1.082014731650e-01,-2.485937092083e+01
