x,y,z,Bx,By,Bz,Ex,Ey,Ez
0.000000000000e+00,0.000000000000e+00,1.000000000000e+00,-1.111659645768e-15,4.742195258531e-14,-5.558365875160e-15,8.489146344635e+03,3.258209597338e+00,-7.920428989417e+02
