x,y,z,Bx,By,Bz,Ex,Ey,Ez
0.000000000000e+00,0.000000000000e+00,1.000000000000e+00,8.447571125554e-18,1.166858364434e-15,-1.694278912247e-17,-6.890655013725e+02,2.580301332919e-02,-1.947045320578e+01
