x,y,z,Bx,By,Bz,Ex,Ey,Ez
0.000000000000e+00,0.000000000000e+00,1.000000000000e+00,-3.563054744348e-19,1.125260720731e-16,2.608442458200e-18,1.446459650288e+02,3.140530849816e-03,-1.880712816355e+00
