x,y,z,Bx,By,Bz,Ex,Ey,Ez
0.000000000000e+00,0.000000000000e+00,1.000000000000e+00,-2.038065097710e-17,2.118687038903e-15,-1.783155229648e-16,1.028699653233e+03,-2.830452412559e-02,-3.540748102951e+01
