x,y,z,Bx,By,Bz,Ex,Ey,Ez
0.000000000000e+00,0.000000000000e+00,1.000000000000e+00,1.632231054879e-17,1.950877113662e-15,-4.387945009022e-17,-9.728661047428e+02,-2.567730372908e-02,-3.259218892543e+01
