x,y,z,Bx,By,Bz,Ex,Ey,Ez
0.000000000000e+00,0.000000000000e+00,1.000000000000e+00,1.330778041494e-17,1.648887333988e-15,-1.788334333014e-16,-8.694235617051e+02,-8.676332473154e-02,-2.754929754272e+01
