x,y,z,Bx,By,Bz,Ex,Ey,Ez
0.000000000000e+00,0.000000000000e+00,1.000000000000e+00,-1.099469191272e-17,1.358073116417e-15,-2.753679579249e-17,7.636343957973e+02,6.704793194595e-02,-2.270361918873e+01
