x,y,z,Bx,By,Bz,Ex,Ey,Ez
0.000000000000e+00,0.000000000000e+00,1.000000000000e+00,1.841322090108e-16,1.220661830227e-14,-1.336901040961e-15,-3.346710069840e+03,-6.782071159404e-01,-2.039638497177e+02
