x,y,z,Bx,By,Bz,Ex,Ey,Ez
0.000000000000e+00,0.000000000000e+00,1.000000000000e+00,-2.712196518708e-19,7.015634039642e-17,-3.957450803295e-18,1.054753161161e+02,-3.499193410902e-03,-1.171470987186e+00
