x,y,z,Bx,By,Bz,Ex,Ey,Ez
0.000000000000e+00,0.000000000000e+00,1.000000000000e+00,-1.318402828243e-18,3.514669617697e-16,-8.546836134262e-17,3.093693403773e+02,3.423790243074e-03,-5.872230206384e+00
