x,y,z,Bx,By,Bz,Ex,Ey,Ez
0.000000000000e+00,0.000000000000e+00,1.000000000000e+00,4.400736573657e-19,1.163097059143e-16,-6.226756445844e-18,-1.479311104588e+02,8.108151987501e-03,-1.945101765683e+00
