x,y,z,Bx,By,Bz,Ex,Ey,Ez
0.000000000000e+00,0.000000000000e+00,1.000000000000e+00,7.245322987507e-14,1.105629912022e-12,-1.612604852388e-13,-9.238748091921e+04,9.837197770331e+00,-1.846661078175e+04
