x,y,z,Bx,By,Bz,Ex,Ey,Ez
0.000000000000e+00,0.000000000000e+00,1.000000000000e+00,-1.092065237708e-17,1.429552621608e-15,-5.311095313411e-17,7.904931584468e+02,9.393613815622e-02,-2.390346356410e+01
