x,y,z,Bx,By,Bz,Ex,Ey,Ez
0.000000000000e+00,0.000000000000e+00,1.000000000000e+00,-2.744996683709e-19,8.546196064671e-17,-1.595746428874e-17,1.204065952501e+02,4.934502508378e-03,-1.428531779364e+00
