x,y,z,Bx,By,Bz,Ex,Ey,Ez
0.000000000000e+00,0.000000000000e+00,1.000000000000e+00,2.251266971588e-16,1.411161201576e-14,-1.115511472357e-15,-3.690924558356e+03,-8.056377943948e-01,-2.356910008700e+02
