x,y,z,Bx,By,Bz,Ex,Ey,Ez
0.000000000000e+00,0.000000000000e+00,1.000000000000e+00,5.657652994362e-17,4.863295071345e-15,-3.813620335235e-16,-1.796501127924e+03,-7.926577060565e-02,-8.123079543154e+01
