x,y,z,Bx,By,Bz,Ex,Ey,Ez
0.000000000000e+00,0.000000000000e+00,1.000000000000e+00,2.605117032668e-19,1.041815475023e-16,1.197366551096e-17,-1.372238474334e+02,-1.859915889227e-03,-1.738074417140e+00
