x,y,z,Bx,By,Bz,Ex,Ey,Ez
0.000000000000e+00,0.000000000000e+00,1.000000000000e+00,1.328695884203e-16,9.093907062130e-15,-1.125135268905e-15,-2.742715622564e+03,2.556966082009e-02,-1.520289239197e+02
