x,y,z,Bx,By,Bz,Ex,Ey,Ez
0.000000000000e+00,0.000000000000e+00,1.000000000000e+00,1.637421599342e-19,6.247847414809e-17,-7.404072523858e-18,-9.767135149871e+01,-8.558538658136e-04,-1.043979495032e+00
