x,y,z,Bx,By,Bz,Ex,Ey,Ez
0.000000000000e+00,0.000000000000e+00,1.000000000000e+00,-4.290999232901e-18,6.684628490592e-16,-7.158156191928e-17,4.751200480565e+02,2.188147732404e-02,-1.116419471409e+01
