x,y,z,Bx,By,Bz,Ex,Ey,Ez
0.000000000000e+00,0.000000000000e+00,1.000000000000e+00,-2.766315168975e-18,4.454882684600e-16,9.470329680530e-17,3.622821014929e+02,-2.452342462154e-02,-7.445308298829e+00
