x,y,z,Bx,By,Bz,Ex,Ey,Ez
0.000000000000e+00,0.000000000000e+00,1.000000000000e+00,1.438625258858e-19,6.931520801394e-17,-1.623064290647e-17,-1.047007802138e+02,3.844851884314e-03,-1.158475273797e+00
