x,y,z,Bx,By,Bz,Ex,Ey,Ez
0.000000000000e+00,0.000000000000e+00,1.000000000000e+00,2.758217937013e-19,9.578090820725e-17,-2.386878555785e-17,-1.299220020109e+02,-1.410956342634e-03,-1.601042487816e+00
