x,y,z,Bx,By,Bz,Ex,Ey,Ez
0.000000000000e+00,0.000000000000e+00,1.000000000000e+00,1.531695479193e-18,3.240846173841e-16,-8.034360745580e-18,-2.931243685789e+02,-5.328541931751e-03,-5.419227731062e+00
