x,y,z,Bx,By,Bz,Ex,Ey,Ez
0.000000000000e+00,0.000000000000e+00,1.000000000000e+00,-2.568378476363e-16,1.491790859733e-14,-1.446295869392e-15,3.835230342477e+03,-1.150563005479e+00,-2.493472949636e+02
