x,y,z,Bx,By,Bz,Ex,Ey,Ez
0.000000000000e+00,0.000000000000e+00,1.000000000000e+00,-4.630289727835e-18,7.452949905194e-16,-1.353601508855e-16,5.112717696274e+02,-4.341974397940e-03,-1.245686078877e+01
