x,y,z,Bx,By,Bz,Ex,Ey,Ez
0.000000000000e+00,0.000000000000e+00,1.000000000000e+00,6.197408364495e-18,9.285391472192e-16,-1.051407275048e-16,-5.924796083309e+02,-3.392621495098e-02,-1.553221419265e+01
