x,y,z,Bx,By,Bz,Ex,Ey,Ez
0.000000000000e+00,0.000000000000e+00,1.000000000000e+00,-7.060525444189e-18,9.877381367990e-16,-9.046838572733e-18,6.168787890732e+02,-4.204053462521e-02,-1.650426863550e+01
