x,y,z,Bx,By,Bz,Ex,Ey,Ez
0.000000000000e+00,0.000000000000e+00,1.000000000000e+00,1.390163306648e-17,1.702461751757e-15,-1.305388764211e-16,-8.881819824354e+02,-9.142127606960e-02,-2.844392674665e+01
