x,y,z,Bx,By,Bz,Ex,Ey,Ez
0.000000000000e+00,0.000000000000e+00,1.000000000000e+00,-4.456086376722e-19,1.342385104017e-16,5.216217734524e-18,1.626681361151e+02,2.093127065683e-03,-2.242608483705e+00
