x,y,z,Bx,By,Bz,Ex,Ey,Ez
0.000000000000e+00,0.000000000000e+00,1.000000000000e+00,3.032777002476e-17,3.074736112569e-15,-3.071163852900e-16,-1.320777220241e+03,6.081647467456e-02,-5.139385069166e+01
