x,y,z,Bx,By,Bz,Ex,Ey,Ez
0.000000000000e+00,0.000000000000e+00,1.000000000000e+00,2.250629918635e-17,2.380341989539e-15,-1.962677245844e-16,-1.111478630973e+03,5.071837990978e-02,-3.975131981516e+01
