x,y,z,Bx,By,Bz,Ex,Ey,Ez
0.000000000000e+00,0.000000000000e+00,1.000000000000e+00,-4.267622658617e-17,3.698858839349e-15,2.165762823408e-16,1.493956833997e+03,1.925857229545e-01,-6.180524192290e+01
