x,y,z,Bx,By,Bz,Ex,Ey,Ez
0.000000000000e+00,0.000000000000e+00,1.000000000000e+00,1.140435185192e-15,4.674029419060e-14,-5.611722797220e-15,-8.411396957370e+03,1.073968424474e+00,-7.814225895772e+02
