x,y,z,Bx,By,Bz,Ex,Ey,Ez
0.000000000000e+00,0.000000000000e+00,1.000000000000e+00,-3.323681078976e-19,9.815058575201e-17,9.425510480405e-18,1.319198415192e+02,9.038272805503e-04,-1.638314646801e+00
