x,y,z,Bx,By,Bz,Ex,Ey,Ez
0.000000000000e+00,0.000000000000e+00,1.000000000000e+00,1.832380977107e-19,5.996812648020e-17,-1.674732590096e-18,-9.503877404015e+01,-2.028702194528e-04,-1.002105724499e+00
