x,y,z,Bx,By,Bz,Ex,Ey,Ez
0.000000000000e+00,0.000000000000e+00,1.000000000000e+00,-2.136449286922e-17,2.414473054166e-15,-3.944841140527e-16,1.123364271141e+03,-8.330333115011e-02,-4.036665939309e+01
