x,y,z,Bx,By,Bz,Ex,Ey,Ez
0.000000000000e+00,0.000000000000e+00,1.000000000000e+00,4.729602984162e-19,1.374059804781e-16,-3.034378481751e-17,-1.652805178794e+02,-1.226314204910e-02,-2.296457093720e+00
