x,y,z,Bx,By,Bz,Ex,Ey,Ez
0.000000000000e+00,0.000000000000e+00,1.000000000000e+00,9.779319379407e-19,2.349685705753e-16,-3.141968510748e-17,-2.362868022919e+02,-7.948353108268e-03,-3.923336119686e+00
