x,y,z,Bx,By,Bz,Ex,Ey,Ez
0.000000000000e+00,0.000000000000e+00,1.000000000000e+00,4.404175668186e-18,6.589651441553e-16,4.478837540897e-17,-4.707341832674e+02,6.855193019124e-03,-1.101582325578e+01
