x,y,z,Bx,By,Bz,Ex,Ey,Ez
0.000000000000e+00,0.000000000000e+00,1.000000000000e+00,-2.934840710821e-15,9.323007918201e-14,-8.329569386645e-15,1.364646860081e+04,-7.149197242934e-01,-1.557120833880e+03
