x,y,z,Bx,By,Bz,Ex,Ey,Ez
0.000000000000e+00,0.000000000000e+00,1.000000000000e+00,-1.044826157083e-16,8.475125604280e-15,-7.198604558899e-16,2.613439447829e+03,3.743244933965e-01,-1.415357238393e+02
