x,y,z,Bx,By,Bz,Ex,Ey,Ez
0.000000000000e+00,0.000000000000e+00,1.000000000000e+00,-2.520994669778e-16,1.464042647306e-14,-1.464703837265e-15,3.786657806528e+03,-1.123574538945e+00,-2.447061898188e+02
