x,y,z,Bx,By,Bz,Ex,Ey,Ez
0.000000000000e+00,0.000000000000e+00,1.000000000000e+00,-1.521492061819e-18,3.216056069888e-16,-6.473532550895e-17,2.916298029593e+02,2.457475324656e-02,-5.376306298560e+00
