x,y,z,Bx,By,Bz,Ex,Ey,Ez
0.000000000000e+00,0.000000000000e+00,1.000000000000e+00,1.547769130991e-18,3.232273599028e-16,-9.910444361030e-18,-2.926084997238e+02,-5.581298839282e-03,-5.404941424164e+00
