x,y,z,Bx,By,Bz,Ex,Ey,Ez
0.000000000000e+00,0.000000000000e+00,1.000000000000e+00,2.760749518371e-19,1.045694137409e-16,1.297961159093e-17,-1.375553985619e+02,-1.430316477680e-03,-1.744389580847e+00
