x,y,z,Bx,By,Bz,Ex,Ey,Ez
0.000000000000e+00,0.000000000000e+00,1.000000000000e+00,1.329577322697e-19,7.033745619294e-17,-2.210239052117e-17,-1.057038223202e+02,2.805263077953e-03,-1.175111951668e+00
