x,y,z,Bx,By,Bz,Ex,Ey,Ez
0.000000000000e+00,0.000000000000e+00,1.000000000000e+00,-2.259588850768e-17,2.640825377470e-15,-4.761332677381e-16,1.192385285097e+03,-2.066140017082e-01,-4.412066183542e+01
