x,y,z,Bx,By,Bz,Ex,Ey,Ez
0.000000000000e+00,0.000000000000e+00,1.000000000000e+00,9.956431088142e-17,7.170889309367e-15,-5.827584649871e-16,-2.333916061038e+03,1.712202130617e-01,-1.197766464659e+02
