x,y,z,Bx,By,Bz,Ex,Ey,Ez
0.000000000000e+00,0.000000000000e+00,1.000000000000e+00,-1.325051697359e-17,1.719619627968e-15,-2.995585662513e-16,8.938910638619e+02,5.493790760022e-02,-2.870520353198e+01
