x,y,z,Bx,By,Bz,Ex,Ey,Ez
0.000000000000e+00,0.000000000000e+00,1.000000000000e+00,7.976172127224e-18,1.148167987849e-15,-1.188216348330e-17,-6.816557656601e+02,1.792615905973e-02,-1.915830908621e+01
