x,y,z,Bx,By,Bz,Ex,Ey,Ez
0.000000000000e+00,0.000000000000e+00,1.000000000000e+00,4.538225022409e-19,1.508553086251e-16,2.762982804376e-17,-1.757977255103e+02,-5.812676890136e-03,-2.519641196761e+00
