x,y,z,Bx,By,Bz,Ex,Ey,Ez
0.000000000000e+00,0.000000000000e+00,1.000000000000e+00,-5.111380426757e-19,1.519863850959e-16,-1.978139181447e-17,1.767887842144e+02,-8.046654134952e-03,-2.540446142764e+00
