x,y,z,Bx,By,Bz,Ex,Ey,Ez
0.000000000000e+00,0.000000000000e+00,1.000000000000e+00,-8.758907949784e-19,1.837946305529e-16,1.198667436525e-17,2.007833610045e+02,1.410645674282e-02,-3.074614549567e+00
