x,y,z,Bx,By,Bz,Ex,Ey,Ez
0.000000000000e+00,0.000000000000e+00,1.000000000000e+00,2.697182451245e-17,2.683403178289e-15,-2.162078195633e-16,-1.205013524148e+03,6.017110480802e-02,-4.483696661170e+01
