x,y,z,Bx,By,Bz,Ex,Ey,Ez
0.000000000000e+00,0.000000000000e+00,1.000000000000e+00,-4.658815612113e-19,1.372172250528e-16,-1.047463250573e-17,1.650514244511e+02,3.276883479057e-03,-2.291925012733e+00
