x,y,z,Bx,By,Bz,Ex,Ey,Ez
0.000000000000e+00,0.000000000000e+00,1.000000000000e+00,-4.658934992235e-18,7.175286411722e-16,-1.157909570704e-16,4.983976949858e+02,9.113294080097e-03,-1.199114209908e+01
