x,y,z,Bx,By,Bz,Ex,Ey,Ez
0.000000000000e+00,0.000000000000e+00,1.000000000000e+00,2.746899697585e-18,4.546903680537e-16,-5.090637576372e-17,-3.674459907454e+02,1.237013671508e-02,-7.600237495153e+00
