x,y,z,Bx,By,Bz,Ex,Ey,Ez
0.000000000000e+00,0.000000000000e+00,1.000000000000e+00,-2.183635155035e-16,1.276938617080e-14,-1.613359496888e-15,3.450105254500e+03,-7.872684469497e-01,-2.133014605899e+02
