x,y,z,Bx,By,Bz,Ex,Ey,Ez
0.000000000000e+00,0.000000000000e+00,1.000000000000e+00,1.826175949098e-17,2.119881440425e-15,-1.077169490869e-16,-1.028398981243e+03,2.474793108726e-02,-3.540511829689e+01
