x,y,z,Bx,By,Bz,Ex,Ey,Ez
0.000000000000e+00,0.000000000000e+00,1.000000000000e+00,2.730046684594e-17,2.712105073081e-15,-2.194826430987e-16,-1.213701214122e+03,6.164966088305e-02,-4.531913917171e+01
