x,y,z,Bx,By,Bz,Ex,Ey,Ez
0.000000000000e+00,0.000000000000e+00,1.000000000000e+00,6.558292793981e-18,8.754608865561e-16,-1.492502397950e-16,-5.694240577242e+02,-1.630808198107e-02,-1.463653345095e+01
