x,y,z,Bx,By,Bz,Ex,Ey,Ez
0.000000000000e+00,0.000000000000e+00,1.000000000000e+00,-4.069444004924e-17,3.550589479610e-15,2.781327760040e-16,1.452990356585e+03,5.854717994426e-02,-5.930479736551e+01
