x,y,z,Bx,By,Bz,Ex,Ey,Ez
0.000000000000e+00,0.000000000000e+00,1.000000000000e+00,6.698283844321e-15,1.778325495614e-13,-1.880959373957e-14,-2.175415704946e+04,-9.200727341718e+00,-2.970376642178e+03
