x,y,z,Bx,By,Bz,Ex,Ey,Ez
0.000000000000e+00,0.000000000000e+00,1.000000000000e+00,1.613342284164e-18,3.198432999699e-16,-1.801059205528e-17,-2.905588590496e+02,-6.272019244986e-03,-5.348296027701e+00
