x,y,z,Bx,By,Bz,Ex,Ey,Ez
0.000000000000e+00,0.000000000000e+00,1.000000000000e+00,7.543849855226e-17,5.993606832245e-15,-3.761367775287e-16,-2.067524516300e+03,3.809228187226e-02,-1.000885452986e+02
