x,y,z,Bx,By,Bz,Ex,Ey,Ez
0.000000000000e+00,0.000000000000e+00,1.000000000000e+00,7.022231072533e-17,5.709960907273e-15,-3.632778407598e-16,-2.001163327991e+03,-4.299690275193e-03,-9.535742713108e+01
