x,y,z,Bx,By,Bz,Ex,Ey,Ez
0.000000000000e+00,0.000000000000e+00,1.000000000000e+00,1.549012053970e-17,1.859971069535e-15,-4.135619028204e-17,-9.423142425910e+02,-5.869022451809e-02,-3.107577454986e+01
