x,y,z,Bx,By,Bz,Ex,Ey,Ez
0.000000000000e+00,0.000000000000e+00,1.000000000000e+00,4.561150169340e-19,1.082502889528e-16,1.173420640606e-17,-1.407702107405e+02,3.046470467440e-03,-1.805947392752e+00
