x,y,z,Bx,By,Bz,Ex,Ey,Ez
0.000000000000e+00,0.000000000000e+00,1.000000000000e+00,-2.717321979356e-18,5.260183923463e-16,-7.725459990325e-17,4.049185997796e+02,3.799984362855e-02,-8.789884907106e+00
