x,y,z,Bx,By,Bz,Ex,Ey,Ez
0.000000000000e+00,0.000000000000e+00,1.000000000000e+00,3.896980053429e-18,5.962315985906e-16,-2.346227242065e-17,-4.397541213917e+02,-3.195623698760e-02,-9.947072144387e+00
