x,y,z,Bx,By,Bz,Ex,Ey,Ez
0.000000000000e+00,0.000000000000e+00,1.000000000000e+00,-4.818498187802e-19,1.535691950052e-16,-1.179894346687e-17,1.780027969332e+02,-8.267216510746e-03,-2.566699318462e+00
