x,y,z,Bx,By,Bz,Ex,Ey,Ez
0.000000000000e+00,0.000000000000e+00,1.000000000000e+00,2.150562987436e-18,5.065127645147e-16,-9.346561611705e-17,-3.950759503698e+02,-1.124955623831e-02,-8.469741059064e+00
