x,y,z,Bx,By,Bz,Ex,Ey,Ez
0.000000000000e+00,0.000000000000e+00,1.000000000000e+00,1.607444787865e-16,1.090299461769e-14,-1.381719801704e-15,-3.101198423697e+03,-4.146738554694e-01,-1.822550597208e+02
