x,y,z,Bx,By,Bz,Ex,Ey,Ez
0.000000000000e+00,0.000000000000e+00,1.000000000000e+00,-4.896408555671e-15,1.393127342397e-13,-1.328557904647e-14,1.822048510341e+04,2.690447344763e+00,-2.328561857662e+03
