x,y,z,Bx,By,Bz,Ex,Ey,Ez
0.000000000000e+00,0.000000000000e+00,1.000000000000e+00,-3.673566602044e-19,1.112749318030e-16,6.483374246416e-18,1.435746386011e+02,2.232287174531e-03,-1.859912189672e+00
