x,y,z,Bx,By,Bz,Ex,Ey,Ez
0.000000000000e+00,0.000000000000e+00,1.000000000000e+00,-2.078354472220e-18,3.953737786503e-16,-9.911143033737e-17,3.343119698381e+02,-4.857888032842e-02,-6.596773263065e+00
