x,y,z,Bx,By,Bz,Ex,Ey,Ez
0.000000000000e+00,0.000000000000e+00,1.000000000000e+00,-5.744668938091e-16,2.695502879588e-14,-1.122798658356e-15,5.740405915268e+03,5.273776497329e-01,-4.504948392529e+02
