x,y,z,Bx,By,Bz,Ex,Ey,Ez
0.000000000000e+00,0.000000000000e+00,1.000000000000e+00,6.472831410792e-18,8.980718582165e-16,-1.311516886368e-16,-5.793440997275e+02,-2.571785205168e-02,-1.501974944230e+01
