x,y,z,Bx,By,Bz,Ex,Ey,Ez
0.000000000000e+00,0.000000000000e+00,1.000000000000e+00,2.353141458439e-15,8.148572619878e-14,-8.903323955257e-15,-1.241034230951e+04,-3.005937452738e+00,-1.360821628061e+03
