x,y,z,Bx,By,Bz,Ex,Ey,Ez
0.000000000000e+00,0.000000000000e+00,1.000000000000e+00,1.407381054037e-17,1.718185713856e-15,-1.171042616903e-16,-8.936536203032e+02,-9.098077003219e-02,-2.870663312831e+01
