x,y,z,Bx,By,Bz,Ex,Ey,Ez
0.000000000000e+00,0.000000000000e+00,1.000000000000e+00,6.502929087048e-19,1.868598950732e-16,-8.733548965881e-18,-2.028614559816e+02,9.456258705759e-04,-3.122078845624e+00
