x,y,z,Bx,By,Bz,Ex,Ey,Ez
0.000000000000e+00,0.000000000000e+00,1.000000000000e+00,-1.944588524127e-17,2.028238634138e-15,-1.778608547617e-16,9.987382144686e+02,-2.804654579739e-02,-3.387992272693e+01
