x,y,z,Bx,By,Bz,Ex,Ey,Ez
0.000000000000e+00,0.000000000000e+00,1.000000000000e+00,3.596226250763e-19,1.199229706920e-16,-1.549912638500e-17,-1.509513253455e+02,8.240361649253e-03,-2.004712971290e+00
