x,y,z,Bx,By,Bz,Ex,Ey,Ez
0.000000000000e+00,0.000000000000e+00,1.000000000000e+00,1.199808498838e-17,1.514163155235e-15,-2.693050464580e-16,-8.213731105096e+02,-3.609006487712e-02,-2.530284115348e+01
