x,y,z,Bx,By,Bz,Ex,Ey,Ez
0.000000000000e+00,0.000000000000e+00,1.000000000000e+00,-2.738216270935e-19,7.037210607739e-17,-1.611336556833e-18,1.056982815924e+02,-3.448309552261e-03,-1.175198268686e+00
