x,y,z,Bx,By,Bz,Ex,Ey,Ez
0.000000000000e+00,0.000000000000e+00,1.000000000000e+00,-4.462889122243e-19,1.345057334744e-16,4.103227179150e-18,1.628825630016e+02,2.272569022092e-03,-2.247032581432e+00
