x,y,z,Bx,By,Bz,Ex,Ey,Ez
0.000000000000e+00,0.000000000000e+00,1.000000000000e+00,4.191334058077e-19,1.074772642052e-16,1.338327713547e-17,-1.400835216390e+02,2.138636254189e-03,-1.792751347664e+00
