x,y,z,Bx,By,Bz,Ex,Ey,Ez
0.000000000000e+00,0.000000000000e+00,1.000000000000e+00,2.270275201795e-18,4.987109392857e-16,-9.330054816638e-17,-3.910602087783e+02,-6.850936836577e-03,-8.341302418117e+00
