x,y,z,Bx,By,Bz,Ex,Ey,Ez
0.000000000000e+00,0.000000000000e+00,1.000000000000e+00,-3.958155228438e-19,1.082495631759e-16,1.217488951195e-18,1.409516899892e+02,-6.478993402151e-05,-1.809236155127e+00
