x,y,z,Bx,By,Bz,Ex,Ey,Ez
0.000000000000e+00,0.000000000000e+00,1.000000000000e+00,-2.707681266836e-18,5.243803601169e-16,-7.521090070538e-17,4.040775073443e+02,3.846056866840e-02,-8.762653298588e+00
