x,y,z,Bx,By,Bz,Ex,Ey,Ez
0.000000000000e+00,0.000000000000e+00,1.000000000000e+00,8.059629505955e-19,1.958889298022e-16,-4.609357493736e-18,-2.092632971503e+02,4.416647694541e-03,-3.270902362328e+00
