x,y,z,Bx,By,Bz,Ex,Ey,Ez
0.000000000000e+00,0.000000000000e+00,1.000000000000e+00,-1.811205968725e-19,6.023758341232e-17,-1.694432884311e-17,9.533230446882e+01,2.683902164356e-03,-1.006626259173e+00
