x,y,z,Bx,By,Bz,Ex,Ey,Ez
0.000000000000e+00,0.000000000000e+00,1.000000000000e+00,1.641217039478e-17,1.960301547521e-15,-4.597690998695e-17,-9.760047331902e+02,-2.228775083475e-02,-3.274921771276e+01
