x,y,z,Bx,By,Bz,Ex,Ey,Ez
0.000000000000e+00,0.000000000000e+00,1.000000000000e+00,1.819527892845e-19,6.014723683860e-17,-3.320642033741e-18,-9.523033854915e+01,-1.592169440693e-04,-1.005129987038e+00
