x,y,z,Bx,By,Bz,Ex,Ey,Ez
0.000000000000e+00,0.000000000000e+00,1.000000000000e+00,-2.650928393502e-18,4.230899106645e-16,2.544147833216e-17,3.498666077970e+02,-5.344900937959e-02,-7.065013284600e+00
