x,y,z,Bx,By,Bz,Ex,Ey,Ez
0.000000000000e+00,0.000000000000e+00,1.000000000000e+00,4.093913962898e-19,1.072838743253e-16,1.370706529956e-17,-1.399126770497e+02,1.903016056441e-03,-1.789472131336e+00
