x,y,z,Bx,By,Bz,Ex,Ey,Ez
0.000000000000e+00,0.000000000000e+00,1.000000000000e+00,1.177856203168e-18,2.463283920846e-16,-1.713561636774e-17,-2.439446093810e+02,-9.676965315866e-03,-4.115701301651e+00
