x,y,z,Bx,By,Bz,Ex,Ey,Ez
0.000000000000e+00,0.000000000000e+00,1.000000000000e+00,-3.206534302629e-12,6.478427974774e-11,1.608383694979e-10,-3.069590230460e+05,-4.869433163437e+03,-1.081053736455e+06
