x,y,z,Bx,By,Bz,Ex,Ey,Ez
0.000000000000e+00,0.000000000000e+00,1.000000000000e+00,3.852381243021e-17,3.744133637508e-15,-4.169014724308e-16,-1.506951603841e+03,-1.028245407461e-02,-6.253452520734e+01
