x,y,z,Bx,By,Bz,Ex,Ey,Ez
0.000000000000e+00,0.000000000000e+00,1.000000000000e+00,-1.751266364147e-17,1.915352732212e-15,-2.265183656004e-16,9.608131552124e+02,-1.712275306059e-02,-3.197575182953e+01
