x,y,z,Bx,By,Bz,Ex,Ey,Ez
0.000000000000e+00,0.000000000000e+00,1.000000000000e+00,-2.939768522750e-19,9.660328618317e-17,1.760843455221e-17,1.305240572704e+02,-1.081176851667e-03,-1.612403880095e+00
