x,y,z,Bx,By,Bz,Ex,Ey,Ez
0.000000000000e+00,0.000000000000e+00,1.000000000000e+00,-5.384774983947e-19,1.504383843199e-16,-2.732424379139e-17,1.755869554861e+02,-7.374264637679e-03,-2.514550591490e+00
