x,y,z,Bx,By,Bz,Ex,Ey,Ez
0.000000000000e+00,0.000000000000e+00,1.000000000000e+00,1.103583003511e-17,1.330458050290e-15,-1.741998418039e-16,-7.530418896239e+02,4.976689355086e-02,-2.222772141710e+01
