x,y,z,Bx,By,Bz,Ex,Ey,Ez
0.000000000000e+00,0.000000000000e+00,1.000000000000e+00,4.738314955630e-19,1.152332506765e-16,-4.353473473690e-18,-1.470061298789e+02,7.797532387307e-03,-1.926960651121e+00
