x,y,z,Bx,By,Bz,Ex,Ey,Ez
0.000000000000e+00,0.000000000000e+00,1.000000000000e+00,2.342698750905e-16,1.451166074984e-14,-1.062926535894e-15,-3.761371062867e+03,-7.912764663414e-01,-2.423593105866e+02
