x,y,z,Bx,By,Bz,Ex,Ey,Ez
0.000000000000e+00,0.000000000000e+00,1.000000000000e+00,-4.569498906018e-19,1.293207220717e-16,8.046038710135e-18,1.586789644192e+02,-2.208302001787e-03,-2.160722170861e+00
