x,y,z,Bx,By,Bz,Ex,Ey,Ez
0.000000000000e+00,0.000000000000e+00,1.000000000000e+00,-5.324417221385e-19,1.416735702577e-16,-3.475329589801e-17,1.686126915384e+02,1.265147978522e-03,-2.366284323811e+00
