x,y,z,Bx,By,Bz,Ex,Ey,Ez
0.000000000000e+00,0.000000000000e+00,1.000000000000e+00,2.328026989900e-12,1.512554372020e-11,-7.884319070034e-12,-1.361041374246e+06,2.103335679040e+03,-2.528460397127e+05
