x,y,z,Bx,By,Bz,Ex,Ey,Ez
0.000000000000e+00,0.000000000000e+00,1.000000000000e+00,1.113593774543e-16,7.784741903838e-15,-7.482320519916e-16,-2.467829724857e+03,1.783687362457e-01,-1.300767786920e+02
