x,y,z,Bx,By,Bz,Ex,Ey,Ez
0.000000000000e+00,0.000000000000e+00,1.000000000000e+00,-5.836013150455e-18,8.798133378885e-16,-8.436653120551e-17,5.707603194679e+02,-6.418077071784e-02,-1.468978607991e+01
