x,y,z,Bx,By,Bz,Ex,Ey,Ez
0.000000000000e+00,0.000000000000e+00,1.000000000000e+00,2.726377281580e-19,8.063452789936e-17,-1.912916054536e-17,-1.157801883239e+02,2.609630008656e-04,-1.347053356154e+00
