x,y,z,Bx,By,Bz,Ex,Ey,Ez
0.000000000000e+00,0.000000000000e+00,1.000000000000e+00,-4.260268984891e-16,2.186271790287e-14,-1.190608769254e-15,4.970869600766e+03,-6.992937670070e-01,-3.650733501605e+02
