x,y,z,Bx,By,Bz,Ex,Ey,Ez
0.000000000000e+00,0.000000000000e+00,1.000000000000e+00,-7.434638502631e-19,2.119662811842e-16,-1.033539855641e-16,2.206790633031e+02,-1.490577905385e-02,-3.540376794657e+00
