x,y,z,Bx,By,Bz,Ex,Ey,Ez
0.000000000000e+00,0.000000000000e+00,1.000000000000e+00,-8.166046382210e-12,3.751405797097e-11,-2.249892176135e-11,3.067865884529e+06,1.248719941326e+04,-6.269696645557e+05
