x,y,z,Bx,By,Bz,Ex,Ey,Ez
0.000000000000e+00,0.000000000000e+00,1.000000000000e+00,-1.182130726534e-19,6.548599361449e-17,-1.160036341320e-17,1.007336827104e+02,8.779014765771e-04,-1.093267301248e+00
