x,y,z,Bx,By,Bz,Ex,Ey,Ez
0.000000000000e+00,0.000000000000e+00,1.000000000000e+00,3.737639698044e-16,2.009667364357e-14,-8.053282966008e-16,-4.692432957892e+03,3.567959729361e-01,-3.355044957577e+02
