x,y,z,Bx,By,Bz,Ex,Ey,Ez
0.000000000000e+00,0.000000000000e+00,1.000000000000e+00,-1.096955157893e-14,2.601140838781e-13,-3.474283966891e-14,2.891404509154e+04,-3.315608926139e+00,-4.346736579590e+03
