x,y,z,Bx,By,Bz,Ex,Ey,Ez
0.000000000000e+00,0.000000000000e+00,1.000000000000e+00,-9.906702458008e-17,8.148231924971e-15,-5.493917479195e-16,2.545505189012e+03,3.394991648860e-01,-1.361429499907e+02
