x,y,z,Bx,By,Bz,Ex,Ey,Ez
0.000000000000e+00,0.000000000000e+00,1.000000000000e+00,4.039987197774e-14,7.050655625964e-13,-9.264974711751e-14,-6.311546283073e+04,-4.499024423266e+00,-1.177494434551e+04
