x,y,z,Bx,By,Bz,Ex,Ey,Ez
0.000000000000e+00,0.000000000000e+00,1.000000000000e+00,4.458916745057e-18,6.524659735944e-16,4.333751753778e-17,-4.675901417096e+02,1.244228906616e-03,-1.090599315343e+01
