x,y,z,Bx,By,Bz,Ex,Ey,Ez
0.000000000000e+00,0.000000000000e+00,1.000000000000e+00,-3.622897739933e-19,1.182054603934e-16,-3.064144167593e-17,1.494336332941e+02,2.080376349383e-03,-1.974551772334e+00
