x,y,z,Bx,By,Bz,Ex,Ey,Ez
0.000000000000e+00,0.000000000000e+00,1.000000000000e+00,1.347487741342e-17,1.663967221060e-15,-1.651252069397e-16,-8.747219756871e+02,-8.905556166915e-02,-2.780103129779e+01
