x,y,z,Bx,By,Bz,Ex,Ey,Ez
0.000000000000e+00,0.000000000000e+00,1.000000000000e+00,2.177042062872e-18,5.397782662982e-16,-7.957246914815e-17,-4.117586079937e+02,-2.696909727520e-02,-9.011204343869e+00
