x,y,z,Bx,By,Bz,Ex,Ey,Ez
0.000000000000e+00,0.000000000000e+00,1.000000000000e+00,-7.034282081378e-18,9.802511151705e-16,-1.061782756615e-17,6.137342655894e+02,-4.495361730819e-02,-1.637851408544e+01
