x,y,z,Bx,By,Bz,Ex,Ey,Ez
0.000000000000e+00,0.000000000000e+00,1.000000000000e+00,1.669493501642e-17,1.988952641148e-15,-5.393237980640e-17,-9.855142237861e+02,-1.226745071845e-02,-3.322640829545e+01
