x,y,z,Bx,By,Bz,Ex,Ey,Ez
0.000000000000e+00,0.000000000000e+00,1.000000000000e+00,-1.464303622221e-17,1.784856588830e-15,-2.938920060116e-16,9.163685372967e+02,2.447870420710e-02,-2.978995316818e+01
