x,y,z,Bx,By,Bz,Ex,Ey,Ez
0.000000000000e+00,0.000000000000e+00,1.000000000000e+00,1.027897721346e-16,7.331776602436e-15,-6.235818679619e-16,-2.369332025236e+03,1.777302169075e-01,-1.224751449985e+02
