x,y,z,Bx,By,Bz,Ex,Ey,Ez
0.000000000000e+00,0.000000000000e+00,1.000000000000e+00,3.795507568050e-19,1.067032370879e-16,1.441996495618e-17,-1.394021271179e+02,1.182295423777e-03,-1.779681869711e+00
