x,y,z,Bx,By,Bz,Ex,Ey,Ez
0.000000000000e+00,0.000000000000e+00,1.000000000000e+00,2.698834826242e-19,7.840986687715e-17,-5.361116850005e-18,-1.136247177047e+02,1.148602999117e-03,-1.309687217609e+00
