x,y,z,Bx,By,Bz,Ex,Ey,Ez
0.000000000000e+00,0.000000000000e+00,1.000000000000e+00,2.030168871136e-17,2.250963115842e-15,-1.624876541108e-16,-1.070538163232e+03,4.439750762816e-02,-3.758892504595e+01
