x,y,z,Bx,By,Bz,Ex,Ey,Ez
0.000000000000e+00,0.000000000000e+00,1.000000000000e+00,-7.936446137847e-19,2.225679298081e-16,-2.642025995183e-17,2.279077387223e+02,-2.924306423602e-02,-3.716599281911e+00
