x,y,z,Bx,By,Bz,Ex,Ey,Ez
0.000000000000e+00,0.000000000000e+00,1.000000000000e+00,6.545809263930e-18,8.660325980070e-16,-1.559931203441e-16,-5.652491133985e+02,-1.157145999755e-02,-1.447624172257e+01
