x,y,z,Bx,By,Bz,Ex,Ey,Ez
0.000000000000e+00,0.000000000000e+00,1.000000000000e+00,-5.071337150755e-18,8.357820172682e-16,-1.253752384622e-16,5.516212869308e+02,-5.349314018291e-02,-1.395703800669e+01
