x,y,z,Bx,By,Bz,Ex,Ey,Ez
0.000000000000e+00,0.000000000000e+00,1.000000000000e+00,-2.974105391440e-18,5.638166712146e-16,-7.930235721669e-17,4.240808035881e+02,2.470915896949e-02,-9.418727820986e+00
