x,y,z,Bx,By,Bz,Ex,Ey,Ez
0.000000000000e+00,0.000000000000e+00,1.000000000000e+00,-2.532022016997e-13,2.959728179327e-12,-6.657697757420e-13,2.322317297487e+05,-1.274657212847e+02,-4.938639641578e+04
