x,y,z,Bx,By,Bz,Ex,Ey,Ez
0.000000000000e+00,0.000000000000e+00,1.000000000000e+00,4.901277493479e-19,1.341951419061e-16,-4.285194203658e-17,-1.626915623465e+02,-8.755524650685e-03,-2.242612092918e+00
