x,y,z,Bx,By,Bz,Ex,Ey,Ez
0.000000000000e+00,0.000000000000e+00,1.000000000000e+00,-2.767708886420e-19,7.102504259811e-17,4.665862421560e-18,1.063716397209e+02,-3.055523183684e-03,-1.186473011613e+00
