x,y,z,Bx,By,Bz,Ex,Ey,Ez
0.000000000000e+00,0.000000000000e+00,1.000000000000e+00,-4.060059441395e-19,1.031250017965e-16,-2.110597066933e-17,1.364117570788e+02,8.681951394990e-04,-1.722533771634e+00
