x,y,z,Bx,By,Bz,Ex,Ey,Ez
0.000000000000e+00,0.000000000000e+00,1.000000000000e+00,1.251892209465e-16,8.604099484841e-15,-9.906373030940e-16,-2.641518442607e+03,1.089392369030e-01,-1.438221907482e+02
