x,y,z,Bx,By,Bz,Ex,Ey,Ez
0.000000000000e+00,0.000000000000e+00,1.000000000000e+00,3.965519914927e-17,3.812101867068e-15,-4.208920854454e-16,-1.525232672316e+03,-1.929506783061e-02,-6.366708832758e+01
