x,y,z,Bx,By,Bz,Ex,Ey,Ez
0.000000000000e+00,0.000000000000e+00,1.000000000000e+00,-8.624147198069e-16,3.878710504215e-14,-3.303822338983e-15,7.385151131836e+03,3.188139382090e+00,-6.484869239277e+02
