x,y,z,Bx,By,Bz,Ex,Ey,Ez
0.000000000000e+00,0.000000000000e+00,1.000000000000e+00,-2.842525984430e-19,8.335832536126e-17,1.069103510275e-17,1.183816865300e+02,4.050031787598e-03,-1.392826013635e+00
