x,y,z,Bx,By,Bz,Ex,Ey,Ez
0.000000000000e+00,0.000000000000e+00,1.000000000000e+00,-2.740681454631e-19,7.157705434009e-17,8.351513255575e-18,1.069380855011e+02,-2.499972511367e-03,-1.195976419102e+00
