x,y,z,Bx,By,Bz,Ex,Ey,Ez
0.000000000000e+00,0.000000000000e+00,1.000000000000e+00,-4.776778566510e-18,8.118019006319e-16,-1.404023888854e-16,5.411082630375e+02,-4.250065774810e-02,-1.356019272517e+01
