x,y,z,Bx,By,Bz,Ex,Ey,Ez
0.000000000000e+00,0.000000000000e+00,1.000000000000e+00,2.079416825292e-18,5.129097949879e-16,-9.240497222859e-17,-3.983321132370e+02,-1.474609259976e-02,-8.574424025282e+00
