x,y,z,Bx,By,Bz,Ex,Ey,Ez
0.000000000000e+00,0.000000000000e+00,1.000000000000e+00,-4.236648888033e-15,1.241928410165e-13,-1.105694083611e-14,1.676485855187e+04,1.683037278526e+00,-2.075648720052e+03
