x,y,z,Bx,By,Bz,Ex,Ey,Ez
0.000000000000e+00,0.000000000000e+00,1.000000000000e+00,-2.002471713761e-17,2.077822391505e-15,-1.729131657895e-16,1.015216060118e+03,-2.845472178427e-02,-3.471756190019e+01
