x,y,z,Bx,By,Bz,Ex,Ey,Ez
0.000000000000e+00,0.000000000000e+00,1.000000000000e+00,4.380917852718e-19,1.078638574896e-16,1.262332873852e-17,-1.404262038486e+02,2.600253195883e-03,-1.799333518208e+00
