x,y,z,Bx,By,Bz,Ex,Ey,Ez
0.000000000000e+00,0.000000000000e+00,1.000000000000e+00,-5.009003611322e-19,1.397086011946e-16,-2.531983176453e-17,1.670410678006e+02,2.683380721225e-03,-2.333361988597e+00
