x,y,z,Bx,By,Bz,Ex,Ey,Ez
0.000000000000e+00,0.000000000000e+00,1.000000000000e+00,-2.609881377252e-18,4.990589887798e-16,-1.905202640170e-17,3.909574414226e+02,3.885668797847e-02,-8.341901264080e+00
