x,y,z,Bx,By,Bz,Ex,Ey,Ez
0.000000000000e+00,0.000000000000e+00,1.000000000000e+00,7.965244585892e-19,1.685437246233e-16,-2.844727348590e-17,-1.892862949903e+02,9.529876635086e-03,-2.814431907334e+00
