x,y,z,Bx,By,Bz,Ex,Ey,Ez
0.000000000000e+00,0.000000000000e+00,1.000000000000e+00,6.334963019306e-18,9.147936759846e-16,-1.169405929255e-16,-5.865874193257e+02,-3.086310766321e-02,-1.530163145438e+01
