x,y,z,Bx,By,Bz,Ex,Ey,Ez
0.000000000000e+00,0.000000000000e+00,1.000000000000e+00,-1.626024607043e-15,6.148726423631e-14,-7.740161708592e-15,1.017249133282e+04,1.234333851527e+00,-1.026058077425e+03
