x,y,z,Bx,By,Bz,Ex,Ey,Ez
0.000000000000e+00,0.000000000000e+00,1.000000000000e+00,5.309566346681e-19,1.129540045774e-16,-5.176253829958e-19,-1.450018146070e+02,6.831789198505e-03,-1.887826142869e+00
