x,y,z,Bx,By,Bz,Ex,Ey,Ez
0.000000000000e+00,0.000000000000e+00,1.000000000000e+00,-3.618391393565e-16,1.967965226608e-14,-1.276884821938e-15,4.627131443242e+03,-1.019701487273e+00,-3.286479056401e+02
