x,y,z,Bx,By,Bz,Ex,Ey,Ez
0.000000000000e+00,0.000000000000e+00,1.000000000000e+00,-2.102984298903e-19,9.257062474027e-17,-6.895444475106e-18,1.269207916878e+02,-5.377536640025e-03,-1.545938967770e+00
