x,y,z,Bx,By,Bz,Ex,Ey,Ez
0.000000000000e+00,0.000000000000e+00,1.000000000000e+00,-2.617543397183e-16,1.520268363530e-14,-1.428949465743e-15,3.884747412695e+03,-1.172918149344e+00,-2.541061568169e+02
