x,y,z,Bx,By,Bz,Ex,Ey,Ez
0.000000000000e+00,0.000000000000e+00,1.000000000000e+00,-4.513725645253e-19,1.555163483616e-16,-2.677858941283e-18,1.794763108691e+02,-7.914974380140e-03,-2.598687391237e+00
