x,y,z,Bx,By,Bz,Ex,Ey,Ez
0.000000000000e+00,0.000000000000e+00,1.000000000000e+00,-7.081541305568e-18,9.953097794461e-16,-8.124548051198e-18,6.200481107804e+02,-3.902251384812e-02,-1.663130866910e+01
