x,y,z,Bx,By,Bz,Ex,Ey,Ez
0.000000000000e+00,0.000000000000e+00,1.000000000000e+00,-5.992973311629e-16,2.789755525743e-14,-1.174140404769e-15,5.878378357895e+03,7.967480299460e-01,-4.663295701208e+02
