x,y,z,Bx,By,Bz,Ex,Ey,Ez
0.000000000000e+00,0.000000000000e+00,1.000000000000e+00,-3.468624382994e-19,1.159758756091e-16,-1.857651625891e-17,1.475648982152e+02,3.625822607262e-03,-1.937730091374e+00
