x,y,z,Bx,By,Bz,Ex,Ey,Ez
0.000000000000e+00,0.000000000000e+00,1.000000000000e+00,-1.010341561333e-16,8.276924279668e-15,-6.146579655707e-16,2.572354200300e+03,3.569573993125e-01,-1.382663497680e+02
