x,y,z,Bx,By,Bz,Ex,Ey,Ez
0.000000000000e+00,0.000000000000e+00,1.000000000000e+00,9.243935800423e-18,1.200395159545e-15,-3.429549371401e-17,-7.023338341351e+02,3.872729205160e-02,-2.003317119189e+01
