x,y,z,Bx,By,Bz,Ex,Ey,Ez
0.000000000000e+00,0.000000000000e+00,1.000000000000e+00,-2.070779018406e-19,9.224167120977e-17,-1.112208107329e-17,1.266278334336e+02,-5.341232225302e-03,-1.540568417766e+00
