x,y,z,Bx,By,Bz,Ex,Ey,Ez
0.000000000000e+00,0.000000000000e+00,1.000000000000e+00,1.397761351729e-18,3.338033084555e-16,5.302488933030e-18,-2.988933682660e+02,-8.484279731280e-04,-5.579776499718e+00
