x,y,z,Bx,By,Bz,Ex,Ey,Ez
0.000000000000e+00,0.000000000000e+00,1.000000000000e+00,2.646899162313e-18,4.429693649539e-16,-3.161175396375e-17,-3.609853031191e+02,1.266727279050e-02,-7.401477567705e+00
