x,y,z,Bx,By,Bz,Ex,Ey,Ez
0.000000000000e+00,0.000000000000e+00,1.000000000000e+00,-1.423110035073e-15,5.625586221104e-14,-7.191592991743e-15,9.560046950123e+03,2.119196982182e+00,-9.389107213436e+02
