x,y,z,Bx,By,Bz,Ex,Ey,Ez
0.000000000000e+00,0.000000000000e+00,1.000000000000e+00,-5.703925774223e-19,1.477293286970e-16,-3.769880421041e-17,1.734530817964e+02,-5.227506008831e-03,-2.468814249871e+00
