x,y,z,Bx,By,Bz,Ex,Ey,Ez
0.000000000000e+00,0.000000000000e+00,1.000000000000e+00,-6.735018125105e-13,6.192814701950e-12,-2.015371875602e-12,5.056989985387e+05,-1.981509017046e+02,-1.033005864818e+05
