x,y,z,Bx,By,Bz,Ex,Ey,Ez
0.000000000000e+00,0.000000000000e+00,1.000000000000e+00,1.654559975906e-16,1.118655964789e-14,-1.384732797056e-15,-3.155416908111e+03,-4.816727081629e-01,-1.869803453367e+02
