x,y,z,Bx,By,Bz,Ex,Ey,Ez
0.000000000000e+00,0.000000000000e+00,1.000000000000e+00,-1.402529047405e-18,2.611386812923e-16,-8.343472535507e-18,2.536207807063e+02,1.235584541361e-03,-4.363733942980e+00
