x,y,z,Bx,By,Bz,Ex,Ey,Ez
0.000000000000e+00,0.000000000000e+00,1.000000000000e+00,2.893687302761e-19,9.445535576261e-17,-2.003558770722e-17,-1.287088877039e+02,-2.921037012217e-04,-1.578710041057e+00
