x,y,z,Bx,By,Bz,Ex,Ey,Ez
0.000000000000e+00,0.000000000000e+00,1.000000000000e+00,-2.277099120266e-19,7.945427036999e-17,-1.664621148848e-19,1.146236354171e+02,-1.019036086539e-03,-1.327066477143e+00
