x,y,z,Bx,By,Bz,Ex,Ey,Ez
0.000000000000e+00,0.000000000000e+00,1.000000000000e+00,-7.516985250239e-18,1.097672504108e-15,-4.298370027856e-17,6.618598193683e+02,-2.734500699578e-03,-1.833533835872e+01
