x,y,z,Bx,By,Bz,Ex,Ey,Ez
0.000000000000e+00,0.000000000000e+00,1.000000000000e+00,1.273538098303e-16,8.740332054669e-15,-1.029730111836e-15,-2.669856053668e+03,8.862409458168e-02,-1.461056324131e+02
