x,y,z,Bx,By,Bz,Ex,Ey,Ez
0.000000000000e+00,0.000000000000e+00,1.000000000000e+00,2.436864752039e-18,4.278603432736e-16,-1.550625491750e-17,-3.526366456124e+02,9.461474077964e-03,-7.147011033964e+00
