x,y,z,Bx,By,Bz,Ex,Ey,Ez
0.000000000000e+00,0.000000000000e+00,1.000000000000e+00,1.801625919670e-14,3.801373817012e-13,-4.286495160531e-14,-3.853633421891e+04,-7.886013891200e+00,-6.348433734687e+03
