x,y,z,Bx,By,Bz,Ex,Ey,Ez
0.000000000000e+00,0.000000000000e+00,1.000000000000e+00,2.693963303164e-18,4.723442368148e-16,-7.690036899760e-17,-3.770868183247e+02,7.037281461109e-03,-7.899940015696e+00
