x,y,z,Bx,By,Bz,Ex,Ey,Ez
0.000000000000e+00,0.000000000000e+00,1.000000000000e+00,-2.727257876058e-18,5.276630748708e-16,-7.910559487205e-17,4.057622149447e+02,3.750501472400e-02,-8.817229879662e+00
