x,y,z,Bx,By,Bz,Ex,Ey,Ez
0.000000000000e+00,0.000000000000e+00,1.000000000000e+00,2.374158798698e-16,1.464833831248e-14,-1.045273636600e-15,-3.785304954148e+03,-7.833108296381e-01,-2.446378417706e+02
