x,y,z,Bx,By,Bz,Ex,Ey,Ez
0.000000000000e+00,0.000000000000e+00,1.000000000000e+00,9.494330307285e-19,2.643173978487e-16,8.827885713796e-18,-2.557319890211e+02,-1.987492522264e-03,-4.417367520545e+00
