x,y,z,Bx,By,Bz,Ex,Ey,Ez
0.000000000000e+00,0.000000000000e+00,1.000000000000e+00,1.977165110307e-19,1.011156200646e-16,-2.710751136660e-18,-1.346163369251e+02,-4.074656531007e-03,-1.688659795878e+00
