x,y,z,Bx,By,Bz,Ex,Ey,Ez
0.000000000000e+00,0.000000000000e+00,1.000000000000e+00,4.203654038755e-18,7.354960927409e-16,-5.665068487261e-17,-5.064296006733e+02,5.100427611905e-02,-1.228481923218e+01
