x,y,z,Bx,By,Bz,Ex,Ey,Ez
0.000000000000e+00,0.000000000000e+00,1.000000000000e+00,-2.678005850701e-19,6.994134218934e-17,-6.345238611810e-18,1.052530695139e+02,-3.507510776134e-03,-1.167759056528e+00
