x,y,z,Bx,By,Bz,Ex,Ey,Ez
0.000000000000e+00,0.000000000000e+00,1.000000000000e+00,-1.694788747564e-17,1.888359910949e-15,-2.424008882826e-16,9.516715147828e+02,-1.128840492039e-02,-3.152195244653e+01
