x,y,z,Bx,By,Bz,Ex,Ey,Ez
0.000000000000e+00,0.000000000000e+00,1.000000000000e+00,-4.604441446371e-19,1.548615118968e-16,-5.592800429356e-18,1.789830733560e+02,-8.105518942279e-03,-2.587965153513e+00
