x,y,z,Bx,By,Bz,Ex,Ey,Ez
0.000000000000e+00,0.000000000000e+00,1.000000000000e+00,2.146487655171e-19,1.026371627652e-16,5.853509300735e-18,-1.359102896490e+02,-3.283190046010e-03,-1.713123086222e+00
