x,y,z,Bx,By,Bz,Ex,Ey,Ez
0.000000000000e+00,0.000000000000e+00,1.000000000000e+00,2.740363757538e-18,4.533699339223e-16,-4.867631486572e-17,-3.667195868913e+02,1.254429099331e-02,-7.577808290450e+00
