x,y,z,Bx,By,Bz,Ex,Ey,Ez
0.000000000000e+00,0.000000000000e+00,1.000000000000e+00,-1.463665553023e-13,1.940835151133e-12,-3.631734082064e-13,1.540895829275e+05,-7.854972229430e+01,-3.239975097915e+04
