x,y,z,Bx,By,Bz,Ex,Ey,Ez
0.000000000000e+00,0.000000000000e+00,1.000000000000e+00,-6.130008705903e-18,8.961819150772e-16,-6.793861447712e-17,5.778370188542e+02,-6.474035219858e-02,-1.496389973474e+01
