x,y,z,Bx,By,Bz,Ex,Ey,Ez
0.000000000000e+00,0.000000000000e+00,1.000000000000e+00,-2.413549464824e-19,8.751320664062e-17,-3.913719979223e-17,1.223424951040e+02,2.184806165626e-03,-1.462957404373e+00
