x,y,z,Bx,By,Bz,Ex,Ey,Ez
0.000000000000e+00,0.000000000000e+00,1.000000000000e+00,-1.808154690846e-19,6.032659592506e-17,-1.710136494584e-17,9.542844793961e+01,2.587754234195e-03,-1.008145934944e+00
