x,y,z,Bx,By,Bz,Ex,Ey,Ez
0.000000000000e+00,0.000000000000e+00,1.000000000000e+00,2.716854821207e-19,8.905854306284e-17,6.855830513037e-18,-1.237345759034e+02,-1.350591414168e-03,-1.488275689306e+00
