x,y,z,Bx,By,Bz,Ex,Ey,Ez
0.000000000000e+00,0.000000000000e+00,1.000000000000e+00,3.973127866935e-16,2.095680108076e-14,-8.669214426962e-16,-4.828726468562e+03,6.109815118976e-01,-3.498626696474e+02
