x,y,z,Bx,By,Bz,Ex,Ey,Ez
0.000000000000e+00,0.000000000000e+00,1.000000000000e+00,-2.685690618513e-17,2.913196668474e-15,-2.664606108476e-16,1.272361583203e+03,-3.072175367096e-01,-4.862447217648e+01
