x,y,z,Bx,By,Bz,Ex,Ey,Ez
0.000000000000e+00,0.000000000000e+00,1.000000000000e+00,1.334432597985e-19,7.022246831578e-17,-2.168557513217e-17,-1.055917277225e+02,2.942033283204e-03,-1.173247435800e+00
