x,y,z,Bx,By,Bz,Ex,Ey,Ez
0.000000000000e+00,0.000000000000e+00,1.000000000000e+00,5.537724265985e-15,1.539364681569e-13,-1.628945414417e-14,-1.957661723786e+04,-8.444912957137e+00,-2.570979443173e+03
