x,y,z,Bx,By,Bz,Ex,Ey,Ez
0.000000000000e+00,0.000000000000e+00,1.000000000000e+00,1.495895614820e-16,1.019292601568e-14,-1.332394024949e-15,-2.963199945295e+03,-2.345408912401e-01,-1.704085610297e+02
