x,y,z,Bx,By,Bz,Ex,Ey,Ez
0.000000000000e+00,0.000000000000e+00,1.000000000000e+00,1.380230654496e-18,3.374601995208e-16,5.799805897667e-18,-3.010353694551e+02,1.245733089538e-03,-5.639747826679e+00
