x,y,z,Bx,By,Bz,Ex,Ey,Ez
0.000000000000e+00,0.000000000000e+00,1.000000000000e+00,-2.765826511410e-19,7.113481797395e-17,5.538796017124e-18,1.064845351611e+02,-2.958651601476e-03,-1.188365797824e+00
