x,y,z,Bx,By,Bz,Ex,Ey,Ez
0.000000000000e+00,0.000000000000e+00,1.000000000000e+00,9.352652886813e-19,2.332984433001e-16,-3.253218627796e-17,-2.351689228821e+02,-7.419705400798e-03,-3.895515552278e+00
