x,y,z,Bx,By,Bz,Ex,Ey,Ez
0.000000000000e+00,0.000000000000e+00,1.000000000000e+00,-3.525467565752e-19,1.170844136565e-16,-2.534195257195e-17,1.484951005329e+02,3.014088303814e-03,-1.956024408865e+00
