x,y,z,Bx,By,Bz,Ex,Ey,Ez
0.000000000000e+00,0.000000000000e+00,1.000000000000e+00,1.956412450658e-17,2.206141285553e-15,-1.453899440402e-16,-1.056208146616e+03,3.954831675336e-02,-3.684150166344e+01
