x,y,z,Bx,By,Bz,Ex,Ey,Ez
0.000000000000e+00,0.000000000000e+00,1.000000000000e+00,-4.561657493835e-19,1.295718374695e-16,8.788346018539e-18,1.588849535041e+02,-2.001371833838e-03,-2.164931572513e+00
