x,y,z,Bx,By,Bz,Ex,Ey,Ez
0.000000000000e+00,0.000000000000e+00,1.000000000000e+00,5.410072669067e-19,1.117541454685e-16,2.048154405309e-18,-1.439259247093e+02,6.141453938479e-03,-1.866914809566e+00
