x,y,z,Bx,By,Bz,Ex,Ey,Ez
0.000000000000e+00,0.000000000000e+00,1.000000000000e+00,-4.624531071449e-18,7.479006911430e-16,-1.367920038245e-16,5.124663354000e+02,-5.765469530789e-03,-1.250038444436e+01
