x,y,z,Bx,By,Bz,Ex,Ey,Ez
0.000000000000e+00,0.000000000000e+00,1.000000000000e+00,2.913912014351e-16,1.692010263886e-14,-8.187789326352e-16,-4.173868454318e+03,-4.613297355510e-01,-2.825164320442e+02
