x,y,z,Bx,By,Bz,Ex,Ey,Ez
0.000000000000e+00,0.000000000000e+00,1.000000000000e+00,-4.564638112738e-17,4.071849495985e-15,-1.753865221075e-16,1.594661835288e+03,4.162980489096e-01,-6.806873518600e+01
