x,y,z,Bx,By,Bz,Ex,Ey,Ez
0.000000000000e+00,0.000000000000e+00,1.000000000000e+00,-2.401052417478e-19,8.011709244130e-17,6.309079114906e-18,1.152574269052e+02,-5.759853704147e-04,-1.338105803034e+00
