x,y,z,Bx,By,Bz,Ex,Ey,Ez
0.000000000000e+00,0.000000000000e+00,1.000000000000e+00,-7.108910869480e-19,2.085884464460e-16,-1.107911252700e-16,2.183379176804e+02,-6.761837257019e-03,-3.484121852752e+00
