x,y,z,Bx,By,Bz,Ex,Ey,Ez
0.000000000000e+00,0.000000000000e+00,1.000000000000e+00,-1.327664223315e-14,3.010187224833e-13,-4.142227013448e-14,3.229797131905e+04,-9.452065258164e+00,-5.030346688620e+03
