x,y,z,Bx,By,Bz,Ex,Ey,Ez
0.000000000000e+00,0.000000000000e+00,1.000000000000e+00,1.592477104440e-16,1.081063618059e-14,-1.378831017537e-15,-3.083432957177e+03,-3.920207248549e-01,-1.807153928893e+02
