x,y,z,Bx,By,Bz,Ex,Ey,Ez
0.000000000000e+00,0.000000000000e+00,1.000000000000e+00,4.918228716054e-19,1.316117468505e-16,-4.839107835264e-17,-1.605777082583e+02,-4.912207005372e-03,-2.199013594039e+00
