x,y,z,Bx,By,Bz,Ex,Ey,Ez
0.000000000000e+00,0.000000000000e+00,1.000000000000e+00,7.514211808404e-18,1.129806080510e-15,-9.814655539560e-18,-6.743677882024e+02,1.006406937442e-02,-1.885280419003e+01
