x,y,z,Bx,By,Bz,Ex,Ey,Ez
0.000000000000e+00,0.000000000000e+00,1.000000000000e+00,2.192757796333e-16,1.385297161487e-14,-1.149680586115e-15,-3.645059948657e+03,-8.075658396825e-01,-2.313806522984e+02
