x,y,z,Bx,By,Bz,Ex,Ey,Ez
0.000000000000e+00,0.000000000000e+00,1.000000000000e+00,-6.939219504027e-18,9.618893739442e-16,-1.724363703769e-17,6.059797092386e+02,-5.162566300940e-02,-1.606964016238e+01
