x,y,z,Bx,By,Bz,Ex,Ey,Ez
0.000000000000e+00,0.000000000000e+00,1.000000000000e+00,3.594772592165e-13,3.839803282687e-12,-9.488304290458e-13,-3.037093422829e+05,4.363967054907e+02,-6.419077110274e+04
