x,y,z,Bx,By,Bz,Ex,Ey,Ez
0.000000000000e+00,0.000000000000e+00,1.000000000000e+00,-8.107824576158e-17,6.071902048938e-15,-5.035363895416e-16,2.087452159973e+03,-1.489416849132e-01,-1.014967100140e+02
