x,y,z,Bx,By,Bz,Ex,Ey,Ez
0.000000000000e+00,0.000000000000e+00,1.000000000000e+00,3.720275830325e-19,1.189978848770e-16,-1.259577847538e-17,-1.501875487383e+02,8.365062252787e-03,-1.989581545332e+00
