x,y,z,Bx,By,Bz,Ex,Ey,Ez
0.000000000000e+00,0.000000000000e+00,1.000000000000e+00,5.108774736647e-16,2.492690328680e-14,-1.510903929851e-15,-5.439090706166e+03,1.706893574056e+00,-4.162089429508e+02
