x,y,z,Bx,By,Bz,Ex,Ey,Ez
0.000000000000e+00,0.000000000000e+00,1.000000000000e+00,2.812039853029e-19,8.267008828191e-17,-2.192338041985e-17,-1.177306338347e+02,-1.801201511813e-03,-1.381208881882e+00
