x,y,z,Bx,By,Bz,Ex,Ey,Ez
0.000000000000e+00,0.000000000000e+00,1.000000000000e+00,-6.413590864987e-16,2.956912002369e-14,-1.329419984552e-15,6.119849063918e+03,1.276301230139e+00,-4.943983268845e+02
