x,y,z,Bx,By,Bz,Ex,Ey,Ez
0.000000000000e+00,0.000000000000e+00,1.000000000000e+00,1.221794315307e-17,1.541283387733e-15,-2.590131128956e-16,-8.311594557687e+02,-4.984282492449e-02,-2.575487285102e+01
