x,y,z,Bx,By,Bz,Ex,Ey,Ez
0.000000000000e+00,0.000000000000e+00,1.000000000000e+00,1.623015706976e-14,3.511088750487e-13,-3.895045856132e-14,-3.624338534473e+04,-8.634716565533e+00,-5.863886225132e+03
