x,y,z,Bx,By,Bz,Ex,Ey,Ez
0.000000000000e+00,0.000000000000e+00,1.000000000000e+00,1.262690147728e-16,8.671854563069e-15,-1.010206204053e-15,-2.655630821540e+03,9.912968552693e-02,-1.449579386734e+02
