x,y,z,Bx,By,Bz,Ex,Ey,Ez
0.000000000000e+00,0.000000000000e+00,1.000000000000e+00,-2.288162293930e-15,7.765842720813e-14,-8.141009768842e-15,1.198675980051e+04,-7.337933858870e-01,-1.296285238928e+03
