x,y,z,Bx,By,Bz,Ex,Ey,Ez
0.000000000000e+00,0.000000000000e+00,1.000000000000e+00,1.100239135522e-18,2.553191484622e-16,-3.153087944929e-20,-2.499345823485e+02,-7.336312184857e-03,-4.268193446352e+00
