x,y,z,Bx,By,Bz,Ex,Ey,Ez
0.000000000000e+00,0.000000000000e+00,1.000000000000e+00,1.508512003217e-17,1.816686031183e-15,-5.399791948070e-17,-9.275884937292e+02,-7.265730946635e-02,-3.035275363209e+01
