x,y,z,Bx,By,Bz,Ex,Ey,Ez
0.000000000000e+00,0.000000000000e+00,1.000000000000e+00,7.841717699930e-19,2.224128281414e-16,-3.780275817141e-17,-2.279125767858e+02,-3.133229857793e-03,-3.716663007526e+00
