x,y,z,Bx,By,Bz,Ex,Ey,Ez
0.000000000000e+00,0.000000000000e+00,1.000000000000e+00,-3.283891023515e-17,3.167468336745e-15,5.762253018990e-17,1.345249058776e+03,-2.518148624033e-01,-5.285992068359e+01
