x,y,z,Bx,By,Bz,Ex,Ey,Ez
0.000000000000e+00,0.000000000000e+00,1.000000000000e+00,-1.197564993872e-18,2.442522056694e-16,2.703453352065e-17,2.423447511935e+02,-8.145383241421e-03,-4.076412690815e+00
