x,y,z,Bx,By,Bz,Ex,Ey,Ez
0.000000000000e+00,0.000000000000e+00,1.000000000000e+00,-5.235448505310e-19,1.411098406984e-16,-3.238391671702e-17,1.681615239370e+02,1.743944758488e-03,-2.356815262129e+00
