x,y,z,Bx,By,Bz,Ex,Ey,Ez
0.000000000000e+00,0.000000000000e+00,1.000000000000e+00,-2.273445649697e-19,9.373174196597e-17,6.511388393629e-18,1.279545313913e+02,-4.880146156643e-03,-1.564936899424e+00
