x,y,z,Bx,By,Bz,Ex,Ey,Ez
0.000000000000e+00,0.000000000000e+00,1.000000000000e+00,6.329207089709e-17,5.299227546544e-15,-3.676481780804e-16,-1.903212968463e+03,-5.324999116890e-02,-8.850695301460e+01
