x,y,z,Bx,By,Bz,Ex,Ey,Ez
0.000000000000e+00,0.000000000000e+00,1.000000000000e+00,-1.087380188037e-17,1.448312083517e-15,-6.620858869856e-17,7.974341237491e+02,9.957896406745e-02,-2.421655332901e+01
