x,y,z,Bx,By,Bz,Ex,Ey,Ez
0.000000000000e+00,0.000000000000e+00,1.000000000000e+00,1.068143900324e-15,4.426700761150e-14,-5.301769226549e-15,-8.099106364233e+03,1.408479430063e+00,-7.400834078709e+02
