x,y,z,Bx,By,Bz,Ex,Ey,Ez
0.000000000000e+00,0.000000000000e+00,1.000000000000e+00,6.395963256253e-18,9.080450179430e-16,-1.227155512143e-16,-5.836740254150e+02,-2.897360039997e-02,-1.518804426564e+01
