x,y,z,Bx,By,Bz,Ex,Ey,Ez
0.000000000000e+00,0.000000000000e+00,1.000000000000e+00,2.764344300644e-15,9.162655735191e-14,-1.003811048772e-14,-1.348553185360e+04,-3.993720016419e+00,-1.530108866332e+03
