x,y,z,Bx,By,Bz,Ex,Ey,Ez
0.000000000000e+00,0.000000000000e+00,1.000000000000e+00,1.027000907244e-17,1.255454874660e-15,-8.445142939058e-17,-7.239887362732e+02,5.272145601485e-02,-2.096176839712e+01
