x,y,z,Bx,By,Bz,Ex,Ey,Ez
0.000000000000e+00,0.000000000000e+00,1.000000000000e+00,-8.482874804476e-19,2.289919474659e-16,1.966574820667e-17,2.321971548955e+02,-2.698874405810e-02,-3.822606113742e+00
