x,y,z,Bx,By,Bz,Ex,Ey,Ez
0.000000000000e+00,0.000000000000e+00,1.000000000000e+00,2.103656508083e-15,7.513033835670e-14,-8.222487856869e-15,-1.171962334217e+04,-2.405147061036e+00,-1.254807822937e+03
