x,y,z,Bx,By,Bz,Ex,Ey,Ez
0.000000000000e+00,0.000000000000e+00,1.000000000000e+00,-9.812459969702e-19,1.777045696828e-16,8.996364912246e-18,1.961647681462e+02,8.686276466281e-03,-2.969506140494e+00
