x,y,z,Bx,By,Bz,Ex,Ey,Ez
0.000000000000e+00,0.000000000000e+00,1.000000000000e+00,6.527481592233e-18,8.882719803593e-16,-1.392326073290e-16,-5.750616284716e+02,-2.198289584119e-02,-1.485391217074e+01
