x,y,z,Bx,By,Bz,Ex,Ey,Ez
0.000000000000e+00,0.000000000000e+00,1.000000000000e+00,4.655069074869e-19,1.387809251726e-16,-2.374606929816e-17,-1.663767921843e+02,-1.320321467589e-02,-2.319400877227e+00
