x,y,z,Bx,By,Bz,Ex,Ey,Ez
0.000000000000e+00,0.000000000000e+00,1.000000000000e+00,2.745955736790e-17,2.726611096913e-15,-2.214401883836e-16,-1.218080535753e+03,6.237592732811e-02,-4.556280731834e+01
