x,y,z,Bx,By,Bz,Ex,Ey,Ez
0.000000000000e+00,0.000000000000e+00,1.000000000000e+00,1.423483663851e-18,3.311018360299e-16,3.274331731956e-18,-2.973025338701e+02,-2.317946696862e-03,-5.535362212443e+00
