x,y,z,Bx,By,Bz,Ex,Ey,Ez
0.000000000000e+00,0.000000000000e+00,1.000000000000e+00,5.749108974192e-18,1.026451527085e-15,-3.537051278324e-17,-6.330450611890e+02,-2.779361022010e-02,-1.715057678602e+01
