x,y,z,Bx,By,Bz,Ex,Ey,Ez
0.000000000000e+00,0.000000000000e+00,1.000000000000e+00,-8.394499525197e-19,1.712019039685e-16,5.989140773082e-18,1.911613946913e+02,3.850792281590e-03,-2.856754404330e+00
