x,y,z,Bx,By,Bz,Ex,Ey,Ez
0.000000000000e+00,0.000000000000e+00,1.000000000000e+00,4.288890017635e-17,4.001348906197e-15,-4.228637445258e-16,-1.575631404467e+03,-4.356491695355e-02,-6.682409437201e+01
