x,y,z,Bx,By,Bz,Ex,Ey,Ez
0.000000000000e+00,0.000000000000e+00,1.000000000000e+00,-2.726968651754e-19,8.560534282878e-17,-1.799441655232e-17,1.205434699861e+02,4.850336170196e-03,-1.430954884043e+00
