x,y,z,Bx,By,Bz,Ex,Ey,Ez
0.000000000000e+00,0.000000000000e+00,1.000000000000e+00,8.482694112534e-19,2.294322223697e-16,-3.459159284930e-17,-2.325907803022e+02,-6.050521011632e-03,-3.831621288387e+00
