x,y,z,Bx,By,Bz,Ex,Ey,Ez
0.000000000000e+00,0.000000000000e+00,1.000000000000e+00,2.965360963930e-15,9.648212411695e-14,-1.057356543742e-14,-1.398981897393e+04,-4.474993837827e+00,-1.611199758245e+03
