x,y,z,Bx,By,Bz,Ex,Ey,Ez
0.000000000000e+00,0.000000000000e+00,1.000000000000e+00,5.946058089664e-18,9.534200730617e-16,-8.423814697867e-17,-6.030062078152e+02,-3.680490173444e-02,-1.594701045043e+01
