x,y,z,Bx,By,Bz,Ex,Ey,Ez
0.000000000000e+00,0.000000000000e+00,1.000000000000e+00,3.203894235170e-18,5.756449175576e-16,-4.889532419372e-17,-4.295038542094e+02,-3.393813721254e-02,-9.600719935337e+00
