x,y,z,Bx,By,Bz,Ex,Ey,Ez
0.000000000000e+00,0.000000000000e+00,1.000000000000e+00,1.954664477218e-16,1.276336190400e-14,-1.283438512429e-15,-3.448914498643e+03,-7.494025422987e-01,-2.132317318251e+02
