x,y,z,Bx,By,Bz,Ex,Ey,Ez
0.000000000000e+00,0.000000000000e+00,1.000000000000e+00,5.727925299886e-18,1.022407589865e-15,-3.741085833407e-17,-6.314079321896e+02,-2.883578601111e-02,-1.708423196656e+01
