x,y,z,Bx,By,Bz,Ex,Ey,Ez
0.000000000000e+00,0.000000000000e+00,1.000000000000e+00,2.916500967578e-19,9.347888546190e-17,-1.487160147684e-17,-1.278094775314e+02,2.620616585620e-04,-1.562230669230e+00
