x,y,z,Bx,By,Bz,Ex,Ey,Ez
0.000000000000e+00,0.000000000000e+00,1.000000000000e+00,4.545111844756e-17,4.151372386048e-15,-4.167956309875e-16,-1.615080103206e+03,-5.972102430577e-02,-6.933005695673e+01
