x,y,z,Bx,By,Bz,Ex,Ey,Ez
0.000000000000e+00,0.000000000000e+00,1.000000000000e+00,-4.761239546880e-19,1.380429426792e-16,-1.550923322027e-17,1.657107191428e+02,3.244783365986e-03,-2.305627147693e+00
