x,y,z,Bx,By,Bz,Ex,Ey,Ez
0.000000000000e+00,0.000000000000e+00,1.000000000000e+00,-8.497686414571e-16,3.828915919252e-14,-3.169800670306e-15,7.319351801126e+03,3.132898027053e+00,-6.401934008017e+02
