x,y,z,Bx,By,Bz,Ex,Ey,Ez
0.000000000000e+00,0.000000000000e+00,1.000000000000e+00,-1.157053186202e-17,1.619704923455e-15,-2.436498163545e-16,8.590397844968e+02,9.734386165169e-02,-2.705254743779e+01
