x,y,z,Bx,By,Bz,Ex,Ey,Ez
0.000000000000e+00,0.000000000000e+00,1.000000000000e+00,-1.130885037493e-19,6.373083424962e-17,-3.654484107312e-18,9.898351693995e+01,1.012153914089e-03,-1.064939783477e+00
