x,y,z,Bx,By,Bz,Ex,Ey,Ez
0.000000000000e+00,0.000000000000e+00,1.000000000000e+00,-2.381412181971e-18,4.078178411047e-16,-4.942550965948e-17,3.413116066790e+02,-5.696372697903e-02,-6.806126703438e+00
