x,y,z,Bx,By,Bz,Ex,Ey,Ez
0.000000000000e+00,0.000000000000e+00,1.000000000000e+00,3.540003800572e-19,1.208596989811e-16,-1.880600393142e-17,-1.517209827944e+02,7.982210277052e-03,-2.020000959419e+00
