x,y,z,Bx,By,Bz,Ex,Ey,Ez
0.000000000000e+00,0.000000000000e+00,1.000000000000e+00,2.681681587887e-19,7.752289207927e-17,-5.361335411610e-19,-1.127547538996e+02,8.795253532454e-04,-1.294700406606e+00
