x,y,z,Bx,By,Bz,Ex,Ey,Ez
0.000000000000e+00,0.000000000000e+00,1.000000000000e+00,1.735073194102e-18,3.008772162768e-16,-5.425139320385e-17,-2.786972851380e+02,-1.054713582687e-03,-5.024346268655e+00
