x,y,z,Bx,By,Bz,Ex,Ey,Ez
0.000000000000e+00,0.000000000000e+00,1.000000000000e+00,6.423742888213e-18,9.047009109848e-16,-1.255610061202e-16,-5.822253926983e+02,-2.794341954209e-02,-1.513166979257e+01
