x,y,z,Bx,By,Bz,Ex,Ey,Ez
0.000000000000e+00,0.000000000000e+00,1.000000000000e+00,2.291910125261e-17,2.404875268433e-15,-1.998874853749e-16,-1.119172920709e+03,5.118174205479e-02,-4.016214381089e+01
