x,y,z,Bx,By,Bz,Ex,Ey,Ez
0.000000000000e+00,0.000000000000e+00,1.000000000000e+00,2.839758677117e-19,8.534047401087e-17,-8.169776403432e-18,-1.202679024131e+02,-3.456115666647e-03,-1.426142798892e+00
