x,y,z,Bx,By,Bz,Ex,Ey,Ez
0.000000000000e+00,0.000000000000e+00,1.000000000000e+00,7.405282160066e-19,1.932749496622e-16,-1.997732455782e-18,-2.074022825574e+02,3.337552252324e-03,-3.227424480587e+00
