x,y,z,Bx,By,Bz,Ex,Ey,Ez
0.000000000000e+00,0.000000000000e+00,1.000000000000e+00,1.038654999174e-16,7.386457752384e-15,-6.379104766944e-16,-2.381317424089e+03,1.792089140252e-01,-1.233925541120e+02
