x,y,z,Bx,By,Bz,Ex,Ey,Ez
0.000000000000e+00,0.000000000000e+00,1.000000000000e+00,-3.754366825387e-19,1.104541250581e-16,7.123675385819e-18,1.428675249874e+02,1.550335520202e-03,-1.846215675718e+00
