x,y,z,Bx,By,Bz,Ex,Ey,Ez
0.000000000000e+00,0.000000000000e+00,1.000000000000e+00,2.322445018443e-14,4.611787513710e-13,-5.455031502518e-14,-4.482284359205e+04,-6.163046236943e+00,-7.701560211143e+03
