x,y,z,Bx,By,Bz,Ex,Ey,Ez
0.000000000000e+00,0.000000000000e+00,1.000000000000e+00,2.407286751969e-15,8.284078130566e-14,-9.053585495912e-15,-1.255585069566e+04,-3.135413768504e+00,-1.383434375150e+03
