x,y,z,Bx,By,Bz,Ex,Ey,Ez
0.000000000000e+00,0.000000000000e+00,1.000000000000e+00,-1.106097395784e-17,1.568965752317e-15,-1.908198611501e-16,8.410917220948e+02,1.092583992123e-01,-2.621535231590e+01
