x,y,z,Bx,By,Bz,Ex,Ey,Ez
0.000000000000e+00,0.000000000000e+00,1.000000000000e+00,4.865727610052e-19,1.305989749001e-16,-4.904203042862e-17,-1.597428855856e+02,-3.263487934094e-03,-2.181888042926e+00
