x,y,z,Bx,By,Bz,Ex,Ey,Ez
0.000000000000e+00,0.000000000000e+00,1.000000000000e+00,4.490378481632e-19,1.480780730320e-16,2.037579803992e-17,-1.736594053141e+02,-9.528042865258e-03,-2.473756063633e+00
