x,y,z,Bx,By,Bz,Ex,Ey,Ez
0.000000000000e+00,0.000000000000e+00,1.000000000000e+00,-2.066414999947e-14,4.234090648935e-13,-5.799931576183e-14,4.202341738989e+04,-2.936162341178e+01,-7.076294256182e+03
