x,y,z,Bx,By,Bz,Ex,Ey,Ez
0.000000000000e+00,0.000000000000e+00,1.000000000000e+00,-4.649324718381e-18,7.943987778956e-16,-1.459859428343e-16,5.334151614535e+02,-3.293009054383e-02,-1.327244549392e+01
