x,y,z,Bx,By,Bz,Ex,Ey,Ez
0.000000000000e+00,0.000000000000e+00,1.000000000000e+00,1.386476522192e-18,3.356241570580e-16,5.872245917092e-18,-2.999613641811e+02,1.876715443403e-04,-5.609653800559e+00
