x,y,z,Bx,By,Bz,Ex,Ey,Ez
0.000000000000e+00,0.000000000000e+00,1.000000000000e+00,3.260048570899e-15,1.034989323026e-13,-1.132172719819e-14,-1.470768281543e+04,-5.158174355830e+00,-1.728399130943e+03
