x,y,z,Bx,By,Bz,Ex,Ey,Ez
0.000000000000e+00,0.000000000000e+00,1.000000000000e+00,-2.657888750410e-19,6.983409820716e-17,-7.538317953766e-18,1.051422110483e+02,-3.495630084322e-03,-1.165908825557e+00
