x,y,z,Bx,By,Bz,Ex,Ey,Ez
0.000000000000e+00,0.000000000000e+00,1.000000000000e+00,-6.432159165676e-19,2.029320818315e-16,-9.641782474625e-17,2.143980081986e+02,6.718682661764e-03,-3.390436693394e+00
