x,y,z,Bx,By,Bz,Ex,Ey,Ez
0.000000000000e+00,0.000000000000e+00,1.000000000000e+00,2.494998842568e-17,2.532546532670e-15,-2.085390229785e-16,-1.158864336477e+03,5.364097785594e-02,-4.230316875612e+01
