x,y,z,Bx,By,Bz,Ex,Ey,Ez
0.000000000000e+00,0.000000000000e+00,1.000000000000e+00,6.549343674060e-18,8.818310166279e-16,-1.443668113262e-16,-5.722326027735e+02,-1.924108254291e-02,-1.474469477652e+01
