x,y,z,Bx,By,Bz,Ex,Ey,Ez
0.000000000000e+00,0.000000000000e+00,1.000000000000e+00,2.750733516121e-19,8.130617535671e-17,-2.152711781351e-17,-1.164253268638e+02,-3.700888861172e-04,-1.358312524195e+00
