x,y,z,Bx,By,Bz,Ex,Ey,Ez
0.000000000000e+00,0.000000000000e+00,1.000000000000e+00,-3.199283315432e-19,9.763259633779e-17,1.297578490181e-17,1.314518593825e+02,3.231862908849e-04,-1.629616615223e+00
