x,y,z,Bx,By,Bz,Ex,Ey,Ez
0.000000000000e+00,0.000000000000e+00,1.000000000000e+00,-2.341091901932e-16,1.359892251766e-14,-1.545109701621e-15,3.601332080005e+03,-9.716268418971e-01,-2.272477220163e+02
