x,y,z,Bx,By,Bz,Ex,Ey,Ez
0.000000000000e+00,0.000000000000e+00,1.000000000000e+00,-5.827157693829e-16,2.726441519207e-14,-1.136818503415e-15,5.785842699380e+03,6.152989414970e-01,-4.556929085713e+02
