x,y,z,Bx,By,Bz,Ex,Ey,Ez
0.000000000000e+00,0.000000000000e+00,1.000000000000e+00,9.350890907222e-18,1.205276636219e-15,-3.771976489634e-17,-7.042612887996e+02,4.039694209417e-02,-2.011531261947e+01
