x,y,z,Bx,By,Bz,Ex,Ey,Ez
0.000000000000e+00,0.000000000000e+00,1.000000000000e+00,1.540950778472e-17,1.851202563306e-15,-4.312911298076e-17,-9.393404482416e+02,-6.169196396252e-02,-3.092934863928e+01
