x,y,z,Bx,By,Bz,Ex,Ey,Ez
0.000000000000e+00,0.000000000000e+00,1.000000000000e+00,-2.491977660030e-19,7.317082053049e-17,7.785216442346e-18,1.085510744856e+02,-5.580687302993e-04,-1.223121906507e+00
