x,y,z,Bx,By,Bz,Ex,Ey,Ez
0.000000000000e+00,0.000000000000e+00,1.000000000000e+00,-1.533223002773e-18,3.149757945517e-16,-5.479627777061e-17,2.875540937833e+02,2.808192616435e-02,-5.264554338769e+00
