x,y,z,Bx,By,Bz,Ex,Ey,Ez
0.000000000000e+00,0.000000000000e+00,1.000000000000e+00,-4.500665777548e-18,6.866168372673e-16,-8.804164786790e-17,4.837924132183e+02,1.906280862910e-02,-1.147004355918e+01
