x,y,z,Bx,By,Bz,Ex,Ey,Ez
0.000000000000e+00,0.000000000000e+00,1.000000000000e+00,-1.227130485287e-15,5.086384830323e-14,-6.299875644465e-15,8.912482610276e+03,2.910863522609e+00,-8.492339881148e+02
