x,y,z,Bx,By,Bz,Ex,Ey,Ez
0.000000000000e+00,0.000000000000e+00,1.000000000000e+00,-6.914410663268e-18,9.582757159121e-16,-1.900173579021e-17,6.044468311604e+02,-5.283427617586e-02,-1.600879389893e+01
