x,y,z,Bx,By,Bz,Ex,Ey,Ez
0.000000000000e+00,0.000000000000e+00,1.000000000000e+00,-2.935577620032e-18,5.584538138971e-16,-8.275119233008e-17,4.213911462445e+02,2.634349647334e-02,-9.329507233753e+00
