x,y,z,Bx,By,Bz,Ex,Ey,Ez
0.000000000000e+00,0.000000000000e+00,1.000000000000e+00,-2.110579422473e-19,7.840206094282e-17,-9.747662833680e-18,1.136204245339e+02,-1.110197847836e-03,-1.309655939253e+00
