x,y,z,Bx,By,Bz,Ex,Ey,Ez
0.000000000000e+00,0.000000000000e+00,1.000000000000e+00,-4.501342118793e-17,3.973737238952e-15,-5.363295552270e-17,1.568526544006e+03,3.779653438516e-01,-6.642659688937e+01
