x,y,z,Bx,By,Bz,Ex,Ey,Ez
0.000000000000e+00,0.000000000000e+00,1.000000000000e+00,1.799857815755e-16,1.199294530436e-14,-1.353134190135e-15,-3.307092586827e+03,-6.437388093480e-01,-2.004072124239e+02
