x,y,z,Bx,By,Bz,Ex,Ey,Ez
0.000000000000e+00,0.000000000000e+00,1.000000000000e+00,1.034255675312e-15,4.309580470141e-14,-5.145501729454e-15,-7.949434967395e+03,1.556661168610e+00,-7.204988237551e+02
