x,y,z,Bx,By,Bz,Ex,Ey,Ez
0.000000000000e+00,0.000000000000e+00,1.000000000000e+00,-7.028281632357e-16,3.214468135026e-14,-1.721538548261e-15,6.484185440324e+03,1.972803000519e+00,-5.375807523105e+02
