x,y,z,Bx,By,Bz,Ex,Ey,Ez
0.000000000000e+00,0.000000000000e+00,1.000000000000e+00,2.202199588611e-19,9.872537246496e-17,-1.704302537162e-17,-1.325529302601e+02,-3.794721010823e-03,-1.649916029669e+00
