x,y,z,Bx,By,Bz,Ex,Ey,Ez
0.000000000000e+00,0.000000000000e+00,1.000000000000e+00,1.723304655000e-16,1.158034102424e-14,-1.375880216565e-15,-3.229928773433e+03,-5.667200376711e-01,-1.935384630570e+02
