x,y,z,Bx,By,Bz,Ex,Ey,Ez
0.000000000000e+00,0.000000000000e+00,1.000000000000e+00,-8.813720239827e-19,2.311897786576e-16,2.997860795854e-17,2.336559206147e+02,-2.480087082275e-02,-3.858844952890e+00
