x,y,z,Bx,By,Bz,Ex,Ey,Ez
0.000000000000e+00,0.000000000000e+00,1.000000000000e+00,-1.071640309922e-17,1.302415121923e-15,-3.329138643261e-17,7.423053690488e+02,4.485512957270e-02,-2.176401753219e+01
