x,y,z,Bx,By,Bz,Ex,Ey,Ez
0.000000000000e+00,0.000000000000e+00,1.000000000000e+00,8.204586234341e-19,2.277908888631e-16,-3.535489439741e-17,-2.314986582210e+02,-5.418070407120e-03,-3.804669936615e+00
