x,y,z,Bx,By,Bz,Ex,Ey,Ez
0.000000000000e+00,0.000000000000e+00,1.000000000000e+00,6.125206255259e-18,8.267224322230e-16,-1.717521097794e-16,-5.476644229790e+02,1.245014195340e-02,-1.380770893747e+01
