x,y,z,Bx,By,Bz,Ex,Ey,Ez
0.000000000000e+00,0.000000000000e+00,1.000000000000e+00,5.804811060191e-16,2.728688441493e-14,-2.091505196892e-15,-5.789268696605e+03,2.145562064699e+00,-4.557112629616e+02
