x,y,z,Bx,By,Bz,Ex,Ey,Ez
0.000000000000e+00,0.000000000000e+00,1.000000000000e+00,3.559451584214e-19,1.203900014297e-16,-1.710381077555e-17,-1.513354171423e+02,8.128989784171e-03,-2.012337254772e+00
