x,y,z,Bx,By,Bz,Ex,Ey,Ez
0.000000000000e+00,0.000000000000e+00,1.000000000000e+00,4.703069650532e-18,7.646594045309e-16,-1.149475523192e-16,-5.196569054734e+02,4.766659834875e-02,-1.276632842912e+01
