x,y,z,Bx,By,Bz,Ex,Ey,Ez
0.000000000000e+00,0.000000000000e+00,1.000000000000e+00,-2.355791643543e-18,4.066695032159e-16,-5.480561451528e-17,3.406665739249e+02,-5.658260396922e-02,-6.786734224061e+00
