x,y,z,Bx,By,Bz,Ex,Ey,Ez
0.000000000000e+00,0.000000000000e+00,1.000000000000e+00,2.503817122631e-14,4.884154863479e-13,-5.865407903943e-14,-4.690506112142e+04,-5.779595271632e+00,-8.156426611236e+03
