x,y,z,Bx,By,Bz,Ex,Ey,Ez
0.000000000000e+00,0.000000000000e+00,1.000000000000e+00,-4.473947025112e-19,1.558458992694e-16,-1.286324585515e-18,1.797237163827e+02,-7.793535393559e-03,-2.604071087653e+00
