x,y,z,Bx,By,Bz,Ex,Ey,Ez
0.000000000000e+00,0.000000000000e+00,1.000000000000e+00,5.675791765823e-13,5.440199356189e-12,-1.633006328471e-12,-4.408535282364e+05,7.217079993027e+02,-9.093790841204e+04
