x,y,z,Bx,By,Bz,Ex,Ey,Ez
0.000000000000e+00,0.000000000000e+00,1.000000000000e+00,-1.097669792237e-17,1.405109739668e-15,-3.993001518547e-17,7.813814475010e+02,8.548857335734e-02,-2.349434803494e+01
