x,y,z,Bx,By,Bz,Ex,Ey,Ez
0.000000000000e+00,0.000000000000e+00,1.000000000000e+00,-2.160441867477e-16,1.265656087944e-14,-1.621896218213e-15,3.429278640107e+03,-7.576165999216e-01,-2.114024648489e+02
