x,y,z,Bx,By,Bz,Ex,Ey,Ez
0.000000000000e+00,0.000000000000e+00,1.000000000000e+00,1.116545757532e-17,1.353045879174e-15,-1.997698421908e-16,-7.616619617645e+02,4.369032863266e-02,-2.260792935342e+01
