x,y,z,Bx,By,Bz,Ex,Ey,Ez
0.000000000000e+00,0.000000000000e+00,1.000000000000e+00,-2.571410115565e-19,8.662211818628e-17,-3.111182609926e-17,1.215077443262e+02,3.745586353282e-03,-1.448070001027e+00
