x,y,z,Bx,By,Bz,Ex,Ey,Ez
0.000000000000e+00,0.000000000000e+00,1.000000000000e+00,-1.990784708737e-16,1.190315620645e-14,-1.664239644037e-15,3.288597364987e+03,-5.323426648458e-01,-1.987158570675e+02
