x,y,z,Bx,By,Bz,Ex,Ey,Ez
0.000000000000e+00,0.000000000000e+00,1.000000000000e+00,3.108665990043e-15,9.990920902770e-14,-1.094307708653e-14,-1.434197972405e+04,-4.811834616327e+00,-1.668440066700e+03
