x,y,z,Bx,By,Bz,Ex,Ey,Ez
0.000000000000e+00,0.000000000000e+00,1.000000000000e+00,2.699705808689e-19,7.853798884239e-17,-6.182608500295e-18,-1.137498495881e+02,1.159735558910e-03,-1.311846887826e+00
