x,y,z,Bx,By,Bz,Ex,Ey,Ez
0.000000000000e+00,0.000000000000e+00,1.000000000000e+00,-1.378745072622e-18,2.537297123449e-16,-2.360356448298e-18,2.486950257118e+02,-1.220675853971e-03,-4.237441209155e+00
