x,y,z,Bx,By,Bz,Ex,Ey,Ez
0.000000000000e+00,0.000000000000e+00,1.000000000000e+00,-2.766892136042e-18,4.403658295413e-16,8.638230968698e-17,3.594618257876e+02,-3.273882164164e-02,-7.358511018236e+00
