x,y,z,Bx,By,Bz,Ex,Ey,Ez
0.000000000000e+00,0.000000000000e+00,1.000000000000e+00,1.227823478438e-17,1.548164708828e-15,-2.555651591597e-16,-8.336326091723e+02,-5.312149873133e-02,-2.586956308785e+01
