x,y,z,Bx,By,Bz,Ex,Ey,Ez
0.000000000000e+00,0.000000000000e+00,1.000000000000e+00,1.483783574287e-15,5.785026354192e-14,-6.692526262588e-15,-9.758967942779e+03,-5.207173445931e-01,-9.668171340111e+02
