x,y,z,Bx,By,Bz,Ex,Ey,Ez
0.000000000000e+00,0.000000000000e+00,1.000000000000e+00,-6.848185971150e-16,3.137874837057e-14,-1.587069492837e-15,6.376784997631e+03,1.774505904684e+00,-5.247490730244e+02
