x,y,z,Bx,By,Bz,Ex,Ey,Ez
0.000000000000e+00,0.000000000000e+00,1.000000000000e+00,-7.831242349916e-19,2.199714654304e-16,-4.860126665514e-17,2.261565309670e+02,-2.786080662014e-02,-3.673594968449e+00
