x,y,z,Bx,By,Bz,Ex,Ey,Ez
0.000000000000e+00,0.000000000000e+00,1.000000000000e+00,7.692568823047e-16,3.378745129663e-14,-3.635939554327e-15,-6.712917990729e+03,2.383019342688e+00,-5.646534876782e+02
