x,y,z,Bx,By,Bz,Ex,Ey,Ez
0.000000000000e+00,0.000000000000e+00,1.000000000000e+00,-1.559280427487e-17,1.827137152302e-15,-2.767061111821e-16,9.308389520419e+02,7.424383183881e-03,-3.049583602771e+01
