x,y,z,Bx,By,Bz,Ex,Ey,Ez
0.000000000000e+00,0.000000000000e+00,1.000000000000e+00,-3.559901260847e-19,1.175313917138e-16,-2.768119937159e-17,1.488695206763e+02,2.674875627840e-03,-1.963407199197e+00
