x,y,z,Bx,By,Bz,Ex,Ey,Ez
0.000000000000e+00,0.000000000000e+00,1.000000000000e+00,-2.774466445273e-14,5.325657436561e-13,-7.129187536739e-14,5.037592777192e+04,-4.173999400154e+01,-8.900659290355e+03
