x,y,z,Bx,By,Bz,Ex,Ey,Ez
0.000000000000e+00,0.000000000000e+00,1.000000000000e+00,-7.637214374220e-19,1.694194265915e-16,7.073746421848e-18,1.898058224371e+02,2.573312368399e-03,-2.826426721166e+00
