x,y,z,Bx,By,Bz,Ex,Ey,Ez
0.000000000000e+00,0.000000000000e+00,1.000000000000e+00,-2.810165095141e-16,1.626021285823e-14,-1.377799387861e-15,4.065868629971e+03,-1.213749506485e+00,-2.717461046009e+02
