x,y,z,Bx,By,Bz,Ex,Ey,Ez
0.000000000000e+00,0.000000000000e+00,1.000000000000e+00,-2.095719035288e-17,2.237088319083e-15,-2.399470720435e-16,1.067223142886e+03,-3.375644792080e-02,-3.740078981875e+01
