x,y,z,Bx,By,Bz,Ex,Ey,Ez
0.000000000000e+00,0.000000000000e+00,1.000000000000e+00,7.599605686334e-19,1.776266325777e-16,-3.657767580590e-17,-1.961881046667e+02,2.985238186947e-03,-2.969376743795e+00
