x,y,z,Bx,By,Bz,Ex,Ey,Ez
0.000000000000e+00,0.000000000000e+00,1.000000000000e+00,-2.064468425021e-19,8.998198126195e-17,-3.690821634604e-17,1.246040748369e+02,-2.925062441701e-03,-1.503674129559e+00
