x,y,z,Bx,By,Bz,Ex,Ey,Ez
0.000000000000e+00,0.000000000000e+00,1.000000000000e+00,-2.611769258707e-19,6.962005611468e-17,-9.890317808592e-18,1.049210143835e+02,-3.440148296251e-03,-1.162219791189e+00
