x,y,z,Bx,By,Bz,Ex,Ey,Ez
0.000000000000e+00,0.000000000000e+00,1.000000000000e+00,3.676482699592e-17,3.634311443132e-15,-4.069667498650e-16,-1.477201609922e+03,3.871741775991e-03,-6.070593171549e+01
