x,y,z,Bx,By,Bz,Ex,Ey,Ez
0.000000000000e+00,0.000000000000e+00,1.000000000000e+00,7.704718767088e-15,1.979710531663e-13,-2.100525360133e-14,-2.354233690479e+04,-9.688785572879e+00,-3.306980118948e+03
