x,y,z,Bx,By,Bz,Ex,Ey,Ez
0.000000000000e+00,0.000000000000e+00,1.000000000000e+00,-7.434013091165e-18,1.088942552050e-15,-3.842176114156e-17,6.583595099544e+02,-5.022504008112e-03,-1.819064118229e+01
