x,y,z,Bx,By,Bz,Ex,Ey,Ez
0.000000000000e+00,0.000000000000e+00,1.000000000000e+00,-2.826375094042e-18,5.427707229714e-16,-8.733190529908e-17,4.134699170047e+02,3.204766480731e-02,-9.068533255233e+00
