x,y,z,Bx,By,Bz,Ex,Ey,Ez
0.000000000000e+00,0.000000000000e+00,1.000000000000e+00,-7.352042898401e-19,2.109944721671e-16,-1.067156434197e-16,2.200068901847e+02,-1.264628648389e-02,-3.524180878223e+00
