x,y,z,Bx,By,Bz,Ex,Ey,Ez
0.000000000000e+00,0.000000000000e+00,1.000000000000e+00,4.582778341640e-19,1.404590162571e-16,-1.511945632293e-17,-1.677064699690e+02,-1.382935802543e-02,-2.347339479358e+00
