x,y,z,Bx,By,Bz,Ex,Ey,Ez
0.000000000000e+00,0.000000000000e+00,1.000000000000e+00,1.763818668225e-18,3.101052544592e-16,-4.214415747965e-17,-2.845377420578e+02,-5.285132008905e-03,-5.183006356830e+00
