x,y,z,Bx,By,Bz,Ex,Ey,Ez
0.000000000000e+00,0.000000000000e+00,1.000000000000e+00,4.938079788538e-17,4.390563481131e-15,-4.020032064476e-16,-1.677084099377e+03,-7.646376583484e-02,-7.332901861225e+01
