x,y,z,Bx,By,Bz,Ex,Ey,Ez
0.000000000000e+00,0.000000000000e+00,1.000000000000e+00,5.688052032334e-15,1.570799705942e-13,-1.661213642610e-14,-1.986694357627e+04,-8.560418808968e+00,-2.623513595804e+03
