x,y,z,Bx,By,Bz,Ex,Ey,Ez
0.000000000000e+00,0.000000000000e+00,1.000000000000e+00,-1.887870560502e-16,1.149922703627e-14,-1.668527419083e-15,3.212023335241e+03,-3.941947156760e-01,-1.919159063280e+02
