x,y,z,Bx,By,Bz,Ex,Ey,Ez
0.000000000000e+00,0.000000000000e+00,1.000000000000e+00,-1.080725435903e-17,1.493561484030e-15,-1.069790118173e-16,8.139958396818e+02,1.092027618461e-01,-2.496872143450e+01
