x,y,z,Bx,By,Bz,Ex,Ey,Ez
0.000000000000e+00,0.000000000000e+00,1.000000000000e+00,1.645357015489e-18,3.181780849890e-16,-2.226414215361e-17,-2.895422088521e+02,-6.419760650788e-03,-5.320269242914e+00
