x,y,z,Bx,By,Bz,Ex,Ey,Ez
0.000000000000e+00,0.000000000000e+00,1.000000000000e+00,2.707037266765e-19,7.970684600452e-17,-1.397431746323e-17,-1.148854503351e+02,8.984434327550e-04,-1.331498031981e+00
