x,y,z,Bx,By,Bz,Ex,Ey,Ez
0.000000000000e+00,0.000000000000e+00,1.000000000000e+00,5.069965878180e-17,4.474346342056e-15,-3.971374146337e-16,-1.698547538897e+03,-7.962172046625e-02,-7.473007339245e+01
