x,y,z,Bx,By,Bz,Ex,Ey,Ez
0.000000000000e+00,0.000000000000e+00,1.000000000000e+00,-2.388647025826e-14,4.738988176959e-13,-6.411860693162e-14,4.591466371216e+04,-3.588405733385e+01,-7.920239467677e+03
