x,y,z,Bx,By,Bz,Ex,Ey,Ez
0.000000000000e+00,0.000000000000e+00,1.000000000000e+00,-1.022541392730e-17,1.260082631436e-15,-4.739497323793e-17,7.258891293161e+02,3.043718861078e-02,-2.104902540964e+01
