x,y,z,Bx,By,Bz,Ex,Ey,Ez
0.000000000000e+00,0.000000000000e+00,1.000000000000e+00,-2.810877918932e-19,8.280963507435e-17,1.455151088609e-17,1.178510491176e+02,3.291698475705e-03,-1.383503384441e+00
