x,y,z,Bx,By,Bz,Ex,Ey,Ez
0.000000000000e+00,0.000000000000e+00,1.000000000000e+00,2.720481616980e-19,8.844669431278e-17,6.713027970016e-18,-1.231692591549e+02,-1.894483021452e-03,-1.478094884780e+00
