x,y,z,Bx,By,Bz,Ex,Ey,Ez
0.000000000000e+00,0.000000000000e+00,1.000000000000e+00,5.020099006551e-19,1.094101797136e-16,8.555671052730e-18,-1.418101811565e+02,4.269986497714e-03,-1.825980001360e+00
