x,y,z,Bx,By,Bz,Ex,Ey,Ez
0.000000000000e+00,0.000000000000e+00,1.000000000000e+00,-9.028012524617e-16,4.033438469132e-14,-3.724623538194e-15,7.587989955519e+03,3.321423020432e+00,-6.742419202730e+02
