x,y,z,Bx,By,Bz,Ex,Ey,Ez
0.000000000000e+00,0.000000000000e+00,1.000000000000e+00,6.524361126422e-19,1.626832719207e-16,1.957324432910e-18,-1.847896025745e+02,9.268073856201e-03,-2.715083021298e+00
