x,y,z,Bx,By,Bz,Ex,Ey,Ez
0.000000000000e+00,0.000000000000e+00,1.000000000000e+00,8.307425553316e-16,3.595325831883e-14,-4.044825579589e-15,-7.008797924898e+03,2.262683123225e+00,-6.009438781932e+02
