x,y,z,Bx,By,Bz,Ex,Ey,Ez
0.000000000000e+00,0.000000000000e+00,1.000000000000e+00,3.683176901628e-19,1.192279594443e-16,-1.328285890732e-17,-1.503779433150e+02,8.345487011996e-03,-1.993349850910e+00
