x,y,z,Bx,By,Bz,Ex,Ey,Ez
0.000000000000e+00,0.000000000000e+00,1.000000000000e+00,-2.058971805625e-17,2.150075715556e-15,-1.883515208098e-16,1.038993000189e+03,-2.849565270074e-02,-3.593686458053e+01
