x,y,z,Bx,By,Bz,Ex,Ey,Ez
0.000000000000e+00,0.000000000000e+00,1.000000000000e+00,-1.531793972727e-18,3.141607708705e-16,-5.308345492898e-17,2.870504414833e+02,2.842707378154e-02,-5.250802328103e+00
