x,y,z,Bx,By,Bz,Ex,Ey,Ez
0.000000000000e+00,0.000000000000e+00,1.000000000000e+00,-5.276888266342e-19,1.637426080206e-16,1.217592987060e-17,1.855651979095e+02,-1.948869286140e-03,-2.732205764011e+00
