x,y,z,Bx,By,Bz,Ex,Ey,Ez
0.000000000000e+00,0.000000000000e+00,1.000000000000e+00,1.955860660287e-19,7.363513995406e-17,-1.079521937003e-17,-1.089097034581e+02,-5.217755855470e-04,-1.228997070904e+00
