x,y,z,Bx,By,Bz,Ex,Ey,Ez
0.000000000000e+00,0.000000000000e+00,1.000000000000e+00,1.993260240776e-19,7.375430741231e-17,-9.922484490951e-18,-1.090267402407e+02,-5.614938620077e-04,-1.230982660627e+00
