x,y,z,Bx,By,Bz,Ex,Ey,Ez
0.000000000000e+00,0.000000000000e+00,1.000000000000e+00,4.942602403802e-12,2.581514916848e-11,-1.572457094567e-11,-2.272313929119e+06,2.910692624815e+03,-4.316953309153e+05
