x,y,z,Bx,By,Bz,Ex,Ey,Ez
0.000000000000e+00,0.000000000000e+00,1.000000000000e+00,-1.849697360691e-13,2.325300887279e-12,-4.699282549386e-13,1.831144857182e+05,-9.674177943566e+01,-3.880989213237e+04
