x,y,z,Bx,By,Bz,Ex,Ey,Ez
0.000000000000e+00,0.000000000000e+00,1.000000000000e+00,-1.403376852241e-18,2.573947936693e-16,-7.863494225381e-18,2.511403218507e+02,1.037596039355e-04,-4.299978840037e+00
