x,y,z,Bx,By,Bz,Ex,Ey,Ez
0.000000000000e+00,0.000000000000e+00,1.000000000000e+00,-4.921606412368e-19,1.391513911900e-16,-2.215236006460e-17,1.665958873810e+02,2.942909783639e-03,-2.324067757585e+00
