x,y,z,Bx,By,Bz,Ex,Ey,Ez
0.000000000000e+00,0.000000000000e+00,1.000000000000e+00,8.193499770879e-19,1.706561242069e-16,-3.578346941286e-17,-1.909112241044e+02,8.335776929224e-03,-2.850634087071e+00
