x,y,z,Bx,By,Bz,Ex,Ey,Ez
0.000000000000e+00,0.000000000000e+00,1.000000000000e+00,4.281971200652e-18,6.116324097670e-16,-1.046241793443e-18,-4.474420517502e+02,-2.686989278263e-02,-1.020937586441e+01
