x,y,z,Bx,By,Bz,Ex,Ey,Ez
0.000000000000e+00,0.000000000000e+00,1.000000000000e+00,-2.637786941647e-18,5.099332396109e-16,-4.849851719584e-17,3.966199291124e+02,4.057180490732e-02,-8.522575662954e+00
