x,y,z,Bx,By,Bz,Ex,Ey,Ez
0.000000000000e+00,0.000000000000e+00,1.000000000000e+00,-1.270037745229e-18,2.842050484121e-16,2.395796822568e-17,2.683945300558e+02,1.704884665243e-02,-4.749724641718e+00
