x,y,z,Bx,By,Bz,Ex,Ey,Ez
0.000000000000e+00,0.000000000000e+00,1.000000000000e+00,4.487846712034e-19,1.462684832011e-16,1.358157695287e-17,-1.722567783852e+02,-1.147790890963e-02,-2.443787722129e+00
