x,y,z,Bx,By,Bz,Ex,Ey,Ez
0.000000000000e+00,0.000000000000e+00,1.000000000000e+00,-4.837303552461e-18,8.177148677422e-16,-1.374215001253e-16,5.437087444474e+02,-4.548771731789e-02,-1.365796935603e+01
