x,y,z,Bx,By,Bz,Ex,Ey,Ez
0.000000000000e+00,0.000000000000e+00,1.000000000000e+00,-2.025131138480e-19,6.791920596988e-17,-2.215962116446e-17,1.031749261416e+02,-1.783665335413e-03,-1.133250113103e+00
