x,y,z,Bx,By,Bz,Ex,Ey,Ez
0.000000000000e+00,0.000000000000e+00,1.000000000000e+00,4.646916751350e-19,1.084434858287e-16,1.124932732725e-17,-1.409427110547e+02,3.262974181205e-03,-1.809266240836e+00
