x,y,z,Bx,By,Bz,Ex,Ey,Ez
0.000000000000e+00,0.000000000000e+00,1.000000000000e+00,2.722524223185e-19,8.050107263035e-17,-1.850223448883e-17,-1.156517622470e+02,3.720292445683e-04,-1.344816428106e+00
