x,y,z,Bx,By,Bz,Ex,Ey,Ez
0.000000000000e+00,0.000000000000e+00,1.000000000000e+00,-4.349518282353e-18,6.729448749136e-16,-7.549620437201e-17,4.772661147475e+02,2.139875072931e-02,-1.123963424802e+01
