x,y,z,Bx,By,Bz,Ex,Ey,Ez
0.000000000000e+00,0.000000000000e+00,1.000000000000e+00,-2.497391591605e-19,6.919341079924e-17,-1.428372535819e-17,1.044806512759e+02,-3.207866334549e-03,-1.154887225087e+00
