x,y,z,Bx,By,Bz,Ex,Ey,Ez
0.000000000000e+00,0.000000000000e+00,1.000000000000e+00,2.706019594182e-19,9.611748511933e-17,-2.413434504970e-17,-1.302277518750e+02,-1.726980977172e-03,-1.606691008260e+00
