x,y,z,Bx,By,Bz,Ex,Ey,Ez
0.000000000000e+00,0.000000000000e+00,1.000000000000e+00,1.132401978782e-17,1.387978682186e-15,-2.335528177859e-16,-7.748665944654e+02,3.041926840146e-02,-2.319458585567e+01
