x,y,z,Bx,By,Bz,Ex,Ey,Ez
0.000000000000e+00,0.000000000000e+00,1.000000000000e+00,-5.280704897055e-19,1.510535710757e-16,-2.440550028864e-17,1.760662521322e+02,-7.694589423606e-03,-2.524866433197e+00
