x,y,z,Bx,By,Bz,Ex,Ey,Ez
0.000000000000e+00,0.000000000000e+00,1.000000000000e+00,-2.947987507651e-17,3.028649809303e-15,-1.188500131580e-16,1.305610365235e+03,-3.019540772267e-01,-5.054239489387e+01
