x,y,z,Bx,By,Bz,Ex,Ey,Ez
0.000000000000e+00,0.000000000000e+00,1.000000000000e+00,9.635686117489e-19,2.344110479843e-16,-3.181133241507e-17,-2.359133039978e+02,-7.776846150129e-03,-3.914033203626e+00
