x,y,z,Bx,By,Bz,Ex,Ey,Ez
0.000000000000e+00,0.000000000000e+00,1.000000000000e+00,-4.543799345270e-19,1.300765775575e-16,9.997092092648e-18,1.592982291185e+02,-1.564288236305e-03,-2.173383158645e+00
