x,y,z,Bx,By,Bz,Ex,Ey,Ez
0.000000000000e+00,0.000000000000e+00,1.000000000000e+00,7.184410735618e-18,1.116246061570e-15,-9.905640597652e-18,-6.689800323426e+02,4.313142432021e-03,-1.862793796509e+01
