x,y,z,Bx,By,Bz,Ex,Ey,Ez
0.000000000000e+00,0.000000000000e+00,1.000000000000e+00,4.493395309238e-19,1.450797829816e-16,8.379492856722e-18,-1.713315855855e+02,-1.248769449049e-02,-2.424078905673e+00
