x,y,z,Bx,By,Bz,Ex,Ey,Ez
0.000000000000e+00,0.000000000000e+00,1.000000000000e+00,-9.643633864495e-18,1.224444103589e-15,-5.976977890768e-17,7.119710270925e+02,2.108132384251e-02,-2.044868179560e+01
