x,y,z,Bx,By,Bz,Ex,Ey,Ez
0.000000000000e+00,0.000000000000e+00,1.000000000000e+00,2.435196195184e-17,2.493343278269e-15,-2.071499009791e-16,-1.146738668821e+03,5.267207290216e-02,-4.164526347397e+01
