x,y,z,Bx,By,Bz,Ex,Ey,Ez
0.000000000000e+00,0.000000000000e+00,1.000000000000e+00,-6.653776699287e-19,2.048005778238e-16,-1.046395169968e-16,2.157010456834e+02,2.528738613859e-03,-3.421285260470e+00
