x,y,z,Bx,By,Bz,Ex,Ey,Ez
0.000000000000e+00,0.000000000000e+00,1.000000000000e+00,4.745529461364e-19,1.293468256123e-16,-4.848061195722e-17,-1.587077967503e+02,-1.200833281414e-03,-2.160728049835e+00
