x,y,z,Bx,By,Bz,Ex,Ey,Ez
0.000000000000e+00,0.000000000000e+00,1.000000000000e+00,1.904624410819e-17,2.173271796643e-15,-1.315610690414e-16,-1.045648599925e+03,3.480560171015e-02,-3.629389559857e+01
