x,y,z,Bx,By,Bz,Ex,Ey,Ez
0.000000000000e+00,0.000000000000e+00,1.000000000000e+00,1.008506351004e-18,2.603819396681e-16,6.899349717579e-18,-2.532219519900e+02,-4.547857722420e-03,-4.352592585482e+00
