x,y,z,Bx,By,Bz,Ex,Ey,Ez
0.000000000000e+00,0.000000000000e+00,1.000000000000e+00,5.097607245129e-19,1.139757471153e-16,-2.317058852257e-18,-1.459077032750e+02,7.315393659596e-03,-1.905484608240e+00
