x,y,z,Bx,By,Bz,Ex,Ey,Ez
0.000000000000e+00,0.000000000000e+00,1.000000000000e+00,-3.654073019724e-14,6.602412058396e-13,-8.821262990827e-14,5.992832883988e+04,-4.922900628744e+01,-1.103345455275e+04
