x,y,z,Bx,By,Bz,Ex,Ey,Ez
0.000000000000e+00,0.000000000000e+00,1.000000000000e+00,-1.401109448357e-18,2.567788006667e-16,-7.287989628373e-18,2.507303449112e+02,-9.259696555590e-05,-4.289472190357e+00
