x,y,z,Bx,By,Bz,Ex,Ey,Ez
0.000000000000e+00,0.000000000000e+00,1.000000000000e+00,-4.093609141709e-19,1.057352327572e-16,-1.321648341988e-17,1.387388081075e+02,-4.734627888976e-04,-1.766788404318e+00
