x,y,z,Bx,By,Bz,Ex,Ey,Ez
0.000000000000e+00,0.000000000000e+00,1.000000000000e+00,-2.114874640687e-17,2.317445187085e-15,-3.085013602435e-16,1.092888515160e+03,-4.892271029540e-02,-3.874739360812e+01
