x,y,z,Bx,By,Bz,Ex,Ey,Ez
0.000000000000e+00,0.000000000000e+00,1.000000000000e+00,-7.140697916594e-18,1.026480270109e-15,-1.098166368548e-17,6.329785719767e+02,-2.641501825968e-02,-1.715268069992e+01
