x,y,z,Bx,By,Bz,Ex,Ey,Ez
0.000000000000e+00,0.000000000000e+00,1.000000000000e+00,7.210025135844e-19,1.924085284732e-16,-1.792208926648e-18,-2.067876947522e+02,2.956272746699e-03,-3.213104013232e+00
