x,y,z,Bx,By,Bz,Ex,Ey,Ez
0.000000000000e+00,0.000000000000e+00,1.000000000000e+00,-3.240032771962e-14,6.011034760348e-13,-8.009513058703e-14,5.552551597677e+04,-4.651405313646e+01,-1.004571067924e+04
