x,y,z,Bx,By,Bz,Ex,Ey,Ez
0.000000000000e+00,0.000000000000e+00,1.000000000000e+00,1.353889261405e-15,5.378849879828e-14,-6.345688523604e-15,-9.275871573036e+03,4.727163736438e-02,-8.990891688261e+02
