x,y,z,Bx,By,Bz,Ex,Ey,Ez
0.000000000000e+00,0.000000000000e+00,1.000000000000e+00,-8.026986287532e-16,3.638162318783e-14,-2.670246843902e-15,7.064814177906e+03,2.865325707205e+00,-6.083954751299e+02
