x,y,z,Bx,By,Bz,Ex,Ey,Ez
0.000000000000e+00,0.000000000000e+00,1.000000000000e+00,4.575277600504e-19,1.517984158631e-16,2.908566721863e-17,-1.765199067863e+02,-4.418922388276e-03,-2.535190463746e+00
