x,y,z,Bx,By,Bz,Ex,Ey,Ez
0.000000000000e+00,0.000000000000e+00,1.000000000000e+00,-3.735064588639e-16,2.009290378262e-14,-1.262553521521e-15,4.692941001574e+03,-9.701406140907e-01,-3.355325001990e+02
