x,y,z,Bx,By,Bz,Ex,Ey,Ez
0.000000000000e+00,0.000000000000e+00,1.000000000000e+00,-2.620287139739e-19,8.632918855961e-17,-2.766314024624e-17,1.212311590147e+02,4.149264805704e-03,-1.443152381452e+00
