x,y,z,Bx,By,Bz,Ex,Ey,Ez
0.000000000000e+00,0.000000000000e+00,1.000000000000e+00,4.498143238862e-19,1.444905717376e-16,5.617861946352e-18,-1.708718980613e+02,-1.289686944903e-02,-2.414304377606e+00
