x,y,z,Bx,By,Bz,Ex,Ey,Ez
0.000000000000e+00,0.000000000000e+00,1.000000000000e+00,-9.064104310335e-17,7.265851094041e-15,-2.436976315622e-16,2.357106085069e+03,1.181378415435e-01,-1.215315708243e+02
