x,y,z,Bx,By,Bz,Ex,Ey,Ez
0.000000000000e+00,0.000000000000e+00,1.000000000000e+00,-2.386733925642e-19,8.766356008957e-17,-4.006268465431e-17,1.224823344145e+02,1.883815500360e-03,-1.465458481981e+00
