x,y,z,Bx,By,Bz,Ex,Ey,Ez
0.000000000000e+00,0.000000000000e+00,1.000000000000e+00,-2.698358613011e-18,5.227489484722e-16,-7.297518305160e-17,4.032389290553e+02,3.888402504554e-02,-8.735534475291e+00
