x,y,z,Bx,By,Bz,Ex,Ey,Ez
0.000000000000e+00,0.000000000000e+00,1.000000000000e+00,-3.087699989229e-18,5.784642141646e-16,-6.805444956398e-17,4.313783793024e+02,2.145763880259e-02,-9.662296467466e+00
