x,y,z,Bx,By,Bz,Ex,Ey,Ez
0.000000000000e+00,0.000000000000e+00,1.000000000000e+00,-6.758690673868e-18,9.404845803840e-16,-2.969569762357e-17,5.968707595525e+02,-5.812206247283e-02,-1.570909667306e+01
