x,y,z,Bx,By,Bz,Ex,Ey,Ez
0.000000000000e+00,0.000000000000e+00,1.000000000000e+00,-2.307676159415e-19,8.811781661786e-17,-4.202589316823e-17,1.229030582861e+02,9.338407035046e-04,-1.472996164995e+00
