x,y,z,Bx,By,Bz,Ex,Ey,Ez
0.000000000000e+00,0.000000000000e+00,1.000000000000e+00,-3.965535923450e-18,6.465840092928e-16,-5.565474560205e-17,4.646052467316e+02,2.245480842140e-02,-1.079690604220e+01
