x,y,z,Bx,By,Bz,Ex,Ey,Ez
0.000000000000e+00,0.000000000000e+00,1.000000000000e+00,-9.447400064829e-19,1.810772779861e-16,1.208841688835e-17,1.987419811374e+02,1.162080299631e-02,-3.028043382506e+00
