x,y,z,Bx,By,Bz,Ex,Ey,Ez
0.000000000000e+00,0.000000000000e+00,1.000000000000e+00,-7.067078247867e-19,1.895245056872e-16,-4.137820739298e-18,2.049677898191e+02,1.822119485069e-02,-3.170635013173e+00
