x,y,z,Bx,By,Bz,Ex,Ey,Ez
0.000000000000e+00,0.000000000000e+00,1.000000000000e+00,2.421300922474e-19,7.531187708010e-17,-2.909424323568e-19,-1.105658947957e+02,-4.060613968472e-04,-1.257187521978e+00
