x,y,z,Bx,By,Bz,Ex,Ey,Ez
0.000000000000e+00,0.000000000000e+00,1.000000000000e+00,1.415936991633e-13,1.859216609201e-12,-3.238500099599e-13,-1.478358958560e+05,9.195339642007e+01,-3.106824249632e+04
