x,y,z,Bx,By,Bz,Ex,Ey,Ez
0.000000000000e+00,0.000000000000e+00,1.000000000000e+00,-1.087345915021e-17,1.324288889667e-15,-2.873270492695e-17,7.507263053070e+02,5.334269916239e-02,-2.213357056650e+01
