x,y,z,Bx,By,Bz,Ex,Ey,Ez
0.000000000000e+00,0.000000000000e+00,1.000000000000e+00,-9.737624143588e-19,1.762391901665e-16,7.532239669101e-18,1.950358532831e+02,7.516762027096e-03,-2.943959421006e+00
