x,y,z,Bx,By,Bz,Ex,Ey,Ez
0.000000000000e+00,0.000000000000e+00,1.000000000000e+00,-7.980584230708e-18,1.133516910590e-15,-5.904591315116e-17,6.761442266535e+02,4.946018187782e-03,-1.892980725663e+01
