x,y,z,Bx,By,Bz,Ex,Ey,Ez
0.000000000000e+00,0.000000000000e+00,1.000000000000e+00,3.074135546738e-18,5.719661406536e-16,-5.275110952409e-17,-4.276786247924e+02,-3.379051294660e-02,-9.539475567354e+00
