x,y,z,Bx,By,Bz,Ex,Ey,Ez
0.000000000000e+00,0.000000000000e+00,1.000000000000e+00,-3.475172906935e-19,1.140157908258e-16,-5.511351207345e-18,1.459119983142e+02,3.785518563404e-03,-1.905376398896e+00
