x,y,z,Bx,By,Bz,Ex,Ey,Ez
0.000000000000e+00,0.000000000000e+00,1.000000000000e+00,-6.139211398300e-19,1.997012837807e-16,-7.611045070498e-17,2.121427419776e+02,1.275920253729e-02,-3.337347372432e+00
