x,y,z,Bx,By,Bz,Ex,Ey,Ez
0.000000000000e+00,0.000000000000e+00,1.000000000000e+00,-4.596168437198e-18,7.638341619532e-16,-1.436463039411e-16,5.197204146426e+02,-1.486432442487e-02,-1.276583699688e+01
