x,y,z,Bx,By,Bz,Ex,Ey,Ez
0.000000000000e+00,0.000000000000e+00,1.000000000000e+00,-1.383362850053e-13,1.857922267972e-12,-3.413645693474e-13,1.478978684566e+05,-7.494430013950e+01,-3.101719751514e+04
