x,y,z,Bx,By,Bz,Ex,Ey,Ez
0.000000000000e+00,0.000000000000e+00,1.000000000000e+00,-7.666180271061e-18,1.110941985393e-15,-4.958709074010e-17,6.671629983736e+02,4.066005789906e-04,-1.855529196338e+01
