x,y,z,Bx,By,Bz,Ex,Ey,Ez
0.000000000000e+00,0.000000000000e+00,1.000000000000e+00,-3.697880345030e-19,1.188836773068e-16,-3.282189179159e-17,1.500007098185e+02,1.402984542812e-03,-1.985781446158e+00
