x,y,z,Bx,By,Bz,Ex,Ey,Ez
0.000000000000e+00,0.000000000000e+00,1.000000000000e+00,-3.505572329704e-19,1.133734432801e-16,-1.653514586060e-18,1.453672926720e+02,3.579895220437e-03,-1.894753416761e+00
