x,y,z,Bx,By,Bz,Ex,Ey,Ez
0.000000000000e+00,0.000000000000e+00,1.000000000000e+00,1.851334026137e-19,5.926068257203e-17,5.320147774042e-18,-9.427825911513e+01,-6.640552392354e-04,-9.901281977535e-01
