x,y,z,Bx,By,Bz,Ex,Ey,Ez
0.000000000000e+00,0.000000000000e+00,1.000000000000e+00,-2.094220287049e-19,7.827134131770e-17,-1.071703031195e-17,1.134959148505e+02,-1.074953402192e-03,-1.307501256160e+00
