x,y,z,Bx,By,Bz,Ex,Ey,Ez
0.000000000000e+00,0.000000000000e+00,1.000000000000e+00,5.684874862032e-18,1.006451797748e-15,-4.625966841353e-17,-6.249234923786e+02,-3.243254987415e-02,-1.682229202404e+01
