x,y,z,Bx,By,Bz,Ex,Ey,Ez
0.000000000000e+00,0.000000000000e+00,1.000000000000e+00,-1.501490009272e-19,6.206706645188e-17,-1.020640119092e-17,9.728077652369e+01,1.083468418102e-03,-1.037602483753e+00
