x,y,z,Bx,By,Bz,Ex,Ey,Ez
0.000000000000e+00,0.000000000000e+00,1.000000000000e+00,-1.529689878283e-18,3.726876750085e-16,-1.185013236716e-16,3.214982271163e+02,-1.974773329855e-02,-6.220324320757e+00
