x,y,z,Bx,By,Bz,Ex,Ey,Ez
0.000000000000e+00,0.000000000000e+00,1.000000000000e+00,4.777189452559e-19,1.365914591796e-16,-3.395753357242e-17,-1.646277769458e+02,-1.153718356383e-02,-2.282835972498e+00
