x,y,z,Bx,By,Bz,Ex,Ey,Ez
0.000000000000e+00,0.000000000000e+00,1.000000000000e+00,4.536689677586e-19,1.158759439166e-16,-5.441502713877e-18,-1.475600585486e+02,7.995120269641e-03,-1.937818261333e+00
