x,y,z,Bx,By,Bz,Ex,Ey,Ez
0.000000000000e+00,0.000000000000e+00,1.000000000000e+00,2.786193237943e-19,9.092662199222e-17,1.023946072920e-18,-1.254558410461e+02,6.325917379798e-05,-1.519386483215e+00
