x,y,z,Bx,By,Bz,Ex,Ey,Ez
0.000000000000e+00,0.000000000000e+00,1.000000000000e+00,-1.393869124556e-18,2.630437763310e-16,-6.778136044835e-18,2.548744186635e+02,1.855576851654e-03,-4.396078140579e+00
