x,y,z,Bx,By,Bz,Ex,Ey,Ez
0.000000000000e+00,0.000000000000e+00,1.000000000000e+00,4.047364504984e-18,7.101793844992e-16,-6.111286779389e-18,-4.948379918390e+02,4.385216825052e-02,-1.186807095320e+01
