x,y,z,Bx,By,Bz,Ex,Ey,Ez
0.000000000000e+00,0.000000000000e+00,1.000000000000e+00,-1.049863995891e-17,1.281023043827e-15,-3.984866578267e-17,7.340275715103e+02,3.716781218496e-02,-2.140257564828e+01
