x,y,z,Bx,By,Bz,Ex,Ey,Ez
0.000000000000e+00,0.000000000000e+00,1.000000000000e+00,1.992678855293e-17,2.228408502285e-15,-1.541736609320e-16,-1.063336991507e+03,4.217764138303e-02,-3.721271093405e+01
