x,y,z,Bx,By,Bz,Ex,Ey,Ez
0.000000000000e+00,0.000000000000e+00,1.000000000000e+00,-1.394382183262e-18,2.555531616282e-16,-5.716600623437e-18,2.499133091544e+02,-5.090844521640e-04,-4.268559756681e+00
