x,y,z,Bx,By,Bz,Ex,Ey,Ez
0.000000000000e+00,0.000000000000e+00,1.000000000000e+00,-1.795459403436e-14,3.797353654942e-13,-5.252163560915e-14,3.860820856803e+04,-2.267449752990e+01,-6.346200513035e+03
