x,y,z,Bx,By,Bz,Ex,Ey,Ez
0.000000000000e+00,0.000000000000e+00,1.000000000000e+00,1.438845476587e-19,7.173749685005e-17,-2.202294076576e-17,-1.070615734354e+02,1.050249000622e-03,-1.197804823447e+00
