x,y,z,Bx,By,Bz,Ex,Ey,Ez
0.000000000000e+00,0.000000000000e+00,1.000000000000e+00,4.547401382559e-19,1.415944235739e-16,-9.129206916811e-18,-1.686017311900e+02,-1.391303733724e-02,-2.366215780099e+00
