x,y,z,Bx,By,Bz,Ex,Ey,Ez
0.000000000000e+00,0.000000000000e+00,1.000000000000e+00,4.918562254727e-19,1.336720753962e-16,-4.436598880641e-17,-1.622656826053e+02,-8.036357111976e-03,-2.233801453247e+00
