x,y,z,Bx,By,Bz,Ex,Ey,Ez
0.000000000000e+00,0.000000000000e+00,1.000000000000e+00,1.862878938608e-16,1.231535435408e-14,-1.327637497326e-15,-3.366785230483e+03,-6.942557547699e-01,-2.057737904278e+02
