x,y,z,Bx,By,Bz,Ex,Ey,Ez
0.000000000000e+00,0.000000000000e+00,1.000000000000e+00,2.374602493907e-19,9.783845673932e-17,-2.103890817031e-17,-1.317714844733e+02,-3.235900187905e-03,-1.635336043229e+00
