x,y,z,Bx,By,Bz,Ex,Ey,Ez
0.000000000000e+00,0.000000000000e+00,1.000000000000e+00,2.689303828904e-19,7.777456752099e-17,-1.711813178175e-18,-1.130022457931e+02,9.868832162183e-04,-1.298959127393e+00
