x,y,z,Bx,By,Bz,Ex,Ey,Ez
0.000000000000e+00,0.000000000000e+00,1.000000000000e+00,2.013323045724e-15,7.277086127467e-14,-7.984563081931e-15,-1.145949860382e+04,-2.180648378332e+00,-1.215468316434e+03
