x,y,z,Bx,By,Bz,Ex,Ey,Ez
0.000000000000e+00,0.000000000000e+00,1.000000000000e+00,1.284441044371e-16,8.809541836464e-15,-1.049166150064e-15,-2.684195284390e+03,7.741774921732e-02,-1.472654304301e+02
