x,y,z,Bx,By,Bz,Ex,Ey,Ez
0.000000000000e+00,0.000000000000e+00,1.000000000000e+00,1.659515225287e-18,3.604761879137e-16,-3.043206878971e-17,-3.144027634931e+02,9.368568309987e-03,-6.018506501467e+00
