x,y,z,Bx,By,Bz,Ex,Ey,Ez
0.000000000000e+00,0.000000000000e+00,1.000000000000e+00,-8.722945600200e-19,2.306378898414e-16,2.770376632998e-17,2.332898196348e+02,-2.539923166779e-02,-3.849742058023e+00
