x,y,z,Bx,By,Bz,Ex,Ey,Ez
0.000000000000e+00,0.000000000000e+00,1.000000000000e+00,-2.961094528718e-18,5.620213269536e-16,-8.052598365525e-17,4.231814570802e+02,2.523210462815e-02,-9.388861347418e+00
