x,y,z,Bx,By,Bz,Ex,Ey,Ez
0.000000000000e+00,0.000000000000e+00,1.000000000000e+00,-3.286161437363e-15,1.016799658344e-13,-8.753727820529e-15,1.451880850798e+04,-1.807222151062e-01,-1.698696381637e+03
