x,y,z,Bx,By,Bz,Ex,Ey,Ez
0.000000000000e+00,0.000000000000e+00,1.000000000000e+00,1.162230378476e-18,2.440153193965e-16,-2.108215384505e-17,-2.423838256565e+02,-9.682353069284e-03,-4.076250605431e+00
