x,y,z,Bx,By,Bz,Ex,Ey,Ez
0.000000000000e+00,0.000000000000e+00,1.000000000000e+00,-5.925376689849e-19,1.655103910120e-16,1.089645840485e-17,1.868745822105e+02,-4.537533148265e-04,-2.761191303037e+00
