x,y,z,Bx,By,Bz,Ex,Ey,Ez
0.000000000000e+00,0.000000000000e+00,1.000000000000e+00,8.064064041881e-19,1.692444969930e-16,-3.121013524303e-17,-1.898257516494e+02,9.190573849063e-03,-2.826432146389e+00
