x,y,z,Bx,By,Bz,Ex,Ey,Ez
0.000000000000e+00,0.000000000000e+00,1.000000000000e+00,-1.100683347513e-17,1.381293372142e-15,-3.151703455235e-17,7.724297541576e+02,7.639177048164e-02,-2.309449310333e+01
