x,y,z,Bx,By,Bz,Ex,Ey,Ez
0.000000000000e+00,0.000000000000e+00,1.000000000000e+00,1.851895743726e-19,5.943631774506e-17,3.583675524467e-18,-9.446751342535e+01,-5.053510593561e-04,-9.931047842123e-01
