x,y,z,Bx,By,Bz,Ex,Ey,Ez
0.000000000000e+00,0.000000000000e+00,1.000000000000e+00,2.823234146659e-19,8.294609627938e-17,-2.125965133712e-17,-1.179941213743e+02,-2.075852033564e-03,-1.385849540921e+00
