x,y,z,Bx,By,Bz,Ex,Ey,Ez
0.000000000000e+00,0.000000000000e+00,1.000000000000e+00,6.516087386078e-15,1.741329429157e-13,-1.841095953243e-14,-2.142124630306e+04,-9.098595282750e+00,-2.908537272617e+03
