x,y,z,Bx,By,Bz,Ex,Ey,Ez
0.000000000000e+00,0.000000000000e+00,1.000000000000e+00,2.062002086722e-19,9.963074061837e-17,-1.192421495172e-17,-1.333410111789e+02,-4.125173309983e-03,-1.664672606974e+00
