x,y,z,Bx,By,Bz,Ex,Ey,Ez
0.000000000000e+00,0.000000000000e+00,1.000000000000e+00,-1.235673217143e-19,6.313136544927e-17,-4.566448982737e-18,9.837726397650e+01,9.307563593831e-04,-1.055181308543e+00
