x,y,z,Bx,By,Bz,Ex,Ey,Ez
0.000000000000e+00,0.000000000000e+00,1.000000000000e+00,-1.032644393090e-16,8.408362799614e-15,-6.839492823004e-16,2.599634797973e+03,3.697915237516e-01,-1.404344983301e+02
