x,y,z,Bx,By,Bz,Ex,Ey,Ez
0.000000000000e+00,0.000000000000e+00,1.000000000000e+00,-2.339512038478e-17,2.713007506125e-15,-4.498766058352e-16,1.213850844637e+03,-2.448326762270e-01,-4.531348110355e+01
