x,y,z,Bx,By,Bz,Ex,Ey,Ez
0.000000000000e+00,0.000000000000e+00,1.000000000000e+00,8.684697410667e-19,2.147178548215e-16,-3.958157312880e-17,-2.226851121675e+02,7.884073691826e-04,-3.589735835988e+00
