x,y,z,Bx,By,Bz,Ex,Ey,Ez
0.000000000000e+00,0.000000000000e+00,1.000000000000e+00,-2.107380748239e-17,2.282504608815e-15,-2.772411252758e-16,1.081776619254e+03,-4.088436668763e-02,-3.816250716095e+01
