x,y,z,Bx,By,Bz,Ex,Ey,Ez
0.000000000000e+00,0.000000000000e+00,1.000000000000e+00,7.294046779573e-19,1.654227319496e-16,-1.318306929275e-17,-1.868858452112e+02,1.014684050511e-02,-2.761249667603e+00
