x,y,z,Bx,By,Bz,Ex,Ey,Ez
0.000000000000e+00,0.000000000000e+00,1.000000000000e+00,1.392848876611e-18,3.430532354756e-16,1.847627085134e-18,-3.042938414411e+02,4.348865187657e-03,-5.731351029204e+00
