x,y,z,Bx,By,Bz,Ex,Ey,Ez
0.000000000000e+00,0.000000000000e+00,1.000000000000e+00,-4.069713649055e-19,1.216356226544e-16,-3.230651048826e-17,1.522986954038e+02,-1.576504840405e-03,-2.031565208978e+00
