x,y,z,Bx,By,Bz,Ex,Ey,Ez
0.000000000000e+00,0.000000000000e+00,1.000000000000e+00,-2.197443045364e-19,6.834349091889e-17,-2.065006182674e-17,1.036076865563e+02,-2.344107672826e-03,-1.140402710592e+00
