x,y,z,Bx,By,Bz,Ex,Ey,Ez
0.000000000000e+00,0.000000000000e+00,1.000000000000e+00,-4.704078721408e-16,2.332395857996e-14,-1.131858060975e-15,5.196026430195e+03,-4.066567322635e-01,-3.895350784148e+02
