x,y,z,Bx,By,Bz,Ex,Ey,Ez
0.000000000000e+00,0.000000000000e+00,1.000000000000e+00,6.779877826301e-18,1.098446093058e-15,-1.179799806556e-17,-6.618984503507e+02,-3.027521373193e-03,-1.833367610351e+01
