x,y,z,Bx,By,Bz,Ex,Ey,Ez
0.000000000000e+00,0.000000000000e+00,1.000000000000e+00,1.557074263961e-17,1.868796470085e-15,-3.996513689447e-17,-9.453025524015e+02,-5.560414300934e-02,-3.122312592079e+01
