x,y,z,Bx,By,Bz,Ex,Ey,Ez
0.000000000000e+00,0.000000000000e+00,1.000000000000e+00,9.875173666368e-19,2.760413058734e-16,-6.861778750286e-18,-2.630595322862e+02,4.548552794986e-03,-4.608148245846e+00
