x,y,z,Bx,By,Bz,Ex,Ey,Ez
0.000000000000e+00,0.000000000000e+00,1.000000000000e+00,1.769657553596e-18,3.093193180358e-16,-4.377788230792e-17,-2.840443132651e+02,-5.022081049188e-03,-5.169537034822e+00
