x,y,z,Bx,By,Bz,Ex,Ey,Ez
0.000000000000e+00,0.000000000000e+00,1.000000000000e+00,6.725744300717e-13,6.179019988219e-12,-1.995166194704e-12,-5.070004580432e+05,8.457817719312e+02,-1.032835110560e+05
