x,y,z,Bx,By,Bz,Ex,Ey,Ez
0.000000000000e+00,0.000000000000e+00,1.000000000000e+00,6.124576380488e-18,9.355391254039e-16,-9.916624737776e-17,-5.954589195214e+02,-3.508135293993e-02,-1.564924211591e+01
