x,y,z,Bx,By,Bz,Ex,Ey,Ez
0.000000000000e+00,0.000000000000e+00,1.000000000000e+00,4.833360280514e-19,1.550046813999e-16,2.955722611203e-17,-1.789621330286e+02,4.810830370992e-04,-2.587964486799e+00
