x,y,z,Bx,By,Bz,Ex,Ey,Ez
0.000000000000e+00,0.000000000000e+00,1.000000000000e+00,-2.039076571386e-19,7.596038126678e-17,-1.332877764008e-17,1.112864191173e+02,2.288170631341e-04,-1.269521857356e+00
