x,y,z,Bx,By,Bz,Ex,Ey,Ez
0.000000000000e+00,0.000000000000e+00,1.000000000000e+00,3.128941204079e-16,1.778076489743e-14,-7.783169774544e-16,-4.316948275308e+03,-2.689110326087e-01,-2.968683410553e+02
