x,y,z,Bx,By,Bz,Ex,Ey,Ez
0.000000000000e+00,0.000000000000e+00,1.000000000000e+00,2.406118213343e-16,1.478672505771e-14,-1.027658986068e-15,-3.809469781481e+03,-7.737140013670e-01,-2.469449795185e+02
