x,y,z,Bx,By,Bz,Ex,Ey,Ez
0.000000000000e+00,0.000000000000e+00,1.000000000000e+00,8.188934095657e-19,1.731663070038e-16,-4.022854857179e-17,-1.928319093347e+02,6.438407733578e-03,-2.893643514546e+00
