x,y,z,Bx,By,Bz,Ex,Ey,Ez
0.000000000000e+00,0.000000000000e+00,1.000000000000e+00,-2.849975853396e-18,5.462046939883e-16,-8.725836501596e-17,4.152113936027e+02,3.072849909349e-02,-9.125675723370e+00
