x,y,z,Bx,By,Bz,Ex,Ey,Ez
0.000000000000e+00,0.000000000000e+00,1.000000000000e+00,4.489943560418e-18,6.275018022812e-16,2.141351086323e-17,-4.553368357164e+02,-1.812671200471e-02,-1.048081710169e+01
