x,y,z,Bx,By,Bz,Ex,Ey,Ez
0.000000000000e+00,0.000000000000e+00,1.000000000000e+00,-6.714286604220e-17,5.371680866111e-15,-8.849512989829e-16,1.921234419076e+03,-4.163724139268e-05,-8.970612008719e+01
