x,y,z,Bx,By,Bz,Ex,Ey,Ez
0.000000000000e+00,0.000000000000e+00,1.000000000000e+00,2.066313613546e-18,5.145303075064e-16,-9.198640310109e-17,-3.991522923651e+02,-1.560709429457e-02,-8.600868641990e+00
