x,y,z,Bx,By,Bz,Ex,Ey,Ez
0.000000000000e+00,0.000000000000e+00,1.000000000000e+00,-4.041799080615e-15,1.196393075862e-13,-1.047447499614e-14,1.631874262806e+04,1.315952961431e+00,-1.999441487844e+03
