x,y,z,Bx,By,Bz,Ex,Ey,Ez
0.000000000000e+00,0.000000000000e+00,1.000000000000e+00,1.570278489872e-19,6.865137554703e-17,-1.025665161950e-17,-1.040394363100e+02,4.206414955283e-03,-1.147561115885e+00
