x,y,z,Bx,By,Bz,Ex,Ey,Ez
0.000000000000e+00,0.000000000000e+00,1.000000000000e+00,1.980461680777e-19,6.613623291048e-17,1.102961568024e-17,-1.014562341767e+02,2.488199910090e-03,-1.105251818571e+00
