x,y,z,Bx,By,Bz,Ex,Ey,Ez
0.000000000000e+00,0.000000000000e+00,1.000000000000e+00,4.588455423030e-17,4.177087580803e-15,-4.153429633031e-16,-1.621798276217e+03,-6.208140151988e-02,-6.975982435120e+01
