x,y,z,Bx,By,Bz,Ex,Ey,Ez
0.000000000000e+00,0.000000000000e+00,1.000000000000e+00,-1.992100514249e-17,2.067775879042e-15,-1.729187878799e-16,1.011887405282e+03,-2.846852318122e-02,-3.454786325127e+01
