x,y,z,Bx,By,Bz,Ex,Ey,Ez
0.000000000000e+00,0.000000000000e+00,1.000000000000e+00,-4.026955072310e-19,1.072714704641e-16,-4.097076381071e-18,1.400942774806e+02,-4.560965381699e-04,-1.792752071115e+00
