x,y,z,Bx,By,Bz,Ex,Ey,Ez
0.000000000000e+00,0.000000000000e+00,1.000000000000e+00,1.167640267687e-18,2.445910504387e-16,-2.014395147412e-17,-2.427726203662e+02,-9.701961880417e-03,-4.086066573316e+00
