x,y,z,Bx,By,Bz,Ex,Ey,Ez
0.000000000000e+00,0.000000000000e+00,1.000000000000e+00,-7.054977845306e-19,2.081110028408e-16,-1.108560234275e-16,2.180060647343e+02,-5.570293320774e-03,-3.476183193448e+00
