x,y,z,Bx,By,Bz,Ex,Ey,Ez
0.000000000000e+00,0.000000000000e+00,1.000000000000e+00,2.780115480529e-19,8.679705228856e-17,1.108562181909e-18,-1.216359209358e+02,-3.114076043708e-03,-1.450573198896e+00
