x,y,z,Bx,By,Bz,Ex,Ey,Ez
0.000000000000e+00,0.000000000000e+00,1.000000000000e+00,1.077728555853e-17,1.297573216583e-15,-1.343102710424e-16,-7.403805178712e+02,5.444475992466e-02,-2.167312601099e+01
