x,y,z,Bx,By,Bz,Ex,Ey,Ez
0.000000000000e+00,0.000000000000e+00,1.000000000000e+00,-1.145432518527e-19,6.527630203147e-17,-1.008286890455e-17,1.005253057129e+02,9.677481762512e-04,-1.089881510143e+00
