x,y,z,Bx,By,Bz,Ex,Ey,Ez
0.000000000000e+00,0.000000000000e+00,1.000000000000e+00,2.242668678854e-19,7.459062774369e-17,-4.128895361553e-18,-1.098513561457e+02,-6.242682685516e-04,-1.245002051835e+00
