x,y,z,Bx,By,Bz,Ex,Ey,Ez
0.000000000000e+00,0.000000000000e+00,1.000000000000e+00,-2.563274029937e-18,4.171371643520e-16,-3.410144831477e-18,3.465379476462e+02,-5.671850277034e-02,-6.963930971928e+00
