x,y,z,Bx,By,Bz,Ex,Ey,Ez
0.000000000000e+00,0.000000000000e+00,1.000000000000e+00,2.311732208021e-16,1.437666497891e-14,-1.080556730514e-15,-3.737665038002e+03,-7.976346361270e-01,-2.401089462301e+02
