x,y,z,Bx,By,Bz,Ex,Ey,Ez
0.000000000000e+00,0.000000000000e+00,1.000000000000e+00,3.425150389868e-14,6.209810394978e-13,-7.925496185152e-14,-5.688311061637e+04,-4.942356814988e+00,-1.037056517058e+04
