x,y,z,Bx,By,Bz,Ex,Ey,Ez
0.000000000000e+00,0.000000000000e+00,1.000000000000e+00,3.020033986961e-17,3.057604156726e-15,-3.025444354210e-16,-1.315831860038e+03,6.190001933688e-02,-5.110790640376e+01
