x,y,z,Bx,By,Bz,Ex,Ey,Ez
0.000000000000e+00,0.000000000000e+00,1.000000000000e+00,-2.707740047147e-19,8.574917538013e-17,-2.001003708550e-17,1.206805685119e+02,4.747129139383e-03,-1.433383428076e+00
