x,y,z,Bx,By,Bz,Ex,Ey,Ez
0.000000000000e+00,0.000000000000e+00,1.000000000000e+00,2.035260190068e-18,5.227563250285e-16,-8.905018863462e-17,-4.032905648543e+02,-1.977355410904e-02,-8.734767949234e+00
