x,y,z,Bx,By,Bz,Ex,Ey,Ez
0.000000000000e+00,0.000000000000e+00,1.000000000000e+00,-8.863652934240e-17,6.900092715783e-15,-2.299098697441e-16,2.276433216510e+03,4.702384696850e-03,-1.154281425948e+02
