x,y,z,Bx,By,Bz,Ex,Ey,Ez
0.000000000000e+00,0.000000000000e+00,1.000000000000e+00,1.374194690554e-16,9.390824198354e-15,-1.196039810212e-15,-2.803155590116e+03,-3.725273544730e-02,-1.569994414823e+02
