x,y,z,Bx,By,Bz,Ex,Ey,Ez
0.000000000000e+00,0.000000000000e+00,1.000000000000e+00,-3.795723938348e-16,2.030375254499e-14,-1.254789026327e-15,4.726377884189e+03,-9.428471706676e-01,-3.390469113817e+02
