x,y,z,Bx,By,Bz,Ex,Ey,Ez
0.000000000000e+00,0.000000000000e+00,1.000000000000e+00,2.827637867220e-19,9.155849500509e-17,-2.567616685423e-18,-1.260380342860e+02,3.392449141579e-04,-1.529949598134e+00
