x,y,z,Bx,By,Bz,Ex,Ey,Ez
0.000000000000e+00,0.000000000000e+00,1.000000000000e+00,-1.618939362154e-19,6.159821700412e-17,-1.324424650618e-17,9.678844191232e+01,1.350344248907e-03,-1.029741634248e+00
