x,y,z,Bx,By,Bz,Ex,Ey,Ez
0.000000000000e+00,0.000000000000e+00,1.000000000000e+00,-2.350604592990e-19,7.985151194487e-17,3.766074883409e-18,1.150032572399e+02,-7.899849457241e-04,-1.333675406481e+00
