x,y,z,Bx,By,Bz,Ex,Ey,Ez
0.000000000000e+00,0.000000000000e+00,1.000000000000e+00,-3.986618592589e-16,2.095371301833e-14,-1.229159626387e-15,4.828880043452e+03,-8.502080944782e-01,-3.498886144968e+02
