x,y,z,Bx,By,Bz,Ex,Ey,Ez
0.000000000000e+00,0.000000000000e+00,1.000000000000e+00,1.777223235205e-19,6.059955126773e-17,-6.874121756758e-18,-9.571169662687e+01,-1.623600006746e-04,-1.012743718089e+00
