x,y,z,Bx,By,Bz,Ex,Ey,Ez
0.000000000000e+00,0.000000000000e+00,1.000000000000e+00,1.973163278973e-19,6.633891965644e-17,1.021557807991e-17,-1.016675665161e+02,2.777350695882e-03,-1.108698000269e+00
