x,y,z,Bx,By,Bz,Ex,Ey,Ez
0.000000000000e+00,0.000000000000e+00,1.000000000000e+00,-6.194692564983e-12,3.048821600718e-11,-1.847425120174e-11,2.617830477585e+06,7.392927917187e+03,-5.094701169368e+05
