x,y,z,Bx,By,Bz,Ex,Ey,Ez
0.000000000000e+00,0.000000000000e+00,1.000000000000e+00,2.268822298411e-18,4.145164895909e-16,-1.710744873317e-17,-3.452424909279e+02,5.488088017964e-03,-6.923861344710e+00
