x,y,z,Bx,By,Bz,Ex,Ey,Ez
0.000000000000e+00,0.000000000000e+00,1.000000000000e+00,2.794356705047e-16,1.643011409045e-14,-8.538575206345e-16,-4.091454234688e+03,-5.565269714378e-01,-2.743462625810e+02
