x,y,z,Bx,By,Bz,Ex,Ey,Ez
0.000000000000e+00,0.000000000000e+00,1.000000000000e+00,-4.421893307713e-19,1.244503706041e-16,-1.863497833285e-17,1.546457885682e+02,-3.600903446552e-03,-2.078767041561e+00
