x,y,z,Bx,By,Bz,Ex,Ey,Ez
0.000000000000e+00,0.000000000000e+00,1.000000000000e+00,-1.264341135789e-17,1.688083862341e-15,-2.905160428012e-16,8.829519130442e+02,6.987913486914e-02,-2.818260373684e+01
