x,y,z,Bx,By,Bz,Ex,Ey,Ez
0.000000000000e+00,0.000000000000e+00,1.000000000000e+00,2.036662978579e-18,5.244254815350e-16,-8.830524024581e-17,-4.041257736351e+02,-2.057097740189e-02,-8.761887615680e+00
