x,y,z,Bx,By,Bz,Ex,Ey,Ez
0.000000000000e+00,0.000000000000e+00,1.000000000000e+00,6.596685267345e-18,1.089666478287e-15,-1.337766854813e-17,-6.584006538263e+02,-6.523051678751e-03,-1.818888514245e+01
