x,y,z,Bx,By,Bz,Ex,Ey,Ez
0.000000000000e+00,0.000000000000e+00,1.000000000000e+00,4.824305610067e-18,7.700985542204e-16,-1.243967199480e-16,-5.221164262836e+02,4.577409666474e-02,-1.285658571212e+01
