x,y,z,Bx,By,Bz,Ex,Ey,Ez
0.000000000000e+00,0.000000000000e+00,1.000000000000e+00,-1.745738810358e-19,6.095576115409e-17,-1.641855658552e-17,9.610513304694e+01,1.912461347294e-03,-1.018868451859e+00
