x,y,z,Bx,By,Bz,Ex,Ey,Ez
0.000000000000e+00,0.000000000000e+00,1.000000000000e+00,-2.846754922952e-19,8.349618782956e-17,9.439238342654e-18,1.185149739918e+02,4.215495964307e-03,-1.395169585864e+00
