x,y,z,Bx,By,Bz,Ex,Ey,Ez
0.000000000000e+00,0.000000000000e+00,1.000000000000e+00,-3.822838121258e-17,3.410117633050e-15,2.598921678607e-16,1.413776472308e+03,-7.207557150700e-02,-5.693641061231e+01
