x,y,z,Bx,By,Bz,Ex,Ey,Ez
0.000000000000e+00,0.000000000000e+00,1.000000000000e+00,-5.695800176746e-19,1.448099261648e-16,-4.154825048796e-17,1.711244950575e+02,-2.046542316246e-03,-2.419274635149e+00
