x,y,z,Bx,By,Bz,Ex,Ey,Ez
0.000000000000e+00,0.000000000000e+00,1.000000000000e+00,9.023828377875e-18,1.190701665612e-15,-2.816545002426e-17,-6.985031158003e+02,3.522653367995e-02,-1.987021678840e+01
