x,y,z,Bx,By,Bz,Ex,Ey,Ez
0.000000000000e+00,0.000000000000e+00,1.000000000000e+00,-1.063434260624e-14,2.540195361062e-13,-3.369518636905e-14,2.840215645822e+04,-2.523604502535e+00,-4.244899257052e+03
