x,y,z,Bx,By,Bz,Ex,Ey,Ez
0.000000000000e+00,0.000000000000e+00,1.000000000000e+00,4.675474392577e-17,4.229148849301e-15,-4.121994970671e-16,-1.635360749933e+03,-6.645285100460e-02,-7.063005640178e+01
