x,y,z,Bx,By,Bz,Ex,Ey,Ez
0.000000000000e+00,0.000000000000e+00,1.000000000000e+00,1.680785337239e-19,6.152528838513e-17,-1.019388942826e-17,-9.668468813236e+01,-4.968424034600e-04,-1.028202859529e+00
