x,y,z,Bx,By,Bz,Ex,Ey,Ez
0.000000000000e+00,0.000000000000e+00,1.000000000000e+00,9.239111900136e-19,2.113047875868e-16,-3.767697725735e-17,-2.203054215281e+02,2.636328132260e-03,-3.532487084355e+00
