x,y,z,Bx,By,Bz,Ex,Ey,Ez
0.000000000000e+00,0.000000000000e+00,1.000000000000e+00,-2.107177913743e-18,3.964885063846e-16,-9.561918061553e-17,3.349397953324e+02,-4.967273355626e-02,-6.615449473340e+00
