x,y,z,Bx,By,Bz,Ex,Ey,Ez
0.000000000000e+00,0.000000000000e+00,1.000000000000e+00,-1.090303813382e-17,1.329836318013e-15,-2.801222789956e-17,7.528543498088e+02,5.556369401738e-02,-2.222725307653e+01
