x,y,z,Bx,By,Bz,Ex,Ey,Ez
0.000000000000e+00,0.000000000000e+00,1.000000000000e+00,8.105169861558e-19,1.695960798814e-16,-3.247813453797e-17,-1.900962997386e+02,8.997568561869e-03,-2.832457368183e+00
