x,y,z,Bx,By,Bz,Ex,Ey,Ez
0.000000000000e+00,0.000000000000e+00,1.000000000000e+00,-2.075563573690e-17,2.182127703651e-15,-2.036030429087e-16,1.049444548775e+03,-2.941429026178e-02,-3.647677904627e+01
