x,y,z,Bx,By,Bz,Ex,Ey,Ez
0.000000000000e+00,0.000000000000e+00,1.000000000000e+00,5.313656986722e-19,1.105756233879e-16,5.148133057816e-18,-1.428620767917e+02,5.298890161955e-03,-1.846301204312e+00
