x,y,z,Bx,By,Bz,Ex,Ey,Ez
0.000000000000e+00,0.000000000000e+00,1.000000000000e+00,1.767555399954e-19,6.069083444540e-17,-7.458246001574e-18,-9.580838271308e+01,-1.798822475847e-04,-1.014275640004e+00
