x,y,z,Bx,By,Bz,Ex,Ey,Ez
0.000000000000e+00,0.000000000000e+00,1.000000000000e+00,-1.475719595794e-19,6.654112172461e-17,-1.903905171606e-17,1.017851204539e+02,2.661644674958e-05,-1.110413151901e+00
