x,y,z,Bx,By,Bz,Ex,Ey,Ez
0.000000000000e+00,0.000000000000e+00,1.000000000000e+00,2.170629721501e-19,9.890497528109e-17,-1.609337754430e-17,-1.327100085007e+02,-3.880911703799e-03,-1.652853096611e+00
