x,y,z,Bx,By,Bz,Ex,Ey,Ez
0.000000000000e+00,0.000000000000e+00,1.000000000000e+00,1.151981857236e-11,4.901727159966e-11,-2.915347844431e-11,-3.664714120325e+06,4.893669494868e+03,-8.198923820229e+05
