x,y,z,Bx,By,Bz,Ex,Ey,Ez
0.000000000000e+00,0.000000000000e+00,1.000000000000e+00,-1.212420807495e-18,2.448343561022e-16,2.514775874937e-17,2.427343364592e+02,-7.532103829030e-03,-4.086238430085e+00
