x,y,z,Bx,By,Bz,Ex,Ey,Ez
0.000000000000e+00,0.000000000000e+00,1.000000000000e+00,-2.572701491225e-14,5.021130573362e-13,-6.754144149420e-14,4.806729708940e+04,-3.892435265718e+01,-8.391776664980e+03
