x,y,z,Bx,By,Bz,Ex,Ey,Ez
0.000000000000e+00,0.000000000000e+00,1.000000000000e+00,-6.540254798959e-19,2.038643017526e-16,-1.009026143921e-16,2.150482380768e+02,4.678937114295e-03,-3.405814006205e+00
