x,y,z,Bx,By,Bz,Ex,Ey,Ez
0.000000000000e+00,0.000000000000e+00,1.000000000000e+00,3.853874735319e-19,1.183128453195e-16,-1.068858891159e-17,-1.496185549201e+02,8.381137093413e-03,-1.978334291092e+00
