x,y,z,Bx,By,Bz,Ex,Ey,Ez
0.000000000000e+00,0.000000000000e+00,1.000000000000e+00,1.209093786861e-16,8.340110477897e-15,-9.127141121536e-16,-2.586175033498e+03,1.413807868953e-01,-1.393955737470e+02
