x,y,z,Bx,By,Bz,Ex,Ey,Ez
0.000000000000e+00,0.000000000000e+00,1.000000000000e+00,2.833469973102e-16,1.659132396990e-14,-8.413702552258e-16,-4.118648693093e+03,-5.264996286588e-01,-2.770342891941e+02
