x,y,z,Bx,By,Bz,Ex,Ey,Ez
0.000000000000e+00,0.000000000000e+00,1.000000000000e+00,1.075138418292e-18,2.388944231619e-16,-2.793718080595e-17,-2.389259572449e+02,-8.980867206357e-03,-3.989286931717e+00
