x,y,z,Bx,By,Bz,Ex,Ey,Ez
0.000000000000e+00,0.000000000000e+00,1.000000000000e+00,-3.497577498511e-19,1.166394345906e-16,-2.276610994033e-17,1.481220126818e+02,3.301293733250e-03,-1.948678907421e+00
