x,y,z,Bx,By,Bz,Ex,Ey,Ez
0.000000000000e+00,0.000000000000e+00,1.000000000000e+00,-1.328021407914e-18,3.466604909587e-16,-7.954073765177e-17,3.065804326587e+02,7.380625663402e-03,-5.793248937307e+00
