x,y,z,Bx,By,Bz,Ex,Ey,Ez
0.000000000000e+00,0.000000000000e+00,1.000000000000e+00,-2.767715463002e-19,7.091555921032e-17,3.734234660085e-18,1.062589382183e+02,-3.144148559227e-03,-1.184584148179e+00
