x,y,z,Bx,By,Bz,Ex,Ey,Ez
0.000000000000e+00,0.000000000000e+00,1.000000000000e+00,1.082685960633e-17,1.302973777038e-15,-1.409425183049e-16,-7.424686122752e+02,5.403513997352e-02,-2.176427715709e+01
