x,y,z,Bx,By,Bz,Ex,Ey,Ez
0.000000000000e+00,0.000000000000e+00,1.000000000000e+00,-7.126572154346e-18,1.018551760491e-15,-9.304868229886e-18,6.297074695092e+02,-2.959390740323e-02,-1.702031925219e+01
