x,y,z,Bx,By,Bz,Ex,Ey,Ez
0.000000000000e+00,0.000000000000e+00,1.000000000000e+00,7.402250103655e-18,1.125266044603e-15,-9.702794186355e-18,-6.725644916663e+02,8.128317371198e-03,-1.877744687067e+01
