x,y,z,Bx,By,Bz,Ex,Ey,Ez
0.000000000000e+00,0.000000000000e+00,1.000000000000e+00,1.865787445643e-19,6.726416573212e-17,3.695561317162e-18,-1.026275196012e+02,3.833516884867e-03,-1.124382287149e+00
