x,y,z,Bx,By,Bz,Ex,Ey,Ez
0.000000000000e+00,0.000000000000e+00,1.000000000000e+00,-1.309466862957e-18,2.729420169915e-16,1.168503764394e-17,2.612826116667e+02,7.022032575508e-03,-4.562645301361e+00
