x,y,z,Bx,By,Bz,Ex,Ey,Ez
0.000000000000e+00,0.000000000000e+00,1.000000000000e+00,-5.759551842891e-17,4.960512252903e-15,-9.387721121817e-16,1.821005530880e+03,2.067345964384e-01,-8.283888373209e+01
