x,y,z,Bx,By,Bz,Ex,Ey,Ez
0.000000000000e+00,0.000000000000e+00,1.000000000000e+00,4.932889366988e-19,1.328936335137e-16,-4.627368548095e-17,-1.616297969434e+02,-6.904753400073e-03,-2.220671261972e+00
