x,y,z,Bx,By,Bz,Ex,Ey,Ez
0.000000000000e+00,0.000000000000e+00,1.000000000000e+00,2.817773969764e-19,8.280795606629e-17,-2.162152679253e-17,-1.178622753661e+02,-1.940060437695e-03,-1.383526629172e+00
