x,y,z,Bx,By,Bz,Ex,Ey,Ez
0.000000000000e+00,0.000000000000e+00,1.000000000000e+00,-7.629116506925e-19,2.149175763842e-16,-8.781768997925e-17,2.227117477643e+02,-2.103685256487e-02,-3.589564937699e+00
