x,y,z,Bx,By,Bz,Ex,Ey,Ez
0.000000000000e+00,0.000000000000e+00,1.000000000000e+00,-7.053522574663e-15,1.854412513960e-13,-2.136687928899e-14,2.246539280313e+04,3.125179498892e+00,-3.099319868744e+03
