x,y,z,Bx,By,Bz,Ex,Ey,Ez
0.000000000000e+00,0.000000000000e+00,1.000000000000e+00,-2.983496436243e-19,9.677424836578e-17,1.710799085810e-17,1.306779296931e+02,-8.310939290496e-04,-1.615255795552e+00
