x,y,z,Bx,By,Bz,Ex,Ey,Ez
0.000000000000e+00,0.000000000000e+00,1.000000000000e+00,1.138743735877e-18,2.528632904683e-16,-4.538150940092e-18,-2.483155583037e+02,-8.345489218437e-03,-4.226809831979e+00
