x,y,z,Bx,By,Bz,Ex,Ey,Ez
0.000000000000e+00,0.000000000000e+00,1.000000000000e+00,-9.734628467652e-17,8.022241111003e-15,-4.888574624152e-16,2.519079832283e+03,3.179400417670e-01,-1.340631395193e+02
