x,y,z,Bx,By,Bz,Ex,Ey,Ez
0.000000000000e+00,0.000000000000e+00,1.000000000000e+00,4.645341957679e-18,7.619551312955e-16,-1.100147804660e-16,-5.184334878210e+02,4.847100774535e-02,-1.272151803773e+01
