x,y,z,Bx,By,Bz,Ex,Ey,Ez
0.000000000000e+00,0.000000000000e+00,1.000000000000e+00,-2.165901976989e-19,8.904065301726e-17,-4.204961153109e-17,1.237499126487e+02,-1.058513052732e-03,-1.488228525525e+00
