x,y,z,Bx,By,Bz,Ex,Ey,Ez
0.000000000000e+00,0.000000000000e+00,1.000000000000e+00,-1.519729906963e-18,3.109284822689e-16,-4.520304143857e-17,2.850485989934e+02,2.953364100230e-02,-5.196267330411e+00
