x,y,z,Bx,By,Bz,Ex,Ey,Ez
0.000000000000e+00,0.000000000000e+00,1.000000000000e+00,8.093825650507e-18,1.152809417331e-15,-1.284663092672e-17,-6.834966757954e+02,1.990413489694e-02,-1.923571646515e+01
