x,y,z,Bx,By,Bz,Ex,Ey,Ez
0.000000000000e+00,0.000000000000e+00,1.000000000000e+00,1.722660348066e-18,3.001250199658e-16,-5.442882842990e-17,-2.782183747038e+02,-6.426344891268e-04,-5.011412111888e+00
