x,y,z,Bx,By,Bz,Ex,Ey,Ez
0.000000000000e+00,0.000000000000e+00,1.000000000000e+00,2.735934780338e-19,8.784107404309e-17,5.494011316642e-18,-1.226081092425e+02,-2.406783297287e-03,-1.468006981043e+00
