x,y,z,Bx,By,Bz,Ex,Ey,Ez
0.000000000000e+00,0.000000000000e+00,1.000000000000e+00,-5.561007179035e-19,1.492230484748e-16,-3.258187428981e-17,1.746339866330e+02,-6.548259117857e-03,-2.494086138330e+00
