x,y,z,Bx,By,Bz,Ex,Ey,Ez
0.000000000000e+00,0.000000000000e+00,1.000000000000e+00,-2.175284170038e-19,7.484385687964e-17,-5.324199480184e-18,1.102038986064e+02,4.727679984906e-04,-1.251089209621e+00
