x,y,z,Bx,By,Bz,Ex,Ey,Ez
0.000000000000e+00,0.000000000000e+00,1.000000000000e+00,-6.057597116867e-17,5.093092485217e-15,-9.473987684918e-16,1.853557101595e+03,1.358301262284e-01,-8.504764378393e+01
