x,y,z,Bx,By,Bz,Ex,Ey,Ez
0.000000000000e+00,0.000000000000e+00,1.000000000000e+00,-4.614523839276e-17,4.147735797258e-15,-2.717819262229e-16,1.614698563896e+03,4.352450599704e-01,-6.933599429571e+01
