x,y,z,Bx,By,Bz,Ex,Ey,Ez
0.000000000000e+00,0.000000000000e+00,1.000000000000e+00,4.774360024722e-19,1.295961412900e-16,-4.871556536575e-17,-1.589140692924e+02,-1.609965174317e-03,-2.164938277131e+00
