x,y,z,Bx,By,Bz,Ex,Ey,Ez
0.000000000000e+00,0.000000000000e+00,1.000000000000e+00,4.499877125105e-16,2.282845469578e-14,-1.100571936266e-15,-5.120082092156e+03,1.161711589189e+00,-3.811247244582e+02
