x,y,z,Bx,By,Bz,Ex,Ey,Ez
0.000000000000e+00,0.000000000000e+00,1.000000000000e+00,1.930884779669e-16,1.264936508374e-14,-1.295513928270e-15,-3.428103274846e+03,-7.370702209824e-01,-2.113338726923e+02
