x,y,z,Bx,By,Bz,Ex,Ey,Ez
0.000000000000e+00,0.000000000000e+00,1.000000000000e+00,1.677734145974e-13,2.122448000082e-12,-3.911077257002e-13,-1.676311859933e+05,1.308671130182e+02,-3.547165180901e+04
