x,y,z,Bx,By,Bz,Ex,Ey,Ez
0.000000000000e+00,0.000000000000e+00,1.000000000000e+00,4.518157741205e-11,1.516693234781e-10,2.474387469258e-11,-3.944235978743e+06,5.354434724979e+05,-2.537740520902e+06
