x,y,z,Bx,By,Bz,Ex,Ey,Ez
0.000000000000e+00,0.000000000000e+00,1.000000000000e+00,5.686796554659e-18,9.986069676270e-16,-5.108027630298e-17,-6.217192053461e+02,-3.386618001692e-02,-1.669335331388e+01
