x,y,z,Bx,By,Bz,Ex,Ey,Ez
0.000000000000e+00,0.000000000000e+00,1.000000000000e+00,1.950867244377e-19,6.533290517968e-17,1.165402263982e-17,-1.006181394626e+02,1.271605441188e-03,-1.091607266819e+00
