x,y,z,Bx,By,Bz,Ex,Ey,Ez
0.000000000000e+00,0.000000000000e+00,1.000000000000e+00,1.632117533245e-19,7.256530165039e-17,-1.813632299463e-17,-1.078646084062e+02,1.703751963221e-04,-1.211318408885e+00
