x,y,z,Bx,By,Bz,Ex,Ey,Ez
0.000000000000e+00,0.000000000000e+00,1.000000000000e+00,7.983566986514e-14,1.191629811245e-12,-1.774666688433e-13,-9.865302651034e+04,1.611686606709e+01,-1.990398206373e+04
