x,y,z,Bx,By,Bz,Ex,Ey,Ez
0.000000000000e+00,0.000000000000e+00,1.000000000000e+00,7.386965200445e-19,1.787788086206e-16,-3.372441067406e-17,-1.970400719390e+02,2.270556860888e-03,-2.988718464136e+00
