x,y,z,Bx,By,Bz,Ex,Ey,Ez
0.000000000000e+00,0.000000000000e+00,1.000000000000e+00,-1.731189090675e-19,6.104664263508e-17,-1.609126748590e-17,9.620233580274e+01,1.821787776826e-03,-1.020412459102e+00
