x,y,z,Bx,By,Bz,Ex,Ey,Ez
0.000000000000e+00,0.000000000000e+00,1.000000000000e+00,-2.479658478802e-19,9.473755206179e-17,1.459723386832e-17,1.288515707498e+02,-3.804865033691e-03,-1.581472811205e+00
