x,y,z,Bx,By,Bz,Ex,Ey,Ez
0.000000000000e+00,0.000000000000e+00,1.000000000000e+00,1.872013777697e-17,2.151708546327e-15,-1.220689165134e-16,-1.038696820998e+03,3.110325259773e-02,-3.593484817961e+01
