x,y,z,Bx,By,Bz,Ex,Ey,Ez
0.000000000000e+00,0.000000000000e+00,1.000000000000e+00,1.134849966114e-16,7.903768436190e-15,-7.828470913300e-16,-2.493416202852e+03,1.740248526278e-01,-1.320744688684e+02
