x,y,z,Bx,By,Bz,Ex,Ey,Ez
0.000000000000e+00,0.000000000000e+00,1.000000000000e+00,-2.394542485671e-15,8.021961000152e-14,-8.139404381204e-15,1.226494584569e+04,-8.520353834166e-01,-1.339165062250e+03
