x,y,z,Bx,By,Bz,Ex,Ey,Ez
0.000000000000e+00,0.000000000000e+00,1.000000000000e+00,-1.320244543670e-18,3.534174275829e-16,-8.830434336828e-17,3.104954376087e+02,1.701584375529e-03,-5.904229973552e+00
