x,y,z,Bx,By,Bz,Ex,Ey,Ez
0.000000000000e+00,0.000000000000e+00,1.000000000000e+00,-1.664253957266e-18,3.790287867748e-16,-1.224642487971e-16,3.250884665447e+02,-2.823737385087e-02,-6.324878031137e+00
