x,y,z,Bx,By,Bz,Ex,Ey,Ez
0.000000000000e+00,0.000000000000e+00,1.000000000000e+00,-3.872220373378e-19,1.092423344010e-16,5.153702151895e-18,1.418173804627e+02,5.756912433883e-04,-1.825921809581e+00
