x,y,z,Bx,By,Bz,Ex,Ey,Ez
0.000000000000e+00,0.000000000000e+00,1.000000000000e+00,-1.593602047860e-18,3.758438689211e-16,-1.212048368554e-16,3.232863600183e+02,-2.393279905678e-02,-6.272308133045e+00
