x,y,z,Bx,By,Bz,Ex,Ey,Ez
0.000000000000e+00,0.000000000000e+00,1.000000000000e+00,1.215976020750e-17,1.534442734719e-15,-2.621193134767e-16,-8.286970000613e+02,-4.649139039094e-02,-2.564086052570e+01
