x,y,z,Bx,By,Bz,Ex,Ey,Ez
0.000000000000e+00,0.000000000000e+00,1.000000000000e+00,2.002050418948e-13,2.436592941348e-12,-4.779961286600e-13,-1.916121887779e+05,1.817741137597e+02,-4.072660634069e+04
