x,y,z,Bx,By,Bz,Ex,Ey,Ez
0.000000000000e+00,0.000000000000e+00,1.000000000000e+00,7.961264427155e-17,6.207684980922e-15,-3.969253419791e-16,-2.116989765555e+03,7.055685893569e-02,-1.036610838913e+02
