x,y,z,Bx,By,Bz,Ex,Ey,Ez
0.000000000000e+00,0.000000000000e+00,1.000000000000e+00,-2.442183499017e-19,9.456930387083e-17,1.353691721568e-17,1.287013341991e+02,-4.016448633710e-03,-1.578700521416e+00
