x,y,z,Bx,By,Bz,Ex,Ey,Ez
0.000000000000e+00,0.000000000000e+00,1.000000000000e+00,1.675681492938e-18,3.165304197045e-16,-2.653532426273e-17,-2.885309061430e+02,-6.435834414026e-03,-5.292436736298e+00
