x,y,z,Bx,By,Bz,Ex,Ey,Ez
0.000000000000e+00,0.000000000000e+00,1.000000000000e+00,2.852619900114e-19,8.462648994113e-17,-1.298084905671e-17,-1.195926128830e+02,-3.282955067219e-03,-1.414132345749e+00
