x,y,z,Bx,By,Bz,Ex,Ey,Ez
0.000000000000e+00,0.000000000000e+00,1.000000000000e+00,2.901958282058e-19,9.429168798248e-17,-1.928482952946e-17,-1.285583623163e+02,-1.790284120120e-04,-1.575947557123e+00
