x,y,z,Bx,By,Bz,Ex,Ey,Ez
0.000000000000e+00,0.000000000000e+00,1.000000000000e+00,-2.137008791062e-16,1.254508159660e-14,-1.629947783772e-15,3.408638976607e+03,-7.272434965966e-01,-2.095257661565e+02
