x,y,z,Bx,By,Bz,Ex,Ey,Ez
0.000000000000e+00,0.000000000000e+00,1.000000000000e+00,-2.615209230049e-18,5.021337790322e-16,-2.805740770440e-17,3.925630889365e+02,3.969590951483e-02,-8.392994993174e+00
