x,y,z,Bx,By,Bz,Ex,Ey,Ez
0.000000000000e+00,0.000000000000e+00,1.000000000000e+00,2.858780966925e-19,9.203506409693e-17,-5.571750179812e-18,-1.264774212373e+02,4.530110585457e-04,-1.537936198836e+00
