x,y,z,Bx,By,Bz,Ex,Ey,Ez
0.000000000000e+00,0.000000000000e+00,1.000000000000e+00,-4.067387660102e-19,1.064990632032e-16,-8.748121123951e-18,1.394140872410e+02,-5.588775095586e-04,-1.779707654093e+00
