x,y,z,Bx,By,Bz,Ex,Ey,Ez
0.000000000000e+00,0.000000000000e+00,1.000000000000e+00,-5.776490932058e-18,8.765811364979e-16,-8.763202295456e-17,5.693606264624e+02,-6.385444613942e-02,-1.463576678441e+01
