x,y,z,Bx,By,Bz,Ex,Ey,Ez
0.000000000000e+00,0.000000000000e+00,1.000000000000e+00,3.129343621546e-13,3.449701867664e-12,-8.049474830364e-13,-2.717335424189e+05,3.640878934160e+02,-5.766909964709e+04
