x,y,z,Bx,By,Bz,Ex,Ey,Ez
0.000000000000e+00,0.000000000000e+00,1.000000000000e+00,1.939949660212e-19,6.674722547000e-17,7.849576534819e-18,-1.020924074726e+02,3.306339396114e-03,-1.115632928444e+00
