x,y,z,Bx,By,Bz,Ex,Ey,Ez
0.000000000000e+00,0.000000000000e+00,1.000000000000e+00,4.528807237940e-19,1.505428868348e-16,2.702798038008e-17,-1.755580552484e+02,-6.263027286252e-03,-2.514486632836e+00
