x,y,z,Bx,By,Bz,Ex,Ey,Ez
0.000000000000e+00,0.000000000000e+00,1.000000000000e+00,-1.100705889892e-16,8.749261063168e-15,-8.694305329508e-16,2.669777513117e+03,3.786997614380e-01,-1.460585232308e+02
