x,y,z,Bx,By,Bz,Ex,Ey,Ez
0.000000000000e+00,0.000000000000e+00,1.000000000000e+00,-2.690679903868e-19,7.202476102022e-17,9.907200552444e-18,1.073948444261e+02,-1.958770697672e-03,-1.203650833117e+00
