x,y,z,Bx,By,Bz,Ex,Ey,Ez
0.000000000000e+00,0.000000000000e+00,1.000000000000e+00,-1.266903687126e-18,2.820409624151e-16,2.382763452435e-17,2.670380497421e+02,1.494183327286e-02,-4.713874322260e+00
