x,y,z,Bx,By,Bz,Ex,Ey,Ez
0.000000000000e+00,0.000000000000e+00,1.000000000000e+00,-6.306390525377e-19,1.934105719716e-16,-2.818164822820e-17,2.077312505847e+02,1.859405256224e-02,-3.234496363864e+00
