x,y,z,Bx,By,Bz,Ex,Ey,Ez
0.000000000000e+00,0.000000000000e+00,1.000000000000e+00,1.546538295806e-19,6.876096494859e-17,-1.132500835069e-17,-1.041492448221e+02,4.168589310710e-03,-1.149370483738e+00
