x,y,z,Bx,By,Bz,Ex,Ey,Ez
0.000000000000e+00,0.000000000000e+00,1.000000000000e+00,1.156139485068e-17,1.442857948508e-15,-2.668968313229e-16,-7.953084449219e+02,3.039090576880e-03,-2.411312687584e+01
