x,y,z,Bx,By,Bz,Ex,Ey,Ez
0.000000000000e+00,0.000000000000e+00,1.000000000000e+00,4.930471373361e-19,1.321222682552e-16,-4.771142890053e-17,-1.609973944288e+02,-5.721920938398e-03,-2.207643002815e+00
