x,y,z,Bx,By,Bz,Ex,Ey,Ez
0.000000000000e+00,0.000000000000e+00,1.000000000000e+00,-5.226255687253e-13,5.126767686595e-12,-1.509540767997e-12,4.116142711175e+05,-1.941393766206e+02,-8.551856247378e+04
