x,y,z,Bx,By,Bz,Ex,Ey,Ez
0.000000000000e+00,0.000000000000e+00,1.000000000000e+00,1.934358200277e-14,4.012521090272e-13,-4.581400152981e-14,-4.018919773023e+04,-7.365586632936e+00,-6.700927890176e+03
