x,y,z,Bx,By,Bz,Ex,Ey,Ez
0.000000000000e+00,0.000000000000e+00,1.000000000000e+00,-7.048129056893e-18,9.839841802898e-16,-9.752227571868e-18,6.153034440277e+02,-4.351170679954e-02,-1.644123175683e+01
