x,y,z,Bx,By,Bz,Ex,Ey,Ez
0.000000000000e+00,0.000000000000e+00,1.000000000000e+00,2.731138834070e-19,8.799187545573e-17,5.895574989954e-18,-1.227480092122e+02,-2.283854773446e-03,-1.470520310467e+00
