x,y,z,Bx,By,Bz,Ex,Ey,Ez
0.000000000000e+00,0.000000000000e+00,1.000000000000e+00,-5.980572084812e-17,5.059538225820e-15,-9.478371128466e-16,1.845341042368e+03,1.536611907613e-01,-8.448816034329e+01
