x,y,z,Bx,By,Bz,Ex,Ey,Ez
0.000000000000e+00,0.000000000000e+00,1.000000000000e+00,-4.557363754695e-19,1.551882143358e-16,-4.115060220546e-18,1.792294309731e+02,-8.019118625221e-03,-2.593318769997e+00
