x,y,z,Bx,By,Bz,Ex,Ey,Ez
0.000000000000e+00,0.000000000000e+00,1.000000000000e+00,-1.917286596528e-17,2.008845661688e-15,-1.829812086909e-16,9.922611967844e+02,-2.739511256308e-02,-3.355234365896e+01
