x,y,z,Bx,By,Bz,Ex,Ey,Ez
0.000000000000e+00,0.000000000000e+00,1.000000000000e+00,-1.415934407312e-18,2.999242746116e-16,-9.448558865174e-18,2.782018099961e+02,2.905780620120e-02,-5.011202867564e+00
