x,y,z,Bx,By,Bz,Ex,Ey,Ez
0.000000000000e+00,0.000000000000e+00,1.000000000000e+00,-1.096437755144e-17,1.411160609190e-15,-4.276936955261e-17,7.836442312492e+02,8.767801635664e-02,-2.359574751142e+01
