x,y,z,Bx,By,Bz,Ex,Ey,Ez
0.000000000000e+00,0.000000000000e+00,1.000000000000e+00,-3.621947586058e-19,9.954411108888e-17,-2.105635598744e-18,1.331807853284e+02,1.885254278545e-03,-1.661812108942e+00
