x,y,z,Bx,By,Bz,Ex,Ey,Ez
0.000000000000e+00,0.000000000000e+00,1.000000000000e+00,2.837495986570e-19,8.336218152957e-17,-1.982897530366e-17,-1.183908954133e+02,-2.459382558765e-03,-1.392849398428e+00
