x,y,z,Bx,By,Bz,Ex,Ey,Ez
0.000000000000e+00,0.000000000000e+00,1.000000000000e+00,5.639201485300e-11,1.658763735109e-10,8.191075267796e-11,-6.884651976940e+05,-2.823877090780e+05,-2.771495370378e+06
