x,y,z,Bx,By,Bz,Ex,Ey,Ez
0.000000000000e+00,0.000000000000e+00,1.000000000000e+00,5.796291298446e-18,9.718554568086e-16,-6.972381971238e-17,-6.106983692032e+02,-3.679640533626e-02,-1.625241959308e+01
