x,y,z,Bx,By,Bz,Ex,Ey,Ez
0.000000000000e+00,0.000000000000e+00,1.000000000000e+00,5.772276004861e-18,9.756097392166e-16,-6.691714212068e-17,-6.122545725067e+02,-3.658392263493e-02,-1.631444237020e+01
