x,y,z,Bx,By,Bz,Ex,Ey,Ez
0.000000000000e+00,0.000000000000e+00,1.000000000000e+00,-2.758608724046e-18,5.326373618069e-16,-8.350635299667e-17,4.083082895286e+02,3.584803885615e-02,-8.899950819387e+00
