x,y,z,Bx,By,Bz,Ex,Ey,Ez
0.000000000000e+00,0.000000000000e+00,1.000000000000e+00,-1.342109696644e-18,3.438252241437e-16,-7.682197713080e-17,3.049249802355e+02,9.555212004938e-03,-5.746546860949e+00
