x,y,z,Bx,By,Bz,Ex,Ey,Ez
0.000000000000e+00,0.000000000000e+00,1.000000000000e+00,-2.703987139185e-18,4.279297833093e-16,4.678202702056e-17,3.525657449227e+02,-4.913945058044e-02,-7.147273455045e+00
