x,y,z,Bx,By,Bz,Ex,Ey,Ez
0.000000000000e+00,0.000000000000e+00,1.000000000000e+00,-1.293984048219e-18,2.483533988854e-16,1.315153197768e-17,2.450923926862e+02,-4.363290713511e-03,-4.145854085857e+00
