x,y,z,Bx,By,Bz,Ex,Ey,Ez
0.000000000000e+00,0.000000000000e+00,1.000000000000e+00,-2.764249240827e-18,4.467830439469e-16,9.601539963820e-17,3.629928575922e+02,-2.237729315911e-02,-7.467218505275e+00
