x,y,z,Bx,By,Bz,Ex,Ey,Ez
0.000000000000e+00,0.000000000000e+00,1.000000000000e+00,-2.606939255281e-18,4.899885442818e-16,9.659616574808e-18,3.861988124610e+02,3.453668857251e-02,-8.191095989153e+00
