x,y,z,Bx,By,Bz,Ex,Ey,Ez
0.000000000000e+00,0.000000000000e+00,1.000000000000e+00,2.510636291136e-18,4.852071577962e-16,-8.833489412193e-17,-3.839806467122e+02,6.965717092427e-04,-8.116626979343e+00
