x,y,z,Bx,By,Bz,Ex,Ey,Ez
0.000000000000e+00,0.000000000000e+00,1.000000000000e+00,1.362687156974e-16,9.315379535277e-15,-1.178952019054e-15,-2.787861271534e+03,-2.055590779074e-02,-1.557367904222e+02
