x,y,z,Bx,By,Bz,Ex,Ey,Ez
0.000000000000e+00,0.000000000000e+00,1.000000000000e+00,-3.568631830180e-13,3.844984788395e-12,-9.787565448393e-13,3.034018095181e+05,-1.634736908919e+02,-6.414488347205e+04
