x,y,z,Bx,By,Bz,Ex,Ey,Ez
0.000000000000e+00,0.000000000000e+00,1.000000000000e+00,7.281998528663e-15,1.895719646438e-13,-2.008599345829e-14,-2.280127888554e+04,-9.498844362810e+00,-3.166599861403e+03
