x,y,z,Bx,By,Bz,Ex,Ey,Ez
0.000000000000e+00,0.000000000000e+00,1.000000000000e+00,5.698263012786e-18,1.014385532227e-15,-4.169951283457e-17,-6.281529703956e+02,-3.075172910724e-02,-1.695257875854e+01
