x,y,z,Bx,By,Bz,Ex,Ey,Ez
0.000000000000e+00,0.000000000000e+00,1.000000000000e+00,-7.962745097861e-19,2.230929664036e-16,-2.203223119248e-17,2.282604282975e+02,-2.934739532076e-02,-3.725281111016e+00
