x,y,z,Bx,By,Bz,Ex,Ey,Ez
0.000000000000e+00,0.000000000000e+00,1.000000000000e+00,9.658887713047e-19,2.047793400867e-16,-2.605951983779e-17,-2.156559037805e+02,5.267731596059e-03,-3.421559371157e+00
