x,y,z,Bx,By,Bz,Ex,Ey,Ez
0.000000000000e+00,0.000000000000e+00,1.000000000000e+00,3.149942838142e-17,3.216724004683e-15,-3.410941693943e-16,-1.361359906799e+03,4.932381512921e-02,-5.376012631749e+01
