x,y,z,Bx,By,Bz,Ex,Ey,Ez
0.000000000000e+00,0.000000000000e+00,1.000000000000e+00,2.419293879948e-18,4.266268105137e-16,-1.497288053645e-17,-3.519543781359e+02,9.090794773547e-03,-7.126332556152e+00
