x,y,z,Bx,By,Bz,Ex,Ey,Ez
0.000000000000e+00,0.000000000000e+00,1.000000000000e+00,2.088337568956e-17,2.285342442476e-15,-1.738743759769e-16,-1.081477488618e+03,4.701240044137e-02,-3.816281054020e+01
