x,y,z,Bx,By,Bz,Ex,Ey,Ez
0.000000000000e+00,0.000000000000e+00,1.000000000000e+00,4.070071429178e-18,6.979851823060e-16,1.429486203930e-17,-4.891937047991e+02,3.726966858961e-02,-1.166682241285e+01
