x,y,z,Bx,By,Bz,Ex,Ey,Ez
0.000000000000e+00,0.000000000000e+00,1.000000000000e+00,-1.749983860393e-12,1.236636134198e-11,-5.806095733381e-12,1.090812877585e+06,2.732809243181e+02,-2.063924783785e+05
