x,y,z,Bx,By,Bz,Ex,Ey,Ez
0.000000000000e+00,0.000000000000e+00,1.000000000000e+00,-8.336507771775e-17,6.243483040035e-15,-4.151924863027e-16,2.127318245083e+03,-1.392359291522e-01,-1.043915646454e+02
