x,y,z,Bx,By,Bz,Ex,Ey,Ez
0.000000000000e+00,0.000000000000e+00,1.000000000000e+00,-2.596202065233e-19,8.647540366242e-17,-2.942653340011e-17,1.213693457398e+02,3.955671391099e-03,-1.445608412537e+00
