x,y,z,Bx,By,Bz,Ex,Ey,Ez
0.000000000000e+00,0.000000000000e+00,1.000000000000e+00,-1.226776436097e-19,6.569624257052e-17,-1.316574175147e-17,1.009427052053e+02,7.612417881196e-04,-1.096667480542e+00
