x,y,z,Bx,By,Bz,Ex,Ey,Ez
0.000000000000e+00,0.000000000000e+00,1.000000000000e+00,2.505084302013e-16,1.521242212579e-14,-9.756631146372e-16,-3.883381336271e+03,-7.349430586010e-01,-2.540425595517e+02
