x,y,z,Bx,By,Bz,Ex,Ey,Ez
0.000000000000e+00,0.000000000000e+00,1.000000000000e+00,-4.604778973474e-18,7.006505217447e-16,-1.010647432591e-16,4.904530929573e+02,1.531125521609e-02,-1.170674633433e+01
