x,y,z,Bx,By,Bz,Ex,Ey,Ez
0.000000000000e+00,0.000000000000e+00,1.000000000000e+00,-2.124796823121e-17,2.365243921441e-15,-3.520789867142e-16,1.107971315250e+03,-6.369586733083e-02,-3.954597025026e+01
