x,y,z,Bx,By,Bz,Ex,Ey,Ez
0.000000000000e+00,0.000000000000e+00,1.000000000000e+00,7.967074762441e-19,1.753684420687e-16,-4.011994240662e-17,-1.944998193967e+02,4.652086865849e-03,-2.931187955488e+00
