x,y,z,Bx,By,Bz,Ex,Ey,Ez
0.000000000000e+00,0.000000000000e+00,1.000000000000e+00,-2.011146985718e-19,7.723342017429e-17,-1.554021423154e-17,1.125066115951e+02,-5.522187098081e-04,-1.290434692766e+00
