x,y,z,Bx,By,Bz,Ex,Ey,Ez
0.000000000000e+00,0.000000000000e+00,1.000000000000e+00,-7.098588477075e-18,1.002968062307e-15,-7.861252475979e-18,6.232424926604e+02,-3.592456704477e-02,-1.675965174856e+01
