x,y,z,Bx,By,Bz,Ex,Ey,Ez
0.000000000000e+00,0.000000000000e+00,1.000000000000e+00,-2.430953302260e-18,4.101252709001e-16,-3.831994388066e-17,3.426070816973e+02,-5.746149859949e-02,-6.845131804188e+00
