x,y,z,Bx,By,Bz,Ex,Ey,Ez
0.000000000000e+00,0.000000000000e+00,1.000000000000e+00,-2.606730042152e-18,4.960098609460e-16,-9.699153154312e-18,3.893615239922e+02,3.772128188771e-02,-8.291223046136e+00
