x,y,z,Bx,By,Bz,Ex,Ey,Ez
0.000000000000e+00,0.000000000000e+00,1.000000000000e+00,1.081745679002e-13,1.507728517803e-12,-2.422865370719e-13,-1.217870545557e+05,4.700736603116e+01,-2.518913568273e+04
