x,y,z,Bx,By,Bz,Ex,Ey,Ez
0.000000000000e+00,0.000000000000e+00,1.000000000000e+00,-1.211225739946e-17,1.657255470539e-15,-2.737462088667e-16,8.722061142750e+02,8.345568712147e-02,-2.767268111300e+01
