x,y,z,Bx,By,Bz,Ex,Ey,Ez
0.000000000000e+00,0.000000000000e+00,1.000000000000e+00,3.753771194725e-11,1.224415317104e-10,1.980723989485e-10,2.320448236458e+06,-7.157223307068e+04,-2.054248671426e+06
