x,y,z,Bx,By,Bz,Ex,Ey,Ez
0.000000000000e+00,0.000000000000e+00,1.000000000000e+00,-2.741017408430e-19,8.212931621747e-17,1.660232805398e-17,1.171934253125e+02,2.212254860980e-03,-1.371965359543e+00
