x,y,z,Bx,By,Bz,Ex,Ey,Ez
0.000000000000e+00,0.000000000000e+00,1.000000000000e+00,-2.679435004301e-18,4.255008737946e-16,3.638514442018e-17,3.512120724924e+02,-5.147604580549e-02,-7.105986779171e+00
