x,y,z,Bx,By,Bz,Ex,Ey,Ez
0.000000000000e+00,0.000000000000e+00,1.000000000000e+00,4.527586422927e-19,1.278610050607e-16,-4.584475609160e-17,-1.574779369969e+02,1.167142983129e-03,-2.135692911565e+00
