x,y,z,Bx,By,Bz,Ex,Ey,Ez
0.000000000000e+00,0.000000000000e+00,1.000000000000e+00,4.270073467854e-18,7.407003596787e-16,-6.754416326273e-17,-5.087971003388e+02,5.130815160384e-02,-1.237052682148e+01
