x,y,z,Bx,By,Bz,Ex,Ey,Ez
0.000000000000e+00,0.000000000000e+00,1.000000000000e+00,5.011761628324e-14,8.323198845358e-13,-1.134273788725e-13,-7.246172530543e+04,-2.561495658300e+00,-1.390036962647e+04
