x,y,z,Bx,By,Bz,Ex,Ey,Ez
0.000000000000e+00,0.000000000000e+00,1.000000000000e+00,1.290659618023e-17,1.611958120209e-15,-2.111379464700e-16,-8.563849229726e+02,-7.794994201603e-02,-2.693312475321e+01
