x,y,z,Bx,By,Bz,Ex,Ey,Ez
0.000000000000e+00,0.000000000000e+00,1.000000000000e+00,-2.004026697637e-19,7.684833729686e-17,-1.582996472266e-17,1.121386537069e+02,-3.001704469306e-04,-1.284112290584e+00
