x,y,z,Bx,By,Bz,Ex,Ey,Ez
0.000000000000e+00,0.000000000000e+00,1.000000000000e+00,-2.147570774186e-17,2.452364310841e-15,-4.231786379228e-16,1.135115908321e+03,-1.010708604864e-01,-4.099717032080e+01
