x,y,z,Bx,By,Bz,Ex,Ey,Ez
0.000000000000e+00,0.000000000000e+00,1.000000000000e+00,1.665392068970e-19,6.171385873441e-17,-1.012000681294e-17,-9.688091752488e+01,-5.839065200993e-04,-1.031332459004e+00
