x,y,z,Bx,By,Bz,Ex,Ey,Ez
0.000000000000e+00,0.000000000000e+00,1.000000000000e+00,4.887485866258e-18,7.728332935889e-16,-1.288849657476e-16,-5.233525505148e+02,4.469103249423e-02,-1.290203480667e+01
