x,y,z,Bx,By,Bz,Ex,Ey,Ez
0.000000000000e+00,0.000000000000e+00,1.000000000000e+00,2.571124104909e-19,7.616154661663e-17,1.930788304969e-18,-1.114089190978e+02,6.717371109379e-05,-1.271603546211e+00
