x,y,z,Bx,By,Bz,Ex,Ey,Ez
0.000000000000e+00,0.000000000000e+00,1.000000000000e+00,-1.598062487490e-17,1.844383644072e-15,-2.677521267242e-16,9.367215054419e+02,1.389664222183e-03,-3.078442511224e+01
