x,y,z,Bx,By,Bz,Ex,Ey,Ez
0.000000000000e+00,0.000000000000e+00,1.000000000000e+00,-1.082325725584e-17,1.473912021353e-15,-8.785334328792e-17,8.068344602682e+02,1.057943646436e-01,-2.464258779593e+01
