x,y,z,Bx,By,Bz,Ex,Ey,Ez
0.000000000000e+00,0.000000000000e+00,1.000000000000e+00,1.945100203890e-18,3.756717539309e-16,-4.980729781060e-17,-3.232147351910e+02,7.287917816028e-03,-6.272701267338e+00
