x,y,z,Bx,By,Bz,Ex,Ey,Ez
0.000000000000e+00,0.000000000000e+00,1.000000000000e+00,-6.968568128428e-17,5.480994177979e-15,-8.376892130360e-16,1.947543410440e+03,-4.378948341472e-02,-9.154037294574e+01
