x,y,z,Bx,By,Bz,Ex,Ey,Ez
0.000000000000e+00,0.000000000000e+00,1.000000000000e+00,-6.943284943957e-19,2.071596337513e-16,-1.102479346398e-16,2.173442854016e+02,-3.198023656977e-03,-3.460378348345e+00
