x,y,z,Bx,By,Bz,Ex,Ey,Ez
0.000000000000e+00,0.000000000000e+00,1.000000000000e+00,8.017361578013e-19,1.688937254139e-16,-2.986515875119e-17,-1.895557500515e+02,9.368286936470e-03,-2.820423676669e+00
