x,y,z,Bx,By,Bz,Ex,Ey,Ez
0.000000000000e+00,0.000000000000e+00,1.000000000000e+00,-1.177355022613e-19,6.342951457679e-17,-3.857500912154e-18,9.867965054114e+01,9.651853040222e-04,-1.060045272152e+00
