x,y,z,Bx,By,Bz,Ex,Ey,Ez
0.000000000000e+00,0.000000000000e+00,1.000000000000e+00,2.813718778353e-19,8.606376922712e-17,-3.288570523839e-18,-1.209489320462e+02,-3.397443178282e-03,-1.438289039977e+00
