x,y,z,Bx,By,Bz,Ex,Ey,Ez
0.000000000000e+00,0.000000000000e+00,1.000000000000e+00,-1.066752134055e-17,1.297023157730e-15,-3.478097311282e-17,7.402226486798e+02,4.285069349757e-02,-2.167290541931e+01
