x,y,z,Bx,By,Bz,Ex,Ey,Ez
0.000000000000e+00,0.000000000000e+00,1.000000000000e+00,9.420152359041e-19,2.649846856254e-16,8.792196127187e-18,-2.561541244734e+02,-1.543235261264e-03,-4.428289700586e+00
