x,y,z,Bx,By,Bz,Ex,Ey,Ez
0.000000000000e+00,0.000000000000e+00,1.000000000000e+00,-2.357281260799e-19,6.876808672632e-17,-1.796515920784e-17,1.040429057146e+02,-2.832001121817e-03,-1.147614982310e+00
