x,y,z,Bx,By,Bz,Ex,Ey,Ez
0.000000000000e+00,0.000000000000e+00,1.000000000000e+00,-2.385970811969e-11,9.578495494835e-11,1.880360017730e-10,-1.827593695589e+06,-1.685718754012e+04,-1.598848607171e+06
