x,y,z,Bx,By,Bz,Ex,Ey,Ez
0.000000000000e+00,0.000000000000e+00,1.000000000000e+00,-4.861189893244e-12,2.553590867983e-11,-1.527044616462e-11,2.255817248222e+06,4.597501289401e+03,-4.266374250308e+05
