x,y,z,Bx,By,Bz,Ex,Ey,Ez
0.000000000000e+00,0.000000000000e+00,1.000000000000e+00,-1.482958883150e-17,1.793218398452e-15,-2.911644834194e-16,9.192360714106e+02,2.087763574315e-02,-2.992937403202e+01
