x,y,z,Bx,By,Bz,Ex,Ey,Ez
0.000000000000e+00,0.000000000000e+00,1.000000000000e+00,2.914568732757e-19,9.331732818882e-17,-1.388702809191e-17,-1.276604534534e+02,3.229828338251e-04,-1.559506274398e+00
