x,y,z,Bx,By,Bz,Ex,Ey,Ez
0.000000000000e+00,0.000000000000e+00,1.000000000000e+00,3.420153857820e-15,1.072610910223e-13,-1.170949187265e-14,-1.508763564200e+04,-5.510462913773e+00,-1.791239057148e+03
