x,y,z,Bx,By,Bz,Ex,Ey,Ez
0.000000000000e+00,0.000000000000e+00,1.000000000000e+00,-1.348009779537e-18,3.593614982686e-16,-9.802456590858e-17,3.139101904291e+02,-4.036659147248e-03,-6.001655286669e+00
