x,y,z,Bx,By,Bz,Ex,Ey,Ez
0.000000000000e+00,0.000000000000e+00,1.000000000000e+00,5.291445011710e-17,4.618805602862e-15,-3.901012693360e-16,-1.735248666641e+03,-8.215625757226e-02,-7.714540013157e+01
