x,y,z,Bx,By,Bz,Ex,Ey,Ez
0.000000000000e+00,0.000000000000e+00,1.000000000000e+00,-1.090491784296e-17,1.435764452168e-15,-5.717107618956e-17,7.927965132803e+02,9.589523414116e-02,-2.400722348059e+01
