x,y,z,Bx,By,Bz,Ex,Ey,Ez
0.000000000000e+00,0.000000000000e+00,1.000000000000e+00,6.390484303352e-18,8.445769497960e-16,-1.678689530840e-16,-5.556801419320e+02,8.280960084122e-04,-1.411110355284e+01
