x,y,z,Bx,By,Bz,Ex,Ey,Ez
0.000000000000e+00,0.000000000000e+00,1.000000000000e+00,3.719090304991e-18,5.905551832997e-16,-3.112455116824e-17,-4.369225014865e+02,-3.301402515449e-02,-9.850994516225e+00
