x,y,z,Bx,By,Bz,Ex,Ey,Ez
0.000000000000e+00,0.000000000000e+00,1.000000000000e+00,4.317240677182e-18,6.678067756986e-16,4.358324727506e-17,-4.749782021191e+02,1.448570598254e-02,-1.116455415434e+01
