x,y,z,Bx,By,Bz,Ex,Ey,Ez
0.000000000000e+00,0.000000000000e+00,1.000000000000e+00,6.161131596756e-18,9.320283876461e-16,-1.021569428583e-16,-5.939664685905e+02,-3.453608406545e-02,-1.559058172783e+01
