x,y,z,Bx,By,Bz,Ex,Ey,Ez
0.000000000000e+00,0.000000000000e+00,1.000000000000e+00,2.446771111879e-19,7.543263983444e-17,1.924872177738e-19,-1.106856996187e+02,-3.498488235578e-04,-1.259233722456e+00
