x,y,z,Bx,By,Bz,Ex,Ey,Ez
0.000000000000e+00,0.000000000000e+00,1.000000000000e+00,1.213332861515e-12,9.523304402118e-12,-3.934583143659e-12,-8.214463545741e+05,1.368634744509e+03,-1.591708694204e+05
