x,y,z,Bx,By,Bz,Ex,Ey,Ez
0.000000000000e+00,0.000000000000e+00,1.000000000000e+00,4.808173183225e-19,1.088299460713e-16,1.021567649230e-17,-1.412887054376e+02,3.681442402247e-03,-1.815927807395e+00
