x,y,z,Bx,By,Bz,Ex,Ey,Ez
0.000000000000e+00,0.000000000000e+00,1.000000000000e+00,-2.180274316442e-17,2.530733228888e-15,-4.656551272136e-16,1.159162277516e+03,-1.431931192315e-01,-4.229828408091e+01
