x,y,z,Bx,By,Bz,Ex,Ey,Ez
0.000000000000e+00,0.000000000000e+00,1.000000000000e+00,2.580836061232e-18,4.378699264478e-16,-2.449446895854e-17,-3.581690196881e+02,1.195537102364e-02,-7.315341234429e+00
