x,y,z,Bx,By,Bz,Ex,Ey,Ez
0.000000000000e+00,0.000000000000e+00,1.000000000000e+00,-2.636623668743e-18,4.768157781804e-16,5.236392721164e-17,3.792242681705e+02,2.294976503851e-02,-7.971648825482e+00
