x,y,z,Bx,By,Bz,Ex,Ey,Ez
0.000000000000e+00,0.000000000000e+00,1.000000000000e+00,-1.642547127595e-13,2.121719956275e-12,-4.122584013777e-13,1.676791202388e+05,-8.688750774786e+01,-3.541574373037e+04
