x,y,z,Bx,By,Bz,Ex,Ey,Ez
0.000000000000e+00,0.000000000000e+00,1.000000000000e+00,-6.103888732995e-19,1.956273344465e-16,-4.489639257091e-17,2.092912637351e+02,1.749688743443e-02,-3.270728967799e+00
