x,y,z,Bx,By,Bz,Ex,Ey,Ez
0.000000000000e+00,0.000000000000e+00,1.000000000000e+00,7.202631261665e-19,1.650786821024e-16,-1.130487951806e-17,-1.866218767003e+02,1.011304928563e-02,-2.755422356397e+00
