x,y,z,Bx,By,Bz,Ex,Ey,Ez
0.000000000000e+00,0.000000000000e+00,1.000000000000e+00,2.713186453857e-19,8.010253665147e-17,-1.638068766447e-17,-1.152676936354e+02,6.672413598161e-04,-1.338135206379e+00
