x,y,z,Bx,By,Bz,Ex,Ey,Ez
0.000000000000e+00,0.000000000000e+00,1.000000000000e+00,1.654437390936e-19,6.296345201306e-17,-4.104810319853e-18,-9.816998408262e+01,-8.848495605972e-04,-1.051989945792e+00
