x,y,z,Bx,By,Bz,Ex,Ey,Ez
0.000000000000e+00,0.000000000000e+00,1.000000000000e+00,9.270333735803e-14,1.337636741913e-12,-2.063764618519e-13,-1.093125708128e+05,2.900875064557e+01,-2.234486580370e+04
