x,y,z,Bx,By,Bz,Ex,Ey,Ez
0.000000000000e+00,0.000000000000e+00,1.000000000000e+00,-4.438436415227e-19,1.561768490723e-16,5.469408078304e-20,1.799716507793e+02,-7.655319017346e-03,-2.609469929236e+00
