x,y,z,Bx,By,Bz,Ex,Ey,Ez
0.000000000000e+00,0.000000000000e+00,1.000000000000e+00,-4.799080799592e-19,1.383192801110e-16,-1.719152855483e-17,1.659313591696e+02,3.197005312132e-03,-2.310218900973e+00
