x,y,z,Bx,By,Bz,Ex,Ey,Ez
0.000000000000e+00,0.000000000000e+00,1.000000000000e+00,-1.324607157955e-18,3.476137289409e-16,-8.058679668479e-17,3.071352202494e+02,6.625164706616e-03,-5.808929978197e+00
