x,y,z,Bx,By,Bz,Ex,Ey,Ez
0.000000000000e+00,0.000000000000e+00,1.000000000000e+00,1.364445486227e-17,1.679227276332e-15,-1.512458337264e-16,-8.800689121149e+02,-9.058973729721e-02,-2.805584142605e+01
