x,y,z,Bx,By,Bz,Ex,Ey,Ez
0.000000000000e+00,0.000000000000e+00,1.000000000000e+00,2.078641054888e-18,3.872952094174e-16,-4.751624254569e-17,-3.299078328091e+02,4.545186422077e-03,-6.468241568452e+00
