x,y,z,Bx,By,Bz,Ex,Ey,Ez
0.000000000000e+00,0.000000000000e+00,1.000000000000e+00,-3.249749120025e-18,5.955644330449e-16,-5.604473449617e-17,4.398144821247e+02,1.993481846882e-02,-9.946490570175e+00
