x,y,z,Bx,By,Bz,Ex,Ey,Ez
0.000000000000e+00,0.000000000000e+00,1.000000000000e+00,2.003872373521e-16,1.299545645267e-14,-1.257389375606e-15,-3.491109008990e+03,-7.708699136830e-01,-2.170961962269e+02
