x,y,z,Bx,By,Bz,Ex,Ey,Ez
0.000000000000e+00,0.000000000000e+00,1.000000000000e+00,7.032922193759e-19,1.915449005626e-16,-1.937254513866e-18,-2.061759578885e+02,2.578653239838e-03,-3.198868882694e+00
