x,y,z,Bx,By,Bz,Ex,Ey,Ez
0.000000000000e+00,0.000000000000e+00,1.000000000000e+00,2.604157234985e-18,4.794165453067e-16,-8.405520520979e-17,-3.808941507837e+02,3.715106643712e-03,-8.019361025660e+00
