x,y,z,Bx,By,Bz,Ex,Ey,Ez
0.000000000000e+00,0.000000000000e+00,1.000000000000e+00,4.429712462646e-16,2.258274247279e-14,-1.062218641842e-15,-5.082217879988e+03,1.091342365198e+00,-3.770190833244e+02
