x,y,z,Bx,By,Bz,Ex,Ey,Ez
0.000000000000e+00,0.000000000000e+00,1.000000000000e+00,-1.341277761421e-17,1.727615215147e-15,-3.005542448644e-16,8.966565875739e+02,5.109153421711e-02,-2.883787820823e+01
