x,y,z,Bx,By,Bz,Ex,Ey,Ez
0.000000000000e+00,0.000000000000e+00,1.000000000000e+00,1.907210007915e-19,6.493446845482e-17,1.043501622558e-17,-1.002033831563e+02,6.901739285051e-04,-1.084868232942e+00
