x,y,z,Bx,By,Bz,Ex,Ey,Ez
0.000000000000e+00,0.000000000000e+00,1.000000000000e+00,4.883076808430e-19,1.090232577015e-16,9.673634892114e-18,-1.414621994754e+02,3.882992734307e-03,-1.819270547484e+00
