x,y,z,Bx,By,Bz,Ex,Ey,Ez
0.000000000000e+00,0.000000000000e+00,1.000000000000e+00,-2.282165537553e-19,8.827030161524e-17,-4.239725857603e-17,1.230437000318e+02,6.058024712014e-04,-1.475520282238e+00
