x,y,z,Bx,By,Bz,Ex,Ey,Ez
0.000000000000e+00,0.000000000000e+00,1.000000000000e+00,2.067314840674e-19,7.399284318489e-17,-8.190906828683e-18,-1.092613805084e+02,-6.175789025869e-04,-1.234966691585e+00
