x,y,z,Bx,By,Bz,Ex,Ey,Ez
0.000000000000e+00,0.000000000000e+00,1.000000000000e+00,-7.795361015420e-19,2.189461658704e-16,-5.728503995903e-17,2.254615901926e+02,-2.690995616835e-02,-3.656580008950e+00
