x,y,z,Bx,By,Bz,Ex,Ey,Ez
0.000000000000e+00,0.000000000000e+00,1.000000000000e+00,-2.156653781239e-17,2.478098836839e-15,-4.399204580408e-16,1.143050244587e+03,-1.142374321329e-01,-4.142484571476e+01
