x,y,z,Bx,By,Bz,Ex,Ey,Ez
0.000000000000e+00,0.000000000000e+00,1.000000000000e+00,-1.085110191878e-19,6.465150491349e-17,-6.207333010280e-18,9.990410400093e+01,1.092494594649e-03,-1.079809832452e+00
