x,y,z,Bx,By,Bz,Ex,Ey,Ez
0.000000000000e+00,0.000000000000e+00,1.000000000000e+00,-2.626927452660e-18,4.796981386190e-16,4.335344962363e-17,3.807572584371e+02,2.603205274312e-02,-8.019729625384e+00
