x,y,z,Bx,By,Bz,Ex,Ey,Ez
0.000000000000e+00,0.000000000000e+00,1.000000000000e+00,-1.282815002919e-18,2.871246564432e-16,2.210555023541e-17,2.702202207205e+02,1.986839561503e-02,-4.798096564443e+00
