x,y,z,Bx,By,Bz,Ex,Ey,Ez
0.000000000000e+00,0.000000000000e+00,1.000000000000e+00,8.616056568527e-19,1.980829902425e-16,-8.750187956766e-18,-2.108340681574e+02,5.121316102691e-03,-3.307732150484e+00
