x,y,z,Bx,By,Bz,Ex,Ey,Ez
0.000000000000e+00,0.000000000000e+00,1.000000000000e+00,-6.999693613089e-19,2.076347412005e-16,-1.106738706501e-16,2.176748543702e+02,-4.381315851423e-03,-3.468268719238e+00
