x,y,z,Bx,By,Bz,Ex,Ey,Ez
0.000000000000e+00,0.000000000000e+00,1.000000000000e+00,-4.815150574993e-17,4.387860001481e-15,-5.612204557947e-16,1.677116452036e+03,4.376260594790e-01,-7.333200914504e+01
