x,y,z,Bx,By,Bz,Ex,Ey,Ez
0.000000000000e+00,0.000000000000e+00,1.000000000000e+00,-5.650555039998e-19,1.442347046886e-16,-4.116877182972e-17,1.706639711395e+02,-1.392003944109e-03,-2.409524288763e+00
