x,y,z,Bx,By,Bz,Ex,Ey,Ez
0.000000000000e+00,0.000000000000e+00,1.000000000000e+00,1.885918185525e-13,2.325490615839e-12,-4.464562965399e-13,-1.830852166990e+05,1.632923839928e+02,-3.886815726310e+04
