x,y,z,Bx,By,Bz,Ex,Ey,Ez
0.000000000000e+00,0.000000000000e+00,1.000000000000e+00,2.681137360851e-19,1.043754346730e-16,1.250501308986e-17,-1.373894628235e+02,-1.648028799591e-03,-1.741228111203e+00
