x,y,z,Bx,By,Bz,Ex,Ey,Ez
0.000000000000e+00,0.000000000000e+00,1.000000000000e+00,1.914360999773e-19,6.695305222413e-17,6.330770268195e-18,-1.023059130901e+02,3.537880710618e-03,-1.119121843332e+00
