x,y,z,Bx,By,Bz,Ex,Ey,Ez
0.000000000000e+00,0.000000000000e+00,1.000000000000e+00,2.600917570422e-14,5.028230969301e-13,-6.084920252612e-14,-4.800133610426e+04,-5.616650109116e+00,-8.397053438327e+03
