x,y,z,Bx,By,Bz,Ex,Ey,Ez
0.000000000000e+00,0.000000000000e+00,1.000000000000e+00,5.408092677071e-19,1.115564659822e-16,2.529467087988e-18,-1.437477838217e+02,6.012653530483e-03,-1.863458696632e+00
