x,y,z,Bx,By,Bz,Ex,Ey,Ez
0.000000000000e+00,0.000000000000e+00,1.000000000000e+00,-2.692211154649e-18,4.267130467761e-16,4.166017543692e-17,3.518878742061e+02,-5.035223851706e-02,-7.126590786296e+00
