x,y,z,Bx,By,Bz,Ex,Ey,Ez
0.000000000000e+00,0.000000000000e+00,1.000000000000e+00,-3.322930308584e-13,3.642147115893e-12,-9.030469392622e-13,2.868263182496e+05,-1.562045490952e+02,-6.076312930319e+04
