x,y,z,Bx,By,Bz,Ex,Ey,Ez
0.000000000000e+00,0.000000000000e+00,1.000000000000e+00,-3.579854828806e-19,1.123158815173e-16,3.480652828372e-18,1.444665208075e+02,3.006186204060e-03,-1.877224487674e+00
