x,y,z,Bx,By,Bz,Ex,Ey,Ez
0.000000000000e+00,0.000000000000e+00,1.000000000000e+00,-1.540000293042e-17,1.818586157584e-15,-2.807973492985e-16,9.279181135717e+02,1.062647129450e-02,-3.035289082756e+01
