x,y,z,Bx,By,Bz,Ex,Ey,Ez
0.000000000000e+00,0.000000000000e+00,1.000000000000e+00,4.761407644810e-19,1.543559085234e-16,3.005683796897e-17,-1.784693305450e+02,-5.077337140756e-04,-2.577292049932e+00
