x,y,z,Bx,By,Bz,Ex,Ey,Ez
0.000000000000e+00,0.000000000000e+00,1.000000000000e+00,1.763164262762e-18,3.031470964285e-16,-5.290710173193e-17,-2.801411150656e+02,-2.268723368089e-03,-5.063410781017e+00
