x,y,z,Bx,By,Bz,Ex,Ey,Ez
0.000000000000e+00,0.000000000000e+00,1.000000000000e+00,-2.236672657279e-15,7.641806426129e-14,-8.141962691602e-15,1.185122510528e+04,-6.563235165468e-01,-1.275524319358e+03
