x,y,z,Bx,By,Bz,Ex,Ey,Ez
0.000000000000e+00,0.000000000000e+00,1.000000000000e+00,-2.672522172680e-18,5.178941784184e-16,-6.513370921380e-17,4.007382000152e+02,3.989994546623e-02,-8.654848974212e+00
