x,y,z,Bx,By,Bz,Ex,Ey,Ez
0.000000000000e+00,0.000000000000e+00,1.000000000000e+00,2.352775284716e-18,4.217328021015e-16,-1.423592769851e-17,-3.492456226239e+02,7.580339443944e-03,-7.044409877188e+00
