x,y,z,Bx,By,Bz,Ex,Ey,Ez
0.000000000000e+00,0.000000000000e+00,1.000000000000e+00,4.508020040449e-19,1.436130518879e-16,1.318997025618e-18,-1.701859459451e+02,-1.338470512131e-02,-2.399741388987e+00
