x,y,z,Bx,By,Bz,Ex,Ey,Ez
0.000000000000e+00,0.000000000000e+00,1.000000000000e+00,6.690249032331e-19,1.894000818357e-16,-3.826655771466e-18,-2.046589657797e+02,1.707699840030e-03,-3.163651263427e+00
