x,y,z,Bx,By,Bz,Ex,Ey,Ez
0.000000000000e+00,0.000000000000e+00,1.000000000000e+00,-5.608669952999e-14,9.217534568483e-13,-1.304923092303e-13,7.914599254890e+04,-5.338944326543e+01,-1.539944788776e+04
