x,y,z,Bx,By,Bz,Ex,Ey,Ez
0.000000000000e+00,0.000000000000e+00,1.000000000000e+00,-1.663142217057e-15,6.242009519372e-14,-7.808247763566e-15,1.028022634143e+04,1.077818047408e+00,-1.041613444289e+03
