x,y,z,Bx,By,Bz,Ex,Ey,Ez
0.000000000000e+00,0.000000000000e+00,1.000000000000e+00,4.108355555489e-19,1.256582489304e-16,-3.866563988984e-17,-1.556580404490e+02,4.231114442789e-03,-2.098857490061e+00
