x,y,z,Bx,By,Bz,Ex,Ey,Ez
0.000000000000e+00,0.000000000000e+00,1.000000000000e+00,-9.086096580988e-19,1.826187089300e-16,1.247991928297e-17,1.999044381980e+02,1.303414208446e-02,-3.054541459257e+00
