x,y,z,Bx,By,Bz,Ex,Ey,Ez
0.000000000000e+00,0.000000000000e+00,1.000000000000e+00,4.081251209156e-18,6.955849657673e-16,1.783847447777e-17,-4.880767899197e+02,3.576184482277e-02,-1.162712436348e+01
