x,y,z,Bx,By,Bz,Ex,Ey,Ez
0.000000000000e+00,0.000000000000e+00,1.000000000000e+00,-1.399814600306e-18,3.364450501917e-16,-7.224915396095e-17,3.005748635118e+02,1.484205374752e-02,-5.624458679890e+00
