x,y,z,Bx,By,Bz,Ex,Ey,Ez
0.000000000000e+00,0.000000000000e+00,1.000000000000e+00,-6.745621097572e-14,1.063972077336e-12,-1.573901157816e-13,8.952322232636e+04,-5.422601570865e+01,-1.777306058368e+04
