x,y,z,Bx,By,Bz,Ex,Ey,Ez
0.000000000000e+00,0.000000000000e+00,1.000000000000e+00,-4.736199429948e-17,4.305689402271e-15,-4.671676469311e-16,1.655919195632e+03,4.460458620528e-01,-7.196657294105e+01
