x,y,z,Bx,By,Bz,Ex,Ey,Ez
0.000000000000e+00,0.000000000000e+00,1.000000000000e+00,1.127392220659e-17,1.376191076156e-15,-2.230943104625e-16,-7.704280409626e+02,3.536175489642e-02,-2.299681105443e+01
