x,y,z,Bx,By,Bz,Ex,Ey,Ez
0.000000000000e+00,0.000000000000e+00,1.000000000000e+00,-4.515677687720e-19,1.605930246234e-16,1.138455771580e-17,1.832442223395e+02,-4.663617705508e-03,-2.681063466656e+00
