x,y,z,Bx,By,Bz,Ex,Ey,Ez
0.000000000000e+00,0.000000000000e+00,1.000000000000e+00,-9.521061751715e-19,1.806963636505e-16,1.185082079783e-17,1.984530285049e+02,1.127535143411e-02,-3.021465740189e+00
