x,y,z,Bx,By,Bz,Ex,Ey,Ez
0.000000000000e+00,0.000000000000e+00,1.000000000000e+00,-4.088437369479e-19,1.059254035902e-16,-1.214363262890e-17,1.389071769772e+02,-5.116926028310e-04,-1.770006571602e+00
