x,y,z,Bx,By,Bz,Ex,Ey,Ez
0.000000000000e+00,0.000000000000e+00,1.000000000000e+00,1.041615281480e-17,1.265809447829e-15,-9.616007254866e-17,-7.280350025627e+02,5.394132066321e-02,-2.113668076053e+01
