x,y,z,Bx,By,Bz,Ex,Ey,Ez
0.000000000000e+00,0.000000000000e+00,1.000000000000e+00,-1.822717965913e-17,1.952081415500e-15,-2.064647632881e-16,9.732088389450e+02,-2.283000483109e-02,-3.259437797445e+01
