x,y,z,Bx,By,Bz,Ex,Ey,Ez
0.000000000000e+00,0.000000000000e+00,1.000000000000e+00,-3.925589312838e-19,1.086448664968e-16,3.001286488119e-18,1.412969556991e+02,1.654669912349e-04,-1.815886033550e+00
