x,y,z,Bx,By,Bz,Ex,Ey,Ez
0.000000000000e+00,0.000000000000e+00,1.000000000000e+00,4.838621377132e-19,1.355177174867e-16,-3.830039342054e-17,-1.637632049159e+02,-1.040291599485e-02,-2.264841307298e+00
