x,y,z,Bx,By,Bz,Ex,Ey,Ez
0.000000000000e+00,0.000000000000e+00,1.000000000000e+00,1.144936747098e-17,1.418091341254e-15,-2.551584255114e-16,-7.861275213676e+02,1.610303952422e-02,-2.369901666152e+01
