x,y,z,Bx,By,Bz,Ex,Ey,Ez
0.000000000000e+00,0.000000000000e+00,1.000000000000e+00,2.542996036710e-18,5.556541503897e-16,-6.773131316278e-17,-4.196064699946e+02,-3.152815703440e-02,-9.270261963892e+00
