x,y,z,Bx,By,Bz,Ex,Ey,Ez
0.000000000000e+00,0.000000000000e+00,1.000000000000e+00,-1.797612558997e-19,6.050521687293e-17,-1.721685848173e-17,9.562112667546e+01,2.392559562602e-03,-1.011194328535e+00
