x,y,z,Bx,By,Bz,Ex,Ey,Ez
0.000000000000e+00,0.000000000000e+00,1.000000000000e+00,2.446068416595e-19,9.748880071001e-17,-2.222317948154e-17,-1.314607176980e+02,-2.963280634662e-03,-1.629552650472e+00
