x,y,z,Bx,By,Bz,Ex,Ey,Ez
0.000000000000e+00,0.000000000000e+00,1.000000000000e+00,-1.347715587510e-18,2.513240796447e-16,3.733375228442e-18,2.470841825904e+02,-2.401024569517e-03,-4.196411170423e+00
