x,y,z,Bx,By,Bz,Ex,Ey,Ez
0.000000000000e+00,0.000000000000e+00,1.000000000000e+00,-2.908096659858e-17,3.011820031181e-15,-1.409919657328e-16,1.300781085215e+03,-3.048071257444e-01,-5.026228958677e+01
