x,y,z,Bx,By,Bz,Ex,Ey,Ez
0.000000000000e+00,0.000000000000e+00,1.000000000000e+00,4.948460297218e-16,2.437923774125e-14,-1.391001547538e-15,-5.356561152094e+03,1.576410835407e+00,-4.070487265565e+02
