x,y,z,Bx,By,Bz,Ex,Ey,Ez
0.000000000000e+00,0.000000000000e+00,1.000000000000e+00,2.313927106278e-18,5.467755187687e-16,-7.466681237601e-17,-4.152194563665e+02,-2.925329325577e-02,-9.125113147716e+00
