x,y,z,Bx,By,Bz,Ex,Ey,Ez
0.000000000000e+00,0.000000000000e+00,1.000000000000e+00,1.639365867865e-18,3.594855123390e-16,-2.848400932954e-17,-3.138279218480e+02,9.326865039171e-03,-6.002052363661e+00
