x,y,z,Bx,By,Bz,Ex,Ey,Ez
0.000000000000e+00,0.000000000000e+00,1.000000000000e+00,-1.361039141009e-18,3.410268512593e-16,-7.469908778204e-17,3.032827881977e+02,1.161220551543e-02,-5.700350335867e+00
