x,y,z,Bx,By,Bz,Ex,Ey,Ez
0.000000000000e+00,0.000000000000e+00,1.000000000000e+00,3.518719885668e-17,3.528653039030e-15,-3.940611270100e-16,-1.448320019376e+03,1.663071181491e-02,-5.894805393795e+01
