x,y,z,Bx,By,Bz,Ex,Ey,Ez
0.000000000000e+00,0.000000000000e+00,1.000000000000e+00,2.142754053059e-18,3.971869556898e-16,-3.683607847517e-17,-3.355363705762e+02,3.333252680533e-03,-6.634285961558e+00
