x,y,z,Bx,By,Bz,Ex,Ey,Ez
0.000000000000e+00,0.000000000000e+00,1.000000000000e+00,2.908360267540e-19,9.412841055108e-17,-1.848467231820e-17,-1.284080856361e+02,-7.370123758545e-05,-1.573191466330e+00
