x,y,z,Bx,By,Bz,Ex,Ey,Ez
0.000000000000e+00,0.000000000000e+00,1.000000000000e+00,1.888119416734e-17,2.162455435089e-15,-1.268326316825e-16,-1.042163987596e+03,3.300847672916e-02,-3.611377606663e+01
