x,y,z,Bx,By,Bz,Ex,Ey,Ez
0.000000000000e+00,0.000000000000e+00,1.000000000000e+00,5.114047179300e-17,4.502748320512e-15,-3.956130893469e-16,-1.705793805532e+03,-8.039906045357e-02,-7.520500202843e+01
