x,y,z,Bx,By,Bz,Ex,Ey,Ez
0.000000000000e+00,0.000000000000e+00,1.000000000000e+00,4.097604387669e-16,2.140513624700e-14,-9.104600933107e-16,-4.899149492805e+03,7.446610941128e-01,-3.573488030582e+02
