x,y,z,Bx,By,Bz,Ex,Ey,Ez
0.000000000000e+00,0.000000000000e+00,1.000000000000e+00,6.588537580160e-14,1.027512136531e-12,-1.470482700029e-13,-8.669922282721e+04,5.081042288461e+00,-1.716121628459e+04
