x,y,z,Bx,By,Bz,Ex,Ey,Ez
0.000000000000e+00,0.000000000000e+00,1.000000000000e+00,4.796141334442e-14,8.046127147855e-13,-1.088407484965e-13,-7.043318780934e+04,-3.163017015360e+00,-1.343758291915e+04
