x,y,z,Bx,By,Bz,Ex,Ey,Ez
0.000000000000e+00,0.000000000000e+00,1.000000000000e+00,-1.781167930718e-19,6.068470586971e-17,-1.707592711736e-17,9.581433083369e+01,2.197101730402e-03,-1.014254832984e+00
