x,y,z,Bx,By,Bz,Ex,Ey,Ez
0.000000000000e+00,0.000000000000e+00,1.000000000000e+00,-1.754717633490e-19,5.926843488448e-17,-1.093141654205e-17,9.428330921482e+01,3.511236189815e-03,-9.901065636403e-01
