x,y,z,Bx,By,Bz,Ex,Ey,Ez
0.000000000000e+00,0.000000000000e+00,1.000000000000e+00,-9.039956135069e-19,1.729900777976e-16,5.744624028624e-18,1.925316556311e+02,5.116966319597e-03,-2.887509299565e+00
