x,y,z,Bx,By,Bz,Ex,Ey,Ez
0.000000000000e+00,0.000000000000e+00,1.000000000000e+00,1.099875116189e-17,1.324895701462e-15,-1.675989956032e-16,-7.509094120573e+02,5.091836382833e-02,-2.213399503199e+01
