x,y,z,Bx,By,Bz,Ex,Ey,Ez
0.000000000000e+00,0.000000000000e+00,1.000000000000e+00,-2.049458853249e-18,3.942622475665e-16,-1.023663807197e-16,3.336857983623e+02,-4.743346506472e-02,-6.578167080660e+00
