x,y,z,Bx,By,Bz,Ex,Ey,Ez
0.000000000000e+00,0.000000000000e+00,1.000000000000e+00,-4.606636648514e-11,1.462698193013e-10,4.535949632136e-11,2.046113852076e+06,-1.419077956857e+05,-2.447689424986e+06
