x,y,z,Bx,By,Bz,Ex,Ey,Ez
0.000000000000e+00,0.000000000000e+00,1.000000000000e+00,-4.197713336621e-18,6.618075074917e-16,-6.608728591538e-17,4.719281191167e+02,2.235246170437e-02,-1.105228912991e+01
