x,y,z,Bx,By,Bz,Ex,Ey,Ez
0.000000000000e+00,0.000000000000e+00,1.000000000000e+00,9.754274483871e-14,1.391429919600e-12,-2.174749586850e-13,-1.132501401577e+05,3.438432706263e+01,-2.324431778326e+04
