x,y,z,Bx,By,Bz,Ex,Ey,Ez
0.000000000000e+00,0.000000000000e+00,1.000000000000e+00,7.242844679793e-19,1.795558161558e-16,-3.150659794562e-17,-1.976110091348e+02,1.855218019404e-03,-3.001706181651e+00
