x,y,z,Bx,By,Bz,Ex,Ey,Ez
0.000000000000e+00,0.000000000000e+00,1.000000000000e+00,9.529484839670e-17,6.963474526829e-15,-5.333643439860e-16,-2.287922799778e+03,1.581624885519e-01,-1.163000340474e+02
