x,y,z,Bx,By,Bz,Ex,Ey,Ez
0.000000000000e+00,0.000000000000e+00,1.000000000000e+00,-5.145417325451e-15,1.448929597573e-13,-1.419235861425e-14,1.874859747158e+04,2.959102136923e+00,-2.421857363513e+03
