x,y,z,Bx,By,Bz,Ex,Ey,Ez
0.000000000000e+00,0.000000000000e+00,1.000000000000e+00,2.735156848425e-19,8.090232538922e-17,-2.024360259828e-17,-1.160376428896e+02,2.228277299434e-05,-1.351542076782e+00
