x,y,z,Bx,By,Bz,Ex,Ey,Ez
0.000000000000e+00,0.000000000000e+00,1.000000000000e+00,-5.024513311567e-17,4.558800875894e-15,-7.299221129401e-16,1.720720421035e+03,3.942900976803e-01,-7.616872555789e+01
