x,y,z,Bx,By,Bz,Ex,Ey,Ez
0.000000000000e+00,0.000000000000e+00,1.000000000000e+00,2.692148145495e-19,7.790092374715e-17,-2.367535650714e-18,-1.131263133668e+02,1.032239508451e-03,-1.301095426297e+00
