x,y,z,Bx,By,Bz,Ex,Ey,Ez
0.000000000000e+00,0.000000000000e+00,1.000000000000e+00,-2.141740732188e-14,4.353442683346e-13,-5.945559176446e-14,4.294828668515e+04,-3.102791344137e+01,-7.275805187704e+03
