x,y,z,Bx,By,Bz,Ex,Ey,Ez
0.000000000000e+00,0.000000000000e+00,1.000000000000e+00,-2.592710887231e-16,1.505937009270e-14,-1.437481722990e-15,3.859869244241e+03,-1.162325127384e+00,-2.517117705811e+02
