x,y,z,Bx,By,Bz,Ex,Ey,Ez
0.000000000000e+00,0.000000000000e+00,1.000000000000e+00,-1.095071739387e-17,1.417251098145e-15,-4.591113198375e-17,7.859170733654e+02,8.982038239357e-02,-2.369773021239e+01
