x,y,z,Bx,By,Bz,Ex,Ey,Ez
0.000000000000e+00,0.000000000000e+00,1.000000000000e+00,3.959539503925e-19,1.178607296607e-16,-9.542152488801e-18,-1.492410438619e+02,8.359014604427e-03,-1.970883769149e+00
