x,y,z,Bx,By,Bz,Ex,Ey,Ez
0.000000000000e+00,0.000000000000e+00,1.000000000000e+00,1.237497079821e-18,2.846608104563e-16,-3.067362573842e-17,-2.684282773534e+02,5.601032270579e-03,-4.749607046546e+00
