x,y,z,Bx,By,Bz,Ex,Ey,Ez
0.000000000000e+00,0.000000000000e+00,1.000000000000e+00,-3.774614070304e-19,1.102505610891e-16,7.033416236479e-18,1.426916288854e+02,1.379693738487e-03,-1.842812582695e+00
