x,y,z,Bx,By,Bz,Ex,Ey,Ez
0.000000000000e+00,0.000000000000e+00,1.000000000000e+00,-1.364651195024e-18,2.525234201867e-16,4.802097814234e-19,2.478876716941e+02,-1.772794256045e-03,-4.216860703252e+00
