x,y,z,Bx,By,Bz,Ex,Ey,Ez
0.000000000000e+00,0.000000000000e+00,1.000000000000e+00,-1.090799268738e-15,4.677078661224e-14,-5.404509169387e-15,8.408086174854e+03,3.304311157350e+00,-7.812248141649e+02
