x,y,z,Bx,By,Bz,Ex,Ey,Ez
0.000000000000e+00,0.000000000000e+00,1.000000000000e+00,-9.518374130439e-17,7.838219901713e-15,-4.082470338669e-16,2.480219006863e+03,2.791479628407e-01,-1.310226896562e+02
