x,y,z,Bx,By,Bz,Ex,Ey,Ez
0.000000000000e+00,0.000000000000e+00,1.000000000000e+00,-2.757433270285e-19,8.226493104711e-17,1.644416628000e-17,1.173244464786e+02,2.433565931880e-03,-1.374262785234e+00
