x,y,z,Bx,By,Bz,Ex,Ey,Ez
0.000000000000e+00,0.000000000000e+00,1.000000000000e+00,1.575253502082e-18,2.941711272157e-16,-5.102693751697e-17,-2.744291056311e+02,2.526954058973e-03,-4.909488457619e+00
