x,y,z,Bx,By,Bz,Ex,Ey,Ez
0.000000000000e+00,0.000000000000e+00,1.000000000000e+00,-8.124670577425e-15,2.067647999268e-13,-2.525922870406e-14,2.435068836145e+04,2.082915830466e+00,-3.455470430715e+03
