x,y,z,Bx,By,Bz,Ex,Ey,Ez
0.000000000000e+00,0.000000000000e+00,1.000000000000e+00,-7.018855562857e-18,9.765386678145e-16,-1.164105878209e-17,6.121712206333e+02,-4.636335103429e-02,-1.631611349006e+01
