x,y,z,Bx,By,Bz,Ex,Ey,Ez
0.000000000000e+00,0.000000000000e+00,1.000000000000e+00,2.819754612536e-19,8.591832943346e-17,-4.243664448836e-18,-1.208122563567e+02,-3.427759290677e-03,-1.435848828160e+00
