x,y,z,Bx,By,Bz,Ex,Ey,Ez
0.000000000000e+00,0.000000000000e+00,1.000000000000e+00,-3.462134521700e-19,1.144471786483e-16,-8.304711275844e-18,1.462768883986e+02,3.854536773821e-03,-1.912502917139e+00
