x,y,z,Bx,By,Bz,Ex,Ey,Ez
0.000000000000e+00,0.000000000000e+00,1.000000000000e+00,-1.362787508589e-15,5.464185333570e-14,-6.960376778957e-15,9.368061595144e+03,2.377896954244e+00,-9.120534221031e+02
