x,y,z,Bx,By,Bz,Ex,Ey,Ez
0.000000000000e+00,0.000000000000e+00,1.000000000000e+00,2.587097935021e-19,7.628385497312e-17,2.011765073305e-18,-1.115301956351e+02,1.451423059938e-04,-1.273680721327e+00
