x,y,z,Bx,By,Bz,Ex,Ey,Ez
0.000000000000e+00,0.000000000000e+00,1.000000000000e+00,-4.838533608312e-19,1.385961424056e-16,-1.886410748972e-17,1.661524346959e+02,3.130675916128e-03,-2.314822898227e+00
