x,y,z,Bx,By,Bz,Ex,Ey,Ez
0.000000000000e+00,0.000000000000e+00,1.000000000000e+00,2.025971190471e-19,1.018725864256e-16,1.778958240894e-18,-1.352609207619e+02,-3.768058351434e-03,-1.700831107953e+00
