x,y,z,Bx,By,Bz,Ex,Ey,Ez
0.000000000000e+00,0.000000000000e+00,1.000000000000e+00,9.624821825929e-19,2.746260254760e-16,-3.498523056297e-18,-2.621806169329e+02,4.005760147185e-03,-4.585128478747e+00
