x,y,z,Bx,By,Bz,Ex,Ey,Ez
0.000000000000e+00,0.000000000000e+00,1.000000000000e+00,4.674093544149e-19,1.533896876901e-16,3.022780654256e-17,-1.777342338793e+02,-1.992943667010e-03,-2.561394335406e+00
