x,y,z,Bx,By,Bz,Ex,Ey,Ez
0.000000000000e+00,0.000000000000e+00,1.000000000000e+00,2.104152024541e-18,5.345975289644e-16,-8.286018356093e-17,-4.091908856153e+02,-2.501256060053e-02,-8.927037821812e+00
