x,y,z,Bx,By,Bz,Ex,Ey,Ez
0.000000000000e+00,0.000000000000e+00,1.000000000000e+00,-1.501460111237e-18,3.249999194451e-16,-6.751307380401e-17,2.936991336878e+02,2.247244721687e-02,-5.433362917412e+00
