x,y,z,Bx,By,Bz,Ex,Ey,Ez
0.000000000000e+00,0.000000000000e+00,1.000000000000e+00,8.049382393202e-17,6.251698954223e-15,-4.023578175246e-16,-2.127097933912e+03,7.702377555590e-02,-1.043958953185e+02
