x,y,z,Bx,By,Bz,Ex,Ey,Ez
0.000000000000e+00,0.000000000000e+00,1.000000000000e+00,1.779937444078e-16,1.188797547523e-14,-1.360063966524e-15,-3.287545911436e+03,-6.254185918043e-01,-1.986599048919e+02
