x,y,z,Bx,By,Bz,Ex,Ey,Ez
0.000000000000e+00,0.000000000000e+00,1.000000000000e+00,-6.403616575662e-18,9.129097239432e-16,-5.200268059985e-17,5.850470668688e+02,-6.352762038568e-02,-1.524485002548e+01
