x,y,z,Bx,By,Bz,Ex,Ey,Ez
0.000000000000e+00,0.000000000000e+00,1.000000000000e+00,-6.681548790636e-18,9.334919714861e-16,-3.475833733328e-17,5.938809185927e+02,-5.984825865438e-02,-1.559129844048e+01
