x,y,z,Bx,By,Bz,Ex,Ey,Ez
0.000000000000e+00,0.000000000000e+00,1.000000000000e+00,-5.129348081295e-14,8.598807388503e-13,-1.195882396872e-13,7.462235334621e+04,-5.298537492128e+01,-1.436666650692e+04
