x,y,z,Bx,By,Bz,Ex,Ey,Ez
0.000000000000e+00,0.000000000000e+00,1.000000000000e+00,-9.413811964381e-15,2.314330775478e-13,-2.971909139223e-14,2.648506523176e+04,4.196577590278e-02,-3.867534544010e+03
