x,y,z,Bx,By,Bz,Ex,Ey,Ez
0.000000000000e+00,0.000000000000e+00,1.000000000000e+00,1.786587103096e-19,6.050854750207e-17,-6.243149745662e-18,-9.561514796036e+01,-1.500101727312e-04,-1.011214867907e+00
