x,y,z,Bx,By,Bz,Ex,Ey,Ez
0.000000000000e+00,0.000000000000e+00,1.000000000000e+00,-4.229435196219e-18,6.640170440588e-16,-6.786215266524e-17,4.729884900093e+02,2.222771008442e-02,-1.108942499630e+01
