x,y,z,Bx,By,Bz,Ex,Ey,Ez
0.000000000000e+00,0.000000000000e+00,1.000000000000e+00,1.378422772390e-15,5.456965675965e-14,-6.415371509374e-15,-9.369574216047e+03,-6.526106963419e-02,-9.121184738055e+02
