x,y,z,Bx,By,Bz,Ex,Ey,Ez
0.000000000000e+00,0.000000000000e+00,1.000000000000e+00,2.681175700222e-16,1.595880267400e-14,-8.955028677198e-16,-4.011487360322e+03,-6.363192622696e-01,-2.664876076864e+02
