x,y,z,Bx,By,Bz,Ex,Ey,Ez
0.000000000000e+00,0.000000000000e+00,1.000000000000e+00,-4.654530035101e-19,1.545362524169e-16,-7.105709942611e-18,1.787372346159e+02,-8.173797020298e-03,-2.582626471054e+00
