x,y,z,Bx,By,Bz,Ex,Ey,Ez
0.000000000000e+00,0.000000000000e+00,1.000000000000e+00,2.650086794080e-18,5.592437065510e-16,-6.469960308872e-17,-4.213805669489e+02,-3.224331766320e-02,-9.329195432934e+00
