x,y,z,Bx,By,Bz,Ex,Ey,Ez
0.000000000000e+00,0.000000000000e+00,1.000000000000e+00,-5.169127648410e-19,1.516740769229e-16,-2.134819576352e-17,1.765474574643e+02,-7.947023094605e-03,-2.535238692400e+00
