x,y,z,Bx,By,Bz,Ex,Ey,Ez
0.000000000000e+00,0.000000000000e+00,1.000000000000e+00,-2.340778507405e-15,7.892536574987e-14,-8.139847451782e-15,1.212464759083e+04,-7.992160144193e-01,-1.317494808050e+03
