x,y,z,Bx,By,Bz,Ex,Ey,Ez
0.000000000000e+00,0.000000000000e+00,1.000000000000e+00,-4.876687011402e-17,4.443853306220e-15,-6.209087144234e-16,1.691470087348e+03,4.269918968864e-01,-7.426161906942e+01
