x,y,z,Bx,By,Bz,Ex,Ey,Ez
0.000000000000e+00,0.000000000000e+00,1.000000000000e+00,-3.597434174708e-19,1.121063570037e-16,4.266652894605e-18,1.442874324426e+02,2.863760182438e-03,-1.873744824236e+00
