x,y,z,Bx,By,Bz,Ex,Ey,Ez
0.000000000000e+00,0.000000000000e+00,1.000000000000e+00,4.491523346487e-19,1.453756638058e-16,9.722947979581e-18,-1.715621528194e+02,-1.225870166229e-02,-2.428986069349e+00
