x,y,z,Bx,By,Bz,Ex,Ey,Ez
0.000000000000e+00,0.000000000000e+00,1.000000000000e+00,-5.225688329139e-19,1.513631464239e-16,-2.289144453052e-17,1.763066145621e+02,-7.829532654437e-03,-2.530045478024e+00
