x,y,z,Bx,By,Bz,Ex,Ey,Ez
0.000000000000e+00,0.000000000000e+00,1.000000000000e+00,-4.467938059779e-19,1.602468046467e-16,1.096045661172e-17,1.829891645365e+02,-4.950307389091e-03,-2.675461759862e+00
