x,y,z,Bx,By,Bz,Ex,Ey,Ez
0.000000000000e+00,0.000000000000e+00,1.000000000000e+00,-6.366936975921e-19,1.929718320125e-16,-2.506178666479e-17,2.074213568967e+02,1.869104426677e-02,-3.227315222668e+00
