x,y,z,Bx,By,Bz,Ex,Ey,Ez
0.000000000000e+00,0.000000000000e+00,1.000000000000e+00,-1.100240619058e-17,1.363824055737e-15,-2.814119408709e-17,7.658187825541e+02,6.938669200991e-02,-2.280051046115e+01
