x,y,z,Bx,By,Bz,Ex,Ey,Ez
0.000000000000e+00,0.000000000000e+00,1.000000000000e+00,1.959630240198e-19,6.654254901274e-17,9.150768752546e-18,-1.018796245950e+02,3.051489046469e-03,-1.112158343085e+00
