x,y,z,Bx,By,Bz,Ex,Ey,Ez
0.000000000000e+00,0.000000000000e+00,1.000000000000e+00,-1.495230206203e-18,3.258573950024e-16,-6.803679857869e-17,2.942198047871e+02,2.192338817423e-02,-5.447752615482e+00
