x,y,z,Bx,By,Bz,Ex,Ey,Ez
0.000000000000e+00,0.000000000000e+00,1.000000000000e+00,-3.933851732405e-17,3.469416235831e-15,2.771648230245e-16,1.430374168158e+03,-1.767667060635e-02,-5.793582734899e+01
