x,y,z,Bx,By,Bz,Ex,Ey,Ez
0.000000000000e+00,0.000000000000e+00,1.000000000000e+00,-8.276017759015e-19,1.853905866701e-16,9.930796404101e-18,2.019648731739e+02,1.549994247946e-02,-3.101649813638e+00
