x,y,z,Bx,By,Bz,Ex,Ey,Ez
0.000000000000e+00,0.000000000000e+00,1.000000000000e+00,2.127258680380e-13,2.554769375329e-12,-5.125053188428e-13,-2.007379011257e+05,2.019214295706e+02,-4.270330604463e+04
