x,y,z,Bx,By,Bz,Ex,Ey,Ez
0.000000000000e+00,0.000000000000e+00,1.000000000000e+00,-2.061464483430e-19,7.570968329436e-17,-1.190708800155e-17,1.110445598344e+02,3.373415246678e-04,-1.265394279538e+00
