x,y,z,Bx,By,Bz,Ex,Ey,Ez
0.000000000000e+00,0.000000000000e+00,1.000000000000e+00,2.614920912933e-18,4.404116137507e-16,-2.787905486506e-17,-3.595729523372e+02,1.236817958345e-02,-7.358242773237e+00
