x,y,z,Bx,By,Bz,Ex,Ey,Ez
0.000000000000e+00,0.000000000000e+00,1.000000000000e+00,3.495617330325e-19,1.061218565361e-16,1.469508575978e-17,-1.388945464139e+02,4.514506295900e-04,-1.769962541456e+00
