x,y,z,Bx,By,Bz,Ex,Ey,Ez
0.000000000000e+00,0.000000000000e+00,1.000000000000e+00,-2.421728148322e-19,7.352253924610e-17,5.639969835682e-18,1.089019461640e+02,-2.067014112732e-04,-1.229044281357e+00
