x,y,z,Bx,By,Bz,Ex,Ey,Ez
0.000000000000e+00,0.000000000000e+00,1.000000000000e+00,9.576913546443e-19,2.636533071567e-16,8.755368898961e-18,-2.553109456446e+02,-2.429215743605e-03,-4.406481765789e+00
