x,y,z,Bx,By,Bz,Ex,Ey,Ez
0.000000000000e+00,0.000000000000e+00,1.000000000000e+00,3.167147899675e-17,3.235104946229e-15,-3.449514490044e-16,-1.366563397070e+03,4.760507251230e-02,-5.406607173987e+01
