x,y,z,Bx,By,Bz,Ex,Ey,Ez
0.000000000000e+00,0.000000000000e+00,1.000000000000e+00,1.659826141201e-17,1.979338874679e-15,-5.101850945054e-17,-9.823287010654e+02,-1.557506807873e-02,-3.306631903337e+01
