x,y,z,Bx,By,Bz,Ex,Ey,Ez
0.000000000000e+00,0.000000000000e+00,1.000000000000e+00,-8.522183722082e-19,1.845885264963e-16,1.117942138855e-17,2.013727328951e+02,1.481249980101e-02,-3.088093105956e+00
