x,y,z,Bx,By,Bz,Ex,Ey,Ez
0.000000000000e+00,0.000000000000e+00,1.000000000000e+00,1.415984633453e-17,1.726119276731e-15,-1.105739017084e-16,-8.964086158002e+02,-9.046244063424e-02,-2.883919936885e+01
