x,y,z,Bx,By,Bz,Ex,Ey,Ez
0.000000000000e+00,0.000000000000e+00,1.000000000000e+00,-5.683003277114e-19,1.480259994224e-16,-3.682555196645e-17,1.736883608990e+02,-5.512943201971e-03,-2.473841487203e+00
