x,y,z,Bx,By,Bz,Ex,Ey,Ez
0.000000000000e+00,0.000000000000e+00,1.000000000000e+00,-8.900733911403e-13,7.603106600539e-12,-2.764719962196e-12,6.347516378468e+05,-1.695744877502e+02,-1.268339280127e+05
