x,y,z,Bx,By,Bz,Ex,Ey,Ez
0.000000000000e+00,0.000000000000e+00,1.000000000000e+00,8.567476681386e-16,3.687150782703e-14,-4.204466156843e-15,-7.132638082268e+03,2.195084954183e+00,-6.163252061022e+02
