x,y,z,Bx,By,Bz,Ex,Ey,Ez
0.000000000000e+00,0.000000000000e+00,1.000000000000e+00,-6.763372415382e-19,1.908036052021e-16,-1.105213613762e-17,2.058825328038e+02,1.863314936180e-02,-3.191731353945e+00
