x,y,z,Bx,By,Bz,Ex,Ey,Ez
0.000000000000e+00,0.000000000000e+00,1.000000000000e+00,1.002619985465e-17,1.240129796442e-15,-6.820513934367e-17,-7.179829672045e+02,5.002059707252e-02,-2.070296760750e+01
