x,y,z,Bx,By,Bz,Ex,Ey,Ez
0.000000000000e+00,0.000000000000e+00,1.000000000000e+00,7.314818913854e-19,1.791664163648e-16,-3.264343110957e-17,-1.973252422098e+02,2.056241816047e-03,-2.995202938343e+00
