x,y,z,Bx,By,Bz,Ex,Ey,Ez
0.000000000000e+00,0.000000000000e+00,1.000000000000e+00,-2.023391812487e-19,7.749148156824e-17,-1.487078512672e-17,1.127528265291e+02,-7.118303791945e-04,-1.294673009532e+00
