x,y,z,Bx,By,Bz,Ex,Ey,Ez
0.000000000000e+00,0.000000000000e+00,1.000000000000e+00,-3.369874547561e-17,3.203372895523e-15,9.856461923293e-17,1.355448727339e+03,-2.316138708953e-01,-5.346130287834e+01
