x,y,z,Bx,By,Bz,Ex,Ey,Ez
0.000000000000e+00,0.000000000000e+00,1.000000000000e+00,2.894023705034e-19,9.267403879154e-17,-9.762790456274e-18,-1.270668911638e+02,4.682191281791e-04,-1.548671422087e+00
