x,y,z,Bx,By,Bz,Ex,Ey,Ez
0.000000000000e+00,0.000000000000e+00,1.000000000000e+00,-6.961118269673e-19,1.899489661253e-16,-6.307734846209e-18,2.052719903856e+02,1.838594102381e-02,-3.177646193854e+00
