x,y,z,Bx,By,Bz,Ex,Ey,Ez
0.000000000000e+00,0.000000000000e+00,1.000000000000e+00,-1.083328351693e-17,1.520368775168e-15,-1.356693484098e-16,8.236950853569e+02,1.116881622578e-01,-2.541263518192e+01
