x,y,z,Bx,By,Bz,Ex,Ey,Ez
0.000000000000e+00,0.000000000000e+00,1.000000000000e+00,4.487819951603e-19,1.474712568347e-16,1.826249518068e-17,-1.731898591988e+02,-1.023170196899e-02,-2.463712084137e+00
