x,y,z,Bx,By,Bz,Ex,Ey,Ez
0.000000000000e+00,0.000000000000e+00,1.000000000000e+00,-1.292717148841e-18,2.885984220214e-16,2.028603862133e-17,2.711404550879e+02,2.124599565281e-02,-4.822530532033e+00
