x,y,z,Bx,By,Bz,Ex,Ey,Ez
0.000000000000e+00,0.000000000000e+00,1.000000000000e+00,-3.103544655923e-18,5.803313911255e-16,-6.659640298482e-17,4.323036831626e+02,2.117707385988e-02,-9.693332689951e+00
