x,y,z,Bx,By,Bz,Ex,Ey,Ez
0.000000000000e+00,0.000000000000e+00,1.000000000000e+00,-1.939837279010e-16,1.169890465831e-14,-1.668621873550e-15,3.249976326951e+03,-4.637762570548e-01,-1.952767600968e+02
