x,y,z,Bx,By,Bz,Ex,Ey,Ez
0.000000000000e+00,0.000000000000e+00,1.000000000000e+00,1.463748177240e-18,3.497227003445e-16,-8.622223076360e-18,-3.081653137085e+02,7.310034819038e-03,-5.840782649320e+00
