x,y,z,Bx,By,Bz,Ex,Ey,Ez
0.000000000000e+00,0.000000000000e+00,1.000000000000e+00,-6.113049502061e-19,1.992439318438e-16,-7.278718240980e-17,2.118232038379e+02,1.346229471888e-02,-3.329855062102e+00
