x,y,z,Bx,By,Bz,Ex,Ey,Ez
0.000000000000e+00,0.000000000000e+00,1.000000000000e+00,-1.591859462914e-16,1.047589033547e-14,-1.567068477801e-15,3.014529253580e+03,-1.942148346724e-02,-1.747362208222e+02
