x,y,z,Bx,By,Bz,Ex,Ey,Ez
0.000000000000e+00,0.000000000000e+00,1.000000000000e+00,-1.278990773772e-19,6.590696036939e-17,-1.473615563699e-17,1.011523667885e+02,6.172087769548e-04,-1.100082104705e+00
