x,y,z,Bx,By,Bz,Ex,Ey,Ez
0.000000000000e+00,0.000000000000e+00,1.000000000000e+00,-5.280285225650e-19,1.413914734966e-16,-3.360599387258e-17,1.683868951241e+02,1.511156644816e-03,-2.361543492786e+00
