x,y,z,Bx,By,Bz,Ex,Ey,Ez
0.000000000000e+00,0.000000000000e+00,1.000000000000e+00,-1.084559018983e-17,1.461027184323e-15,-7.645023672767e-17,8.021132973944e+02,1.028993647150e-01,-2.442832845817e+01
