x,y,z,Bx,By,Bz,Ex,Ey,Ez
0.000000000000e+00,0.000000000000e+00,1.000000000000e+00,9.866405841226e-19,2.616805763818e-16,7.923432526778e-18,-2.540543236871e+02,-3.723995318005e-03,-4.374041117440e+00
