x,y,z,Bx,By,Bz,Ex,Ey,Ez
0.000000000000e+00,0.000000000000e+00,1.000000000000e+00,-1.481543612501e-18,3.275833871376e-16,-6.892860557551e-17,2.952651966587e+02,2.080285719057e-02,-5.476684400517e+00
