x,y,z,Bx,By,Bz,Ex,Ey,Ez
0.000000000000e+00,0.000000000000e+00,1.000000000000e+00,5.236995906461e-19,1.133600627932e-16,-1.264582103889e-18,-1.453631467310e+02,7.034330154401e-03,-1.894863896550e+00
