x,y,z,Bx,By,Bz,Ex,Ey,Ez
0.000000000000e+00,0.000000000000e+00,1.000000000000e+00,7.878170912878e-19,2.245444900872e-16,-3.683440026162e-17,-2.293370775469e+02,-4.080605809022e-03,-3.751531473082e+00
