x,y,z,Bx,By,Bz,Ex,Ey,Ez
0.000000000000e+00,0.000000000000e+00,1.000000000000e+00,-4.058573735241e-19,1.066913482726e-16,-7.582922460733e-18,1.395836675154e+02,-5.511776658013e-04,-1.782956959675e+00
