x,y,z,Bx,By,Bz,Ex,Ey,Ez
0.000000000000e+00,0.000000000000e+00,1.000000000000e+00,3.110247772029e-19,1.053457639515e-16,1.429886672417e-17,-1.382223680474e+02,-5.126759684322e-04,-1.757113442060e+00
