x,y,z,Bx,By,Bz,Ex,Ey,Ez
0.000000000000e+00,0.000000000000e+00,1.000000000000e+00,-1.116498896976e-16,8.819593439641e-15,-9.077303508402e-16,2.684147085870e+03,3.761441993512e-01,-1.472194784397e+02
