x,y,z,Bx,By,Bz,Ex,Ey,Ez
0.000000000000e+00,0.000000000000e+00,1.000000000000e+00,-1.459825329030e-16,1.004866306678e-14,-1.457302350892e-15,2.930628423502e+03,1.271737917118e-01,-1.676000817355e+02
