x,y,z,Bx,By,Bz,Ex,Ey,Ez
0.000000000000e+00,0.000000000000e+00,1.000000000000e+00,-1.347943085117e-18,3.428883241190e-16,-7.605120078341e-17,3.043761164968e+02,1.025270785294e-02,-5.731092228376e+00
