x,y,z,Bx,By,Bz,Ex,Ey,Ez
0.000000000000e+00,0.000000000000e+00,1.000000000000e+00,-3.541889518916e-19,1.173076571981e-16,-2.654431736339e-17,1.486821445626e+02,2.850678139477e-03,-1.959711129364e+00
