x,y,z,Bx,By,Bz,Ex,Ey,Ez
0.000000000000e+00,0.000000000000e+00,1.000000000000e+00,2.755814188274e-18,4.573459043085e-16,-5.533960904458e-17,-3.689052577222e+02,1.191455243959e-02,-7.645358880680e+00
