x,y,z,Bx,By,Bz,Ex,Ey,Ez
0.000000000000e+00,0.000000000000e+00,1.000000000000e+00,8.140524032729e-19,1.699485161885e-16,-3.366534148321e-17,-1.903673943785e+02,8.790147612782e-03,-2.838499395333e+00
