x,y,z,Bx,By,Bz,Ex,Ey,Ez
0.000000000000e+00,0.000000000000e+00,1.000000000000e+00,-2.230185642700e-14,6.388717037911e-11,1.596718950767e-10,5.340768987921e+03,-6.549038572526e+03,-1.065918552244e+06
