x,y,z,Bx,By,Bz,Ex,Ey,Ez
0.000000000000e+00,0.000000000000e+00,1.000000000000e+00,3.185045613900e-17,3.253629813280e-15,-3.487209206699e-16,-1.371796655606e+03,4.583749140593e-02,-5.437434842549e+01
