x,y,z,Bx,By,Bz,Ex,Ey,Ez
0.000000000000e+00,0.000000000000e+00,1.000000000000e+00,1.241139085766e-16,8.537057084882e-15,-9.710648299198e-16,-2.627517785546e+03,1.180595308194e-01,-1.426982326518e+02
