x,y,z,Bx,By,Bz,Ex,Ey,Ez
0.000000000000e+00,0.000000000000e+00,1.000000000000e+00,3.400225167793e-18,5.811992010022e-16,-4.268645459508e-17,-4.322635931909e+02,-3.388934245859e-02,-9.693572881706e+00
