x,y,z,Bx,By,Bz,Ex,Ey,Ez
0.000000000000e+00,0.000000000000e+00,1.000000000000e+00,1.089361350331e-18,2.559407144610e-16,1.021359701368e-18,-2.503418750317e+02,-7.040914947423e-03,-4.278623275516e+00
