x,y,z,Bx,By,Bz,Ex,Ey,Ez
0.000000000000e+00,0.000000000000e+00,1.000000000000e+00,6.496769986258e-19,1.864408046535e-16,-9.788152392569e-18,-2.025642515469e+02,8.611755262150e-04,-3.115222153846e+00
