x,y,z,Bx,By,Bz,Ex,Ey,Ez
0.000000000000e+00,0.000000000000e+00,1.000000000000e+00,-1.173294914311e-13,1.635347707487e-12,-2.850367167400e-13,1.313839771220e+05,-6.626372058034e+01,-2.730540929095e+04
