x,y,z,Bx,By,Bz,Ex,Ey,Ez
0.000000000000e+00,0.000000000000e+00,1.000000000000e+00,1.877269213664e-18,3.715537734234e-16,-4.696653104580e-17,-3.208298855683e+02,8.218378929117e-03,-6.203540878260e+00
