x,y,z,Bx,By,Bz,Ex,Ey,Ez
0.000000000000e+00,0.000000000000e+00,1.000000000000e+00,-4.514063486610e-19,1.308400959736e-16,1.108149321262e-17,1.599214159436e+02,-8.653267351788e-04,-2.186143125912e+00
