x,y,z,Bx,By,Bz,Ex,Ey,Ez
0.000000000000e+00,0.000000000000e+00,1.000000000000e+00,-2.665963740394e-19,8.603822825558e-17,-2.393779306879e-17,1.209554285633e+02,4.484485205104e-03,-1.438256910360e+00
