x,y,z,Bx,By,Bz,Ex,Ey,Ez
0.000000000000e+00,0.000000000000e+00,1.000000000000e+00,-3.806560809215e-14,6.816334618522e-13,-9.128071695451e-14,6.151367969893e+04,-4.996191408009e+01,-1.139070529963e+04
