x,y,z,Bx,By,Bz,Ex,Ey,Ez
0.000000000000e+00,0.000000000000e+00,1.000000000000e+00,1.727889715215e-18,3.132859752944e-16,-3.479008815951e-17,-2.865240528861e+02,-6.088857761835e-03,-5.237345812878e+00
