x,y,z,Bx,By,Bz,Ex,Ey,Ez
0.000000000000e+00,0.000000000000e+00,1.000000000000e+00,5.392099071464e-15,1.508752712405e-13,-1.597828071042e-14,-1.929266676762e+04,-8.325886534017e+00,-2.519823441110e+03
