x,y,z,Bx,By,Bz,Ex,Ey,Ez
0.000000000000e+00,0.000000000000e+00,1.000000000000e+00,-2.544491067210e-16,1.477827026995e-14,-1.455376107257e-15,3.810827562353e+03,-1.137642197028e+00,-2.470122562841e+02
