x,y,z,Bx,By,Bz,Ex,Ey,Ez
0.000000000000e+00,0.000000000000e+00,1.000000000000e+00,-1.510091767721e-18,3.093282102902e-16,-4.069720463884e-17,2.840553061928e+02,2.990239836431e-02,-5.169280870803e+00
