x,y,z,Bx,By,Bz,Ex,Ey,Ez
0.000000000000e+00,0.000000000000e+00,1.000000000000e+00,1.564079209633e-18,3.223746010217e-16,-1.185695111658e-17,-2.920940236490e+02,-5.802637970033e-03,-5.390705386412e+00
