x,y,z,Bx,By,Bz,Ex,Ey,Ez
0.000000000000e+00,0.000000000000e+00,1.000000000000e+00,4.437011597465e-18,7.512420502132e-16,-8.924324018842e-17,-5.135818722687e+02,5.070067536330e-02,-1.254437236841e+01
