x,y,z,Bx,By,Bz,Ex,Ey,Ez
0.000000000000e+00,0.000000000000e+00,1.000000000000e+00,7.552086051050e-19,1.664578838928e-16,-1.866494728414e-17,-1.876810561470e+02,1.012056897998e-02,-2.778829287976e+00
