x,y,z,Bx,By,Bz,Ex,Ey,Ez
0.000000000000e+00,0.000000000000e+00,1.000000000000e+00,1.285524791659e-14,2.938341968260e-13,-3.177027607614e-14,-3.163384139360e+04,-9.918002090539e+00,-4.907951627922e+03
