x,y,z,Bx,By,Bz,Ex,Ey,Ez
0.000000000000e+00,0.000000000000e+00,1.000000000000e+00,-4.483234574941e-19,1.350424640285e-16,1.645433134216e-18,1.633127636155e+02,2.594496917703e-03,-2.255915996414e+00
