x,y,z,Bx,By,Bz,Ex,Ey,Ez
0.000000000000e+00,0.000000000000e+00,1.000000000000e+00,6.272661042650e-17,5.263871500656e-15,-3.687032055806e-16,-1.894669419378e+03,-5.640157030508e-02,-8.791712055921e+01
