x,y,z,Bx,By,Bz,Ex,Ey,Ez
0.000000000000e+00,0.000000000000e+00,1.000000000000e+00,-4.592627415077e-19,1.278307968263e-16,1.891006863128e-18,1.574519656302e+02,-3.232380942896e-03,-2.135692683251e+00
