x,y,z,Bx,By,Bz,Ex,Ey,Ez
0.000000000000e+00,0.000000000000e+00,1.000000000000e+00,2.731835086137e-19,8.983141545709e-17,5.498669208607e-18,-1.244471437786e+02,-6.890991266518e-04,-1.501134043614e+00
