x,y,z,Bx,By,Bz,Ex,Ey,Ez
0.000000000000e+00,0.000000000000e+00,1.000000000000e+00,2.136469874716e-18,3.960693843751e-16,-3.826021616421e-17,-3.349039779730e+02,3.385592859934e-03,-6.615558971549e+00
