x,y,z,Bx,By,Bz,Ex,Ey,Ez
0.000000000000e+00,0.000000000000e+00,1.000000000000e+00,-2.749482360142e-19,7.146600473984e-17,7.758408165430e-18,1.068243999284e+02,-2.624094408515e-03,-1.194067816710e+00
