x,y,z,Bx,By,Bz,Ex,Ey,Ez
0.000000000000e+00,0.000000000000e+00,1.000000000000e+00,2.834047627198e-17,2.815899997038e-15,-2.378540834986e-16,-1.244864082154e+03,6.599616086402e-02,-4.706194979698e+01
