x,y,z,Bx,By,Bz,Ex,Ey,Ez
0.000000000000e+00,0.000000000000e+00,1.000000000000e+00,-1.790123095338e-19,6.059484731403e-17,-1.717763200909e-17,9.571766280801e+01,2.294598094533e-03,-1.012723062644e+00
