x,y,z,Bx,By,Bz,Ex,Ey,Ez
0.000000000000e+00,0.000000000000e+00,1.000000000000e+00,4.963958209398e-19,1.559845108977e-16,2.820404267177e-17,-1.797054746797e+02,1.944278204590e-03,-2.604085124847e+00
