x,y,z,Bx,By,Bz,Ex,Ey,Ez
0.000000000000e+00,0.000000000000e+00,1.000000000000e+00,-8.642021716836e-19,1.841905669222e-16,1.163524029729e-17,2.010777024283e+02,1.446114050130e-02,-3.081344110501e+00
