x,y,z,Bx,By,Bz,Ex,Ey,Ez
0.000000000000e+00,0.000000000000e+00,1.000000000000e+00,-6.091826617778e-19,1.987876829914e-16,-6.939712986815e-17,2.115043352145e+02,1.412218245843e-02,-3.322385498158e+00
