x,y,z,Bx,By,Bz,Ex,Ey,Ez
0.000000000000e+00,0.000000000000e+00,1.000000000000e+00,5.246886722312e-17,4.589417988010e-15,-3.913901615992e-16,-1.727813655676e+03,-8.191774571116e-02,-7.665411116787e+01
