x,y,z,Bx,By,Bz,Ex,Ey,Ez
0.000000000000e+00,0.000000000000e+00,1.000000000000e+00,-6.013782276277e-18,8.895924813197e-16,-7.450090365063e-17,5.749905641897e+02,-6.473117992522e-02,-1.485344476994e+01
