x,y,z,Bx,By,Bz,Ex,Ey,Ez
0.000000000000e+00,0.000000000000e+00,1.000000000000e+00,4.671899791564e-19,1.154464256435e-16,-4.706519321645e-18,-1.471904209486e+02,7.866899555779e-03,-1.930570894380e+00
