x,y,z,Bx,By,Bz,Ex,Ey,Ez
0.000000000000e+00,0.000000000000e+00,1.000000000000e+00,-1.515195310798e-18,3.101270700701e-16,-4.299307612805e-17,2.845513184026e+02,2.973450564848e-02,-5.182750842864e+00
