x,y,z,Bx,By,Bz,Ex,Ey,Ez
0.000000000000e+00,0.000000000000e+00,1.000000000000e+00,4.235402106238e-18,7.380925768358e-16,-6.208881526273e-17,-5.076112841330e+02,5.120624994988e-02,-1.232757269857e+01
