x,y,z,Bx,By,Bz,Ex,Ey,Ez
0.000000000000e+00,0.000000000000e+00,1.000000000000e+00,-7.541595426673e-19,2.134349400107e-16,-9.655371230410e-17,2.216923347512e+02,-1.811495551118e-02,-3.564857569902e+00
