x,y,z,Bx,By,Bz,Ex,Ey,Ez
0.000000000000e+00,0.000000000000e+00,1.000000000000e+00,-2.689376606620e-18,5.211241303065e-16,-7.054886167387e-17,4.024028567832e+02,3.926709736028e-02,-8.708527861495e+00
