x,y,z,Bx,By,Bz,Ex,Ey,Ez
0.000000000000e+00,0.000000000000e+00,1.000000000000e+00,2.234504814782e-19,1.030217221564e-16,7.668359477153e-18,-1.362368061609e+02,-2.979342089079e-03,-1.719314771323e+00
