x,y,z,Bx,By,Bz,Ex,Ey,Ez
0.000000000000e+00,0.000000000000e+00,1.000000000000e+00,-1.426209998446e-19,6.235276792301e-17,-8.370646647219e-18,9.757795678887e+01,9.857706280617e-04,-1.042357436351e+00
