x,y,z,Bx,By,Bz,Ex,Ey,Ez
0.000000000000e+00,0.000000000000e+00,1.000000000000e+00,1.887362571996e-15,6.941120338768e-14,-7.663708772267e-15,-1.108535986499e+04,-1.852212123818e+00,-1.159468726414e+03
