x,y,z,Bx,By,Bz,Ex,Ey,Ez
0.000000000000e+00,0.000000000000e+00,1.000000000000e+00,6.015652703691e-18,9.462017600504e-16,-9.018884166924e-17,-5.999701501963e+02,-3.631949277353e-02,-1.582700134805e+01
