x,y,z,Bx,By,Bz,Ex,Ey,Ez
0.000000000000e+00,0.000000000000e+00,1.000000000000e+00,9.532764463038e-19,2.089326819386e-16,-3.467939136677e-17,-2.186282177126e+02,3.806165713475e-03,-3.492333842971e+00
