x,y,z,Bx,By,Bz,Ex,Ey,Ez
0.000000000000e+00,0.000000000000e+00,1.000000000000e+00,3.355958242915e-17,3.407128836188e-15,-3.761320933412e-16,-1.414762283471e+03,3.017965456286e-02,-5.692724257975e+01
