x,y,z,Bx,By,Bz,Ex,Ey,Ez
0.000000000000e+00,0.000000000000e+00,1.000000000000e+00,-1.780317309541e-15,6.533172507864e-14,-7.971075491739e-15,1.061384317210e+04,6.089535832409e-01,-1.090195859496e+03
