x,y,z,Bx,By,Bz,Ex,Ey,Ez
0.000000000000e+00,0.000000000000e+00,1.000000000000e+00,-9.820329961009e-18,1.234501231006e-15,-5.658575281561e-17,7.159063750707e+02,2.345094559075e-02,-2.061786924887e+01
