x,y,z,Bx,By,Bz,Ex,Ey,Ez
0.000000000000e+00,0.000000000000e+00,1.000000000000e+00,-1.965591361155e-13,2.436727715439e-12,-5.025667709320e-13,1.916283605681e+05,-1.022254878684e+02,-4.066754282143e+04
