x,y,z,Bx,By,Bz,Ex,Ey,Ez
0.000000000000e+00,0.000000000000e+00,1.000000000000e+00,-1.734574280070e-14,3.697480991148e-13,-5.121897738778e-14,3.781962164772e+04,-2.103672028688e+01,-6.179240179572e+03
