x,y,z,Bx,By,Bz,Ex,Ey,Ez
0.000000000000e+00,0.000000000000e+00,1.000000000000e+00,2.111528254008e-18,5.096941521414e-16,-9.306104038052e-17,-3.966991424201e+02,-1.300591899199e-02,-8.521864769105e+00
