x,y,z,Bx,By,Bz,Ex,Ey,Ez
0.000000000000e+00,0.000000000000e+00,1.000000000000e+00,1.581401776532e-17,1.895619708774e-15,-3.806191939705e-17,-9.543555261700e+02,-4.594068574968e-02,-3.167080762048e+01
