x,y,z,Bx,By,Bz,Ex,Ey,Ez
0.000000000000e+00,0.000000000000e+00,1.000000000000e+00,7.489809031973e-15,1.937114893968e-13,-2.053868790679e-14,-2.316732438751e+04,-9.594951526692e+00,-3.235788309708e+03
