x,y,z,Bx,By,Bz,Ex,Ey,Ez
0.000000000000e+00,0.000000000000e+00,1.000000000000e+00,-9.185485622320e-19,1.822305934179e-16,1.248021435988e-17,1.996128196468e+02,1.267737467785e-02,-3.047888628241e+00
