x,y,z,Bx,By,Bz,Ex,Ey,Ez
0.000000000000e+00,0.000000000000e+00,1.000000000000e+00,1.145458411825e-16,7.964195743826e-15,-8.006249839061e-16,-2.506359078165e+03,1.710777424313e-01,-1.330885901066e+02
