x,y,z,Bx,By,Bz,Ex,Ey,Ez
0.000000000000e+00,0.000000000000e+00,1.000000000000e+00,6.510522036480e-18,1.085306953358e-15,-1.430609297672e-17,-6.566623595407e+02,-8.221712071565e-03,-1.811706638395e+01
