x,y,z,Bx,By,Bz,Ex,Ey,Ez
0.000000000000e+00,0.000000000000e+00,1.000000000000e+00,1.716099432285e-19,6.800269045210e-17,-3.607113526062e-18,-1.033841428236e+02,4.231955046432e-03,-1.136784771184e+00
