x,y,z,Bx,By,Bz,Ex,Ey,Ez
0.000000000000e+00,0.000000000000e+00,1.000000000000e+00,2.752068081273e-18,4.560156532406e-16,-5.313005007915e-17,-3.681745461992e+02,1.216014771215e-02,-7.622754220177e+00
