x,y,z,Bx,By,Bz,Ex,Ey,Ez
0.000000000000e+00,0.000000000000e+00,1.000000000000e+00,1.166009689561e-18,2.504528695911e-16,-9.253471521903e-18,-2.467125078051e+02,-9.070708707759e-03,-4.185955070500e+00
