x,y,z,Bx,By,Bz,Ex,Ey,Ez
0.000000000000e+00,0.000000000000e+00,1.000000000000e+00,2.787078426104e-19,8.664957306740e-17,2.936298390218e-19,-1.214980361042e+02,-3.187504763529e-03,-1.448105227764e+00
