x,y,z,Bx,By,Bz,Ex,Ey,Ez
0.000000000000e+00,0.000000000000e+00,1.000000000000e+00,1.381566706802e-17,1.694670481159e-15,-1.373926124028e-16,-8.854651399142e+02,-9.134246977959e-02,-2.831377441336e+01
