x,y,z,Bx,By,Bz,Ex,Ey,Ez
0.000000000000e+00,0.000000000000e+00,1.000000000000e+00,2.285392389843e-19,1.032144625166e-16,8.510192955977e-18,-1.364005286235e+02,-2.813322109067e-03,-1.722422107672e+00
