x,y,z,Bx,By,Bz,Ex,Ey,Ez
0.000000000000e+00,0.000000000000e+00,1.000000000000e+00,6.449431373213e-18,9.013766140050e-16,-1.283741820219e-16,-5.807820944750e+02,-2.685779995973e-02,-1.507557215360e+01
