x,y,z,Bx,By,Bz,Ex,Ey,Ez
0.000000000000e+00,0.000000000000e+00,1.000000000000e+00,-8.387524178141e-17,6.287408653447e-15,-3.947798362099e-16,2.137465939359e+03,-1.343451616107e-01,-1.051322961029e+02
