x,y,z,Bx,By,Bz,Ex,Ey,Ez
0.000000000000e+00,0.000000000000e+00,1.000000000000e+00,2.835469924982e-19,8.548436340787e-17,-7.181374433528e-18,-1.204036421150e+02,-3.463076261414e-03,-1.428561117631e+00
