x,y,z,Bx,By,Bz,Ex,Ey,Ez
0.000000000000e+00,0.000000000000e+00,1.000000000000e+00,1.967174244621e-19,6.644060997379e-17,9.713726169784e-18,-1.017735048700e+02,2.916568733892e-03,-1.110426396579e+00
