x,y,z,Bx,By,Bz,Ex,Ey,Ez
0.000000000000e+00,0.000000000000e+00,1.000000000000e+00,4.201684867285e-19,1.169682648268e-16,-7.526655447110e-18,-1.484903578867e+02,8.245610179921e-03,-1.956095562708e+00
