x,y,z,Bx,By,Bz,Ex,Ey,Ez
0.000000000000e+00,0.000000000000e+00,1.000000000000e+00,1.639603701261e-18,2.963921009608e-16,-5.328438373473e-17,-2.758413804193e+02,1.391296037020e-03,-4.947389184013e+00
