x,y,z,Bx,By,Bz,Ex,Ey,Ez
0.000000000000e+00,0.000000000000e+00,1.000000000000e+00,3.589706806169e-15,1.112061524290e-13,-1.210709610451e-14,-1.548259417916e+04,-5.864706174250e+00,-1.857133678918e+03
