x,y,z,Bx,By,Bz,Ex,Ey,Ez
0.000000000000e+00,0.000000000000e+00,1.000000000000e+00,-2.372876300411e-13,2.816089607146e-12,-6.193151859657e-13,2.209735743682e+05,-1.207139320377e+02,-4.699184361535e+04
