x,y,z,Bx,By,Bz,Ex,Ey,Ez
0.000000000000e+00,0.000000000000e+00,1.000000000000e+00,7.834462653489e-19,1.950152888222e-16,-3.423150992089e-18,-2.086400713636e+02,4.076198950328e-03,-3.256323220897e+00
