x,y,z,Bx,By,Bz,Ex,Ey,Ez
0.000000000000e+00,0.000000000000e+00,1.000000000000e+00,-1.058894657978e-18,2.390645041243e-16,3.940091461583e-17,2.388828172947e+02,-1.451453187196e-02,-3.989374536693e+00
