x,y,z,Bx,By,Bz,Ex,Ey,Ez
0.000000000000e+00,0.000000000000e+00,1.000000000000e+00,5.067019202836e-19,1.566419828190e-16,2.689100343808e-17,-1.802038098475e+02,2.895279745453e-03,-2.614907468715e+00
