x,y,z,Bx,By,Bz,Ex,Ey,Ez
0.000000000000e+00,0.000000000000e+00,1.000000000000e+00,5.822573724221e-18,9.681236224944e-16,-7.256817799553e-17,-6.091481370445e+02,-3.693872026939e-02,-1.619071341677e+01
