x,y,z,Bx,By,Bz,Ex,Ey,Ez
0.000000000000e+00,0.000000000000e+00,1.000000000000e+00,-8.084322902534e-13,7.085651923009e-12,-2.479848044246e-12,5.868740578194e+05,-1.848567949719e+02,-1.181979815698e+05
