x,y,z,Bx,By,Bz,Ex,Ey,Ez
0.000000000000e+00,0.000000000000e+00,1.000000000000e+00,1.850811390486e-19,5.952442179948e-17,2.700699667362e-18,-9.456236123179e+01,-4.367482305956e-04,-9.945975062950e-01
