x,y,z,Bx,By,Bz,Ex,Ey,Ez
0.000000000000e+00,0.000000000000e+00,1.000000000000e+00,-2.424162647798e-17,2.772664426546e-15,-4.100791278421e-16,1.231428094972e+03,-2.714118050741e-01,-4.629912223682e+01
