x,y,z,Bx,By,Bz,Ex,Ey,Ez
0.000000000000e+00,0.000000000000e+00,1.000000000000e+00,6.641263980157e-19,1.889739219868e-16,-4.456970701200e-18,-2.043576630148e+02,1.554451424236e-03,-3.156670695658e+00
