x,y,z,Bx,By,Bz,Ex,Ey,Ez
0.000000000000e+00,0.000000000000e+00,1.000000000000e+00,2.221767032147e-16,1.398150286357e-14,-1.132721532068e-15,-3.667884212193e+03,-8.073442407923e-01,-2.335225816185e+02
