x,y,z,Bx,By,Bz,Ex,Ey,Ez
0.000000000000e+00,0.000000000000e+00,1.000000000000e+00,-2.088734903520e-19,7.546042286892e-17,-1.024040567766e-17,1.108034366656e+02,4.176842694532e-04,-1.261284763965e+00
