x,y,z,Bx,By,Bz,Ex,Ey,Ez
0.000000000000e+00,0.000000000000e+00,1.000000000000e+00,-1.787662059854e-17,1.933609549151e-15,-2.162199241372e-16,9.669810519705e+02,-2.026591489403e-02,-3.228310347204e+01
