x,y,z,Bx,By,Bz,Ex,Ey,Ez
0.000000000000e+00,0.000000000000e+00,1.000000000000e+00,3.548715973038e-17,3.549459803840e-15,-3.968197842792e-16,-1.454028459269e+03,1.419328603837e-02,-5.929413556427e+01
