x,y,z,Bx,By,Bz,Ex,Ey,Ez
0.000000000000e+00,0.000000000000e+00,1.000000000000e+00,4.043691990522e-17,3.858305282028e-15,-4.225921409619e-16,-1.537604434740e+03,-2.541860575748e-02,-6.443737261911e+01
