x,y,z,Bx,By,Bz,Ex,Ey,Ez
0.000000000000e+00,0.000000000000e+00,1.000000000000e+00,-5.052822075179e-19,1.523000909605e-16,-1.819679862043e-17,1.770305982393e+02,-8.128081651799e-03,-2.545667896467e+00
