x,y,z,Bx,By,Bz,Ex,Ey,Ez
0.000000000000e+00,0.000000000000e+00,1.000000000000e+00,-2.681490874822e-15,8.712776569114e-14,-8.182113760053e-15,1.300472680985e+04,-9.140785493263e-01,-1.454876176813e+03
