x,y,z,Bx,By,Bz,Ex,Ey,Ez
0.000000000000e+00,0.000000000000e+00,1.000000000000e+00,2.188982408214e-17,2.344138357822e-15,-1.893425903187e-16,-1.100084329450e+03,4.976542134545e-02,-3.914549807703e+01
