x,y,z,Bx,By,Bz,Ex,Ey,Ez
0.000000000000e+00,0.000000000000e+00,1.000000000000e+00,-1.309225605190e-17,1.711668870320e-15,-2.980547009226e-16,8.911379091624e+02,5.875391627964e-02,-2.857334467597e+01
