x,y,z,Bx,By,Bz,Ex,Ey,Ez
0.000000000000e+00,0.000000000000e+00,1.000000000000e+00,-4.548727808321e-17,4.046997404068e-15,-1.440480157510e-16,1.588066303203e+03,4.080698357807e-01,-6.765317944837e+01
