x,y,z,Bx,By,Bz,Ex,Ey,Ez
0.000000000000e+00,0.000000000000e+00,1.000000000000e+00,5.190985580728e-16,2.520681504806e-14,-1.575018883930e-15,-5.481081509039e+03,1.769722098844e+00,-4.208917591959e+02
