x,y,z,Bx,By,Bz,Ex,Ey,Ez
0.000000000000e+00,0.000000000000e+00,1.000000000000e+00,1.665294517632e-19,7.268392403942e-17,-1.741318703394e-17,-1.079800150896e+02,6.583455779221e-05,-1.213265743552e+00
