x,y,z,Bx,By,Bz,Ex,Ey,Ez
0.000000000000e+00,0.000000000000e+00,1.000000000000e+00,5.343819358410e-19,1.107709143189e-16,4.599656216400e-18,-1.430385532448e+02,5.451518275727e-03,-1.849716375250e+00
