x,y,z,Bx,By,Bz,Ex,Ey,Ez
0.000000000000e+00,0.000000000000e+00,1.000000000000e+00,2.701809542000e-18,4.481346233279e-16,-3.985651933178e-17,-3.638354014398e+02,1.288284648797e-02,-7.488958592948e+00
