x,y,z,Bx,By,Bz,Ex,Ey,Ez
0.000000000000e+00,0.000000000000e+00,1.000000000000e+00,1.048429307827e-17,1.271029401239e-15,-1.022404540591e-16,-7.300709685067e+02,5.436328832003e-02,-2.122486025880e+01
