x,y,z,Bx,By,Bz,Ex,Ey,Ez
0.000000000000e+00,0.000000000000e+00,1.000000000000e+00,1.959214972683e-19,6.543279400470e-17,1.180570823616e-17,-1.007222719522e+02,1.422958469978e-03,-1.093300655228e+00
