x,y,z,Bx,By,Bz,Ex,Ey,Ez
0.000000000000e+00,0.000000000000e+00,1.000000000000e+00,-6.252458868577e-19,1.938509086252e-16,-3.138889344350e-17,2.080418501564e+02,1.845766763330e-02,-3.241699178988e+00
