x,y,z,Bx,By,Bz,Ex,Ey,Ez
0.000000000000e+00,0.000000000000e+00,1.000000000000e+00,2.841304060170e-19,9.511428245414e-17,-2.247357263577e-17,-1.293134677824e+02,-8.117968382190e-04,-1.589824300342e+00
