x,y,z,Bx,By,Bz,Ex,Ey,Ez
0.000000000000e+00,0.000000000000e+00,1.000000000000e+00,-4.805908521003e-18,8.147514690681e-16,-1.389802866920e-16,5.424062188793e+02,-4.401061493969e-02,-1.360896311119e+01
