x,y,z,Bx,By,Bz,Ex,Ey,Ez
0.000000000000e+00,0.000000000000e+00,1.000000000000e+00,-3.608250000207e-18,6.234966891751e-16,-4.830990564503e-17,4.534419033257e+02,2.101229315123e-02,-1.041122091688e+01
