x,y,z,Bx,By,Bz,Ex,Ey,Ez
0.000000000000e+00,0.000000000000e+00,1.000000000000e+00,2.086032847838e-19,9.944820680578e-17,-1.301362999372e-17,-1.331828532506e+02,-4.079918962984e-03,-1.661706982437e+00
