x,y,z,Bx,By,Bz,Ex,Ey,Ez
0.000000000000e+00,0.000000000000e+00,1.000000000000e+00,4.442056080921e-18,6.546200572488e-16,4.403601654754e-17,-4.686344810208e+02,3.095526468315e-03,-1.094244168755e+01
