x,y,z,Bx,By,Bz,Ex,Ey,Ez
0.000000000000e+00,0.000000000000e+00,1.000000000000e+00,-5.623386306880e-19,1.439479978910e-16,-4.083156724883e-17,1.704343502056e+02,-1.069290760956e-03,-2.404668550105e+00
