x,y,z,Bx,By,Bz,Ex,Ey,Ez
0.000000000000e+00,0.000000000000e+00,1.000000000000e+00,1.034971972124e-18,2.372067884840e-16,-2.960403488991e-17,-2.377895767529e+02,-8.578640030266e-03,-3.960843555305e+00
