x,y,z,Bx,By,Bz,Ex,Ey,Ez
0.000000000000e+00,0.000000000000e+00,1.000000000000e+00,-4.454923810796e-18,6.820208930894e-16,-8.376239547414e-17,4.816021920842e+02,1.999477894095e-02,-1.139255134566e+01
