x,y,z,Bx,By,Bz,Ex,Ey,Ez
0.000000000000e+00,0.000000000000e+00,1.000000000000e+00,1.689356058006e-19,6.143142219090e-17,-1.013492365504e-17,-9.658677764401e+01,-4.534299199456e-04,-1.026642828174e+00
