x,y,z,Bx,By,Bz,Ex,Ey,Ez
0.000000000000e+00,0.000000000000e+00,1.000000000000e+00,2.800774238956e-19,8.635585451748e-17,-1.441238552245e-18,-1.212230003753e+02,-3.309779942762e-03,-1.443186030353e+00
