x,y,z,Bx,By,Bz,Ex,Ey,Ez
0.000000000000e+00,0.000000000000e+00,1.000000000000e+00,-7.991562108329e-19,2.236199170025e-16,-1.769710995250e-17,2.286139550366e+02,-2.939498485584e-02,-3.733990200821e+00
