x,y,z,Bx,By,Bz,Ex,Ey,Ez
0.000000000000e+00,0.000000000000e+00,1.000000000000e+00,-1.398113792923e-18,2.561649423260e-16,-6.571538736375e-18,2.503213413502e+02,-2.962527914898e-04,-4.278999209242e+00
