x,y,z,Bx,By,Bz,Ex,Ey,Ez
0.000000000000e+00,0.000000000000e+00,1.000000000000e+00,1.140353200006e-18,2.422970982858e-16,-2.368801185842e-17,-2.412229902695e+02,-9.547038131242e-03,-4.046987937500e+00
