x,y,z,Bx,By,Bz,Ex,Ey,Ez
0.000000000000e+00,0.000000000000e+00,1.000000000000e+00,-2.040636554090e-16,1.211215124337e-14,-1.655949140512e-15,3.327903188368e+03,-5.993999107303e-01,-2.022354676837e+02
