x,y,z,Bx,By,Bz,Ex,Ey,Ez
0.000000000000e+00,0.000000000000e+00,1.000000000000e+00,-1.084001071902e-17,1.318773563655e-15,-2.963414147565e-17,7.486074443076e+02,5.115741933719e-02,-2.204040942808e+01
