x,y,z,Bx,By,Bz,Ex,Ey,Ez
0.000000000000e+00,0.000000000000e+00,1.000000000000e+00,-6.827384380119e-18,9.475467905888e-16,-2.505874695652e-17,5.998836589943e+02,-5.616623295040e-02,-1.582807640128e+01
