x,y,z,Bx,By,Bz,Ex,Ey,Ez
0.000000000000e+00,0.000000000000e+00,1.000000000000e+00,-6.585243633400e-16,3.027557056348e-14,-1.419397281267e-15,6.220695334698e+03,1.474809639317e+00,-5.062520842410e+02
