x,y,z,Bx,By,Bz,Ex,Ey,Ez
0.000000000000e+00,0.000000000000e+00,1.000000000000e+00,-7.502642733596e-16,3.417406497999e-14,-2.139024784344e-15,6.765050681566e+03,2.447958310618e+00,-5.715339515908e+02
