x,y,z,Bx,By,Bz,Ex,Ey,Ez
0.000000000000e+00,0.000000000000e+00,1.000000000000e+00,-1.821455783522e-18,3.854829874135e-16,-1.195441129343e-16,3.287348871782e+02,-3.690094172596e-02,-6.431805075421e+00
