x,y,z,Bx,By,Bz,Ex,Ey,Ez
0.000000000000e+00,0.000000000000e+00,1.000000000000e+00,-4.781914711046e-19,1.619861805971e-16,1.236061293120e-17,1.842700917976e+02,-3.473743483825e-03,-2.703631031583e+00
