x,y,z,Bx,By,Bz,Ex,Ey,Ez
0.000000000000e+00,0.000000000000e+00,1.000000000000e+00,-2.121964366905e-19,9.273559412264e-17,-4.818565535012e-18,1.270676601865e+02,-5.364865061700e-03,-1.548633764815e+00
