x,y,z,Bx,By,Bz,Ex,Ey,Ez
0.000000000000e+00,0.000000000000e+00,1.000000000000e+00,9.408328020024e-19,2.020749634778e-16,-1.891871061944e-17,-2.137074149849e+02,5.613109315111e-03,-3.375419627611e+00
