x,y,z,Bx,By,Bz,Ex,Ey,Ez
0.000000000000e+00,0.000000000000e+00,1.000000000000e+00,4.331000708539e-17,4.025856000977e-15,-4.222376613537e-16,-1.582105511047e+03,-4.645260081960e-02,-6.723328016294e+01
