x,y,z,Bx,By,Bz,Ex,Ey,Ez
0.000000000000e+00,0.000000000000e+00,1.000000000000e+00,-3.967054215448e-14,7.039390794400e-13,-9.455605601387e-14,6.316321232193e+04,-5.061056737157e+01,-1.176318337699e+04
