x,y,z,Bx,By,Bz,Ex,Ey,Ez
0.000000000000e+00,0.000000000000e+00,1.000000000000e+00,-6.485346712739e-19,2.033976877869e-16,-9.874865607783e-17,2.147228001036e+02,5.713750309762e-03,-3.398113644221e+00
