x,y,z,Bx,By,Bz,Ex,Ey,Ez
0.000000000000e+00,0.000000000000e+00,1.000000000000e+00,-5.629452727673e-19,1.486223783305e-16,-3.484674804338e-17,1.741602668556e+02,-6.053612729391e-03,-2.483936564851e+00
