x,y,z,Bx,By,Bz,Ex,Ey,Ez
0.000000000000e+00,0.000000000000e+00,1.000000000000e+00,2.803485047674e-19,9.544655736954e-17,-2.331102883592e-17,-1.296172410059e+02,-1.104019442887e-03,-1.595420314708e+00
