x,y,z,Bx,By,Bz,Ex,Ey,Ez
0.000000000000e+00,0.000000000000e+00,1.000000000000e+00,-1.014144641952e-15,4.428160026147e-14,-4.782960754929e-15,8.095146301795e+03,3.411555604556e+00,-7.398680534847e+02
