x,y,z,Bx,By,Bz,Ex,Ey,Ez
0.000000000000e+00,0.000000000000e+00,1.000000000000e+00,-1.512515473599e-18,3.232957541191e-16,-6.627401205796e-17,2.926618096607e+02,2.354430573074e-02,-5.404734661948e+00
