x,y,z,Bx,By,Bz,Ex,Ey,Ez
0.000000000000e+00,0.000000000000e+00,1.000000000000e+00,-2.598669492015e-19,8.118552134793e-17,1.438571731736e-17,1.162832359134e+02,7.155031896522e-04,-1.356024599222e+00
