x,y,z,Bx,By,Bz,Ex,Ey,Ez
0.000000000000e+00,0.000000000000e+00,1.000000000000e+00,-4.136062908928e-14,7.272062991691e-13,-9.805569119041e-14,6.488043270315e+04,-5.117783224106e+01,-1.215169349532e+04
