x,y,z,Bx,By,Bz,Ex,Ey,Ez
0.000000000000e+00,0.000000000000e+00,1.000000000000e+00,6.842113902561e-19,1.819298858612e-16,-2.385449172224e-17,-1.993383590458e+02,9.626807394632e-04,-3.041124967512e+00
