x,y,z,Bx,By,Bz,Ex,Ey,Ez
0.000000000000e+00,0.000000000000e+00,1.000000000000e+00,-2.189954701634e-19,9.323236246695e-17,1.145237967825e-18,1.275098635697e+02,-5.207023569921e-03,-1.556756445013e+00
