x,y,z,Bx,By,Bz,Ex,Ey,Ez
0.000000000000e+00,0.000000000000e+00,1.000000000000e+00,-1.474165133943e-18,3.284519991876e-16,-6.931173447546e-17,2.957899303811e+02,2.023258401459e-02,-5.491226995514e+00
