x,y,z,Bx,By,Bz,Ex,Ey,Ez
0.000000000000e+00,0.000000000000e+00,1.000000000000e+00,-8.363652132529e-15,2.114115766119e-13,-2.610518790586e-14,2.475631452600e+04,1.764248909383e+00,-3.533085357585e+03
