x,y,z,Bx,By,Bz,Ex,Ey,Ez
0.000000000000e+00,0.000000000000e+00,1.000000000000e+00,-2.187295058948e-19,8.888553564475e-17,-4.241423605494e-17,1.236082682765e+02,-7.270883407471e-04,-1.485675116412e+00
