x,y,z,Bx,By,Bz,Ex,Ey,Ez
0.000000000000e+00,0.000000000000e+00,1.000000000000e+00,7.631533648011e-19,1.668039989695e-16,-2.042250864235e-17,-1.879472259161e+02,1.007034749413e-02,-2.784721860141e+00
