x,y,z,Bx,By,Bz,Ex,Ey,Ez
0.000000000000e+00,0.000000000000e+00,1.000000000000e+00,-4.703018505881e-18,8.030368708243e-16,-1.438305723882e-16,5.372415725581e+02,-3.780543415921e-02,-1.341528279379e+01
