x,y,z,Bx,By,Bz,Ex,Ey,Ez
0.000000000000e+00,0.000000000000e+00,1.000000000000e+00,7.092524483587e-17,5.749376657017e-15,-3.641125228232e-16,-2.010444218439e+03,1.348857047836e-03,-9.601478749164e+01
