x,y,z,Bx,By,Bz,Ex,Ey,Ez
0.000000000000e+00,0.000000000000e+00,1.000000000000e+00,6.051595758469e-18,9.426256812257e-16,-9.317843353307e-17,-5.984607266463e+02,-3.597399053444e-02,-1.576744981492e+01
