x,y,z,Bx,By,Bz,Ex,Ey,Ez
0.000000000000e+00,0.000000000000e+00,1.000000000000e+00,-4.318079881407e-19,1.235047081692e-16,-2.422523629427e-17,1.538577428958e+02,-3.130917977298e-03,-2.062872674703e+00
