x,y,z,Bx,By,Bz,Ex,Ey,Ez
0.000000000000e+00,0.000000000000e+00,1.000000000000e+00,-2.618680939342e-18,5.036808053677e-16,-3.240211969198e-17,3.933695680167e+02,4.000751281076e-02,-8.418699025715e+00
