x,y,z,Bx,By,Bz,Ex,Ey,Ez
0.000000000000e+00,0.000000000000e+00,1.000000000000e+00,-2.651987787507e-17,2.897146803255e-15,-2.855437007552e-16,1.267715217844e+03,-3.053462694578e-01,-4.835847407564e+01
