x,y,z,Bx,By,Bz,Ex,Ey,Ez
0.000000000000e+00,0.000000000000e+00,1.000000000000e+00,2.853347133757e-19,8.448473903452e-17,-1.388699913761e-17,-1.194582248361e+02,-3.221687588252e-03,-1.411746370959e+00
