x,y,z,Bx,By,Bz,Ex,Ey,Ez
0.000000000000e+00,0.000000000000e+00,1.000000000000e+00,-2.259097258400e-19,7.435767067696e-17,-1.068725477936e-18,1.097277038783e+02,3.513287241694e-04,-1.243012226867e+00
