x,y,z,Bx,By,Bz,Ex,Ey,Ez
0.000000000000e+00,0.000000000000e+00,1.000000000000e+00,-5.409599264104e-19,1.422391760678e-16,-3.680764632055e-17,1.690655586062e+02,7.369091246762e-04,-2.375803917087e+00
