x,y,z,Bx,By,Bz,Ex,Ey,Ez
0.000000000000e+00,0.000000000000e+00,1.000000000000e+00,-1.404927021261e-18,2.580129778467e-16,-8.296592444563e-18,2.515512745272e+02,2.947222015473e-04,-4.310519300885e+00
