x,y,z,Bx,By,Bz,Ex,Ey,Ez
0.000000000000e+00,0.000000000000e+00,1.000000000000e+00,-1.215089856614e-19,6.323038548679e-17,-4.277124213344e-18,9.847789624328e+01,9.400535546560e-04,-1.056799256622e+00
