x,y,z,Bx,By,Bz,Ex,Ey,Ez
0.000000000000e+00,0.000000000000e+00,1.000000000000e+00,-5.260705483472e-17,4.708139800486e-15,-8.402405689367e-16,1.758326226236e+03,3.343158758488e-01,-7.864599626618e+01
