x,y,z,Bx,By,Bz,Ex,Ey,Ez
0.000000000000e+00,0.000000000000e+00,1.000000000000e+00,-4.485821552263e-19,1.251649629404e-16,-1.409633177160e-17,1.552407023012e+02,-3.789424626801e-03,-2.090794576351e+00
