x,y,z,Bx,By,Bz,Ex,Ey,Ez
0.000000000000e+00,0.000000000000e+00,1.000000000000e+00,-1.578644838472e-17,1.835736202593e-15,-2.723471150997e-16,9.337733797299e+02,4.343194434198e-03,-3.063967858573e+01
