x,y,z,Bx,By,Bz,Ex,Ey,Ez
0.000000000000e+00,0.000000000000e+00,1.000000000000e+00,1.403012356945e-19,6.953976693431e-17,-1.791554156497e-17,-1.049225446629e+02,3.657927543554e-03,-1.162144514191e+00
