x,y,z,Bx,By,Bz,Ex,Ey,Ez
0.000000000000e+00,0.000000000000e+00,1.000000000000e+00,-1.913974536849e-16,1.159850443901e-14,-1.669168891574e-15,3.230917349371e+03,-4.290796678572e-01,-1.935866912953e+02
