x,y,z,Bx,By,Bz,Ex,Ey,Ez
0.000000000000e+00,0.000000000000e+00,1.000000000000e+00,-3.794715061558e-19,1.100476436995e-16,6.844823327160e-18,1.425160835360e+02,1.211035620687e-03,-1.839417842557e+00
