x,y,z,Bx,By,Bz,Ex,Ey,Ez
0.000000000000e+00,0.000000000000e+00,1.000000000000e+00,-4.416626384441e-17,3.855801146379e-15,8.011022004149e-17,1.536769001452e+03,3.115308466299e-01,-6.444715388293e+01
