x,y,z,Bx,By,Bz,Ex,Ey,Ez
0.000000000000e+00,0.000000000000e+00,1.000000000000e+00,-7.899473413792e-19,1.866091852684e-16,7.137533474773e-18,2.028583235173e+02,1.647089139537e-02,-3.122133235957e+00
