x,y,z,Bx,By,Bz,Ex,Ey,Ez
0.000000000000e+00,0.000000000000e+00,1.000000000000e+00,5.138519386243e-19,1.097977020383e-16,7.413626009921e-18,-1.421594876436e+02,4.634969087744e-03,-1.832721510793e+00
