x,y,z,Bx,By,Bz,Ex,Ey,Ez
0.000000000000e+00,0.000000000000e+00,1.000000000000e+00,-2.905977707453e-16,1.674421023578e-14,-1.360343230942e-15,4.147416398619e+03,-1.213205219424e+00,-2.798060519487e+02
