x,y,z,Bx,By,Bz,Ex,Ey,Ez
0.000000000000e+00,0.000000000000e+00,1.000000000000e+00,1.580517953611e-18,3.215263432304e-16,-1.386313199827e-17,-2.915809310721e+02,-5.991855823694e-03,-5.376519331372e+00
