x,y,z,Bx,By,Bz,Ex,Ey,Ez
0.000000000000e+00,0.000000000000e+00,1.000000000000e+00,-1.398302754492e-18,3.644170985271e-16,-1.067136214902e-16,3.167978795659e+02,-9.547700743833e-03,-6.084510697240e+00
