x,y,z,Bx,By,Bz,Ex,Ey,Ez
0.000000000000e+00,0.000000000000e+00,1.000000000000e+00,7.859108398349e-18,1.143547061995e-15,-1.110513641090e-17,-6.798224654690e+02,1.594943513655e-02,-1.908131663522e+01
