x,y,z,Bx,By,Bz,Ex,Ey,Ez
0.000000000000e+00,0.000000000000e+00,1.000000000000e+00,2.598098747287e-18,4.391387804923e-16,-2.613935820502e-17,-3.588699360882e+02,1.217521030357e-02,-7.336750526322e+00
