x,y,z,Bx,By,Bz,Ex,Ey,Ez
0.000000000000e+00,0.000000000000e+00,1.000000000000e+00,-3.769469495489e-15,1.132157096181e-13,-9.743913705469e-15,1.568269531078e+04,7.716338678344e-01,-1.891904607530e+03
