x,y,z,Bx,By,Bz,Ex,Ey,Ez
0.000000000000e+00,0.000000000000e+00,1.000000000000e+00,1.134870590957e-17,1.393927177255e-15,-2.384226311325e-16,-7.770998899379e+02,2.776906253590e-02,-2.329432133285e+01
