x,y,z,Bx,By,Bz,Ex,Ey,Ez
0.000000000000e+00,0.000000000000e+00,1.000000000000e+00,-3.462485887403e-19,1.157557705427e-16,-1.712172728854e-17,1.473798695523e+02,3.704256444390e-03,-1.934098890481e+00
