x,y,z,Bx,By,Bz,Ex,Ey,Ez
0.000000000000e+00,0.000000000000e+00,1.000000000000e+00,-2.627208423358e-18,5.067941437577e-16,-4.072500296441e-17,3.949898523268e+02,4.042240990489e-02,-8.470424147327e+00
