x,y,z,Bx,By,Bz,Ex,Ey,Ez
0.000000000000e+00,0.000000000000e+00,1.000000000000e+00,-2.401177231127e-17,2.757589758512e-15,-4.215531609976e-16,1.226999316916e+03,-2.652290175205e-01,-4.605003307064e+01
