x,y,z,Bx,By,Bz,Ex,Ey,Ez
0.000000000000e+00,0.000000000000e+00,1.000000000000e+00,-5.492259301153e-17,4.832228418922e-15,-9.026012863632e-16,1.789270835667e+03,2.741645280479e-01,-8.070604393140e+01
