x,y,z,Bx,By,Bz,Ex,Ey,Ez
0.000000000000e+00,0.000000000000e+00,1.000000000000e+00,1.337193210890e-19,7.091678097642e-17,-2.320370853676e-17,-1.062667101399e+02,2.079528264879e-03,-1.184495425230e+00
