x,y,z,Bx,By,Bz,Ex,Ey,Ez
0.000000000000e+00,0.000000000000e+00,1.000000000000e+00,4.083519028344e-17,3.881679500333e-15,-4.231398176598e-16,-1.543846522350e+03,-2.849028899814e-02,-6.482717832500e+01
