x,y,z,Bx,By,Bz,Ex,Ey,Ez
0.000000000000e+00,0.000000000000e+00,1.000000000000e+00,-8.754544127597e-16,3.929383352900e-14,-3.441115147592e-15,7.451846740727e+03,3.238153955682e+00,-6.569240766224e+02
