x,y,z,Bx,By,Bz,Ex,Ey,Ez
0.000000000000e+00,0.000000000000e+00,1.000000000000e+00,9.468058113237e-19,2.025228499357e-16,-2.013373941065e-17,-2.140303320977e+02,5.594015146552e-03,-3.383052619615e+00
