x,y,z,Bx,By,Bz,Ex,Ey,Ez
0.000000000000e+00,0.000000000000e+00,1.000000000000e+00,-2.004664264335e-19,7.672054693249e-17,-1.573701318956e-17,1.120163631589e+02,-2.162536870873e-04,-1.282014124871e+00
