x,y,z,Bx,By,Bz,Ex,Ey,Ez
0.000000000000e+00,0.000000000000e+00,1.000000000000e+00,3.794876553655e-16,2.030726662982e-14,-8.177659653620e-16,-4.725951147356e+03,4.184987299006e-01,-3.390194740680e+02
