x,y,z,Bx,By,Bz,Ex,Ey,Ez
0.000000000000e+00,0.000000000000e+00,1.000000000000e+00,-7.845225581031e-18,1.124418642459e-15,-5.557281459770e-17,6.725301583521e+02,3.223132260642e-03,-1.877879675791e+01
