x,y,z,Bx,By,Bz,Ex,Ey,Ez
0.000000000000e+00,0.000000000000e+00,1.000000000000e+00,4.205259916643e-19,1.261454792003e-16,-4.051412242442e-17,-1.560598822663e+02,3.615484121073e-03,-2.106969523875e+00
