x,y,z,Bx,By,Bz,Ex,Ey,Ez
0.000000000000e+00,0.000000000000e+00,1.000000000000e+00,3.960402323261e-15,1.196904916064e-13,-1.293870271084e-14,-1.632081938972e+04,-6.562120479231e+00,-1.998846714116e+03
