x,y,z,Bx,By,Bz,Ex,Ey,Ez
0.000000000000e+00,0.000000000000e+00,1.000000000000e+00,7.857092277542e-19,1.761145714263e-16,-3.929569036099e-17,-1.950602909665e+02,4.070974701742e-03,-2.943845081410e+00
