x,y,z,Bx,By,Bz,Ex,Ey,Ez
0.000000000000e+00,0.000000000000e+00,1.000000000000e+00,6.599274037946e-19,1.885488115568e-16,-5.166549533264e-18,-2.040570518224e+02,1.410506491239e-03,-3.149710956482e+00
