x,y,z,Bx,By,Bz,Ex,Ey,Ez
0.000000000000e+00,0.000000000000e+00,1.000000000000e+00,-2.780228007233e-16,1.610310583289e-14,-1.384177742223e-15,4.039223358087e+03,-1.211517475470e+00,-2.691282936259e+02
