x,y,z,Bx,By,Bz,Ex,Ey,Ez
0.000000000000e+00,0.000000000000e+00,1.000000000000e+00,6.225720247217e-18,8.326235430461e-16,-1.712484402586e-16,-5.503176359555e+02,8.521541762055e-03,-1.390787828797e+01
