x,y,z,Bx,By,Bz,Ex,Ey,Ez
0.000000000000e+00,0.000000000000e+00,1.000000000000e+00,1.461494258168e-19,7.185541700329e-17,-2.161490471343e-17,-1.071757850936e+02,9.115237442670e-04,-1.199722768765e+00
