x,y,z,Bx,By,Bz,Ex,Ey,Ez
0.000000000000e+00,0.000000000000e+00,1.000000000000e+00,-3.001840196945e-15,9.484346625003e-14,-8.390172471193e-15,1.381443480293e+04,-6.318860911454e-01,-1.584154232617e+03
