x,y,z,Bx,By,Bz,Ex,Ey,Ez
0.000000000000e+00,0.000000000000e+00,1.000000000000e+00,1.061085331884e-17,1.281556823991e-15,-1.147821953134e-16,-7.341687407856e+02,5.481138639388e-02,-2.140268260810e+01
