x,y,z,Bx,By,Bz,Ex,Ey,Ez
0.000000000000e+00,0.000000000000e+00,1.000000000000e+00,-3.987954865498e-19,1.078566079149e-16,-7.892508037590e-19,1.406077493153e+02,-2.546974202541e-04,-1.802618526138e+00
