x,y,z,Bx,By,Bz,Ex,Ey,Ez
0.000000000000e+00,0.000000000000e+00,1.000000000000e+00,1.418104764100e-19,7.161971882938e-17,-2.237488187856e-17,-1.069475282920e+02,1.192097227793e-03,-1.195891046497e+00
