x,y,z,Bx,By,Bz,Ex,Ey,Ez
0.000000000000e+00,0.000000000000e+00,1.000000000000e+00,2.455282223471e-17,2.506322835429e-15,-2.076782976149e-16,-1.150759354456e+03,5.295909246851e-02,-4.186304586598e+01
