x,y,z,Bx,By,Bz,Ex,Ey,Ez
0.000000000000e+00,0.000000000000e+00,1.000000000000e+00,-3.270836089359e-18,5.975057353265e-16,-5.495580839381e-17,4.407671347887e+02,1.989617201462e-02,-9.978754855510e+00
