x,y,z,Bx,By,Bz,Ex,Ey,Ez
0.000000000000e+00,0.000000000000e+00,1.000000000000e+00,2.830678368797e-19,8.562863189707e-17,-6.194555744526e-18,-1.205396131594e+02,-3.460653727176e-03,-1.430984884144e+00
