x,y,z,Bx,By,Bz,Ex,Ey,Ez
0.000000000000e+00,0.000000000000e+00,1.000000000000e+00,-4.095873019155e-19,1.040463985678e-16,-2.020420037399e-17,1.372365401340e+02,2.745573182934e-04,-1.738169428773e+00
