x,y,z,Bx,By,Bz,Ex,Ey,Ez
0.000000000000e+00,0.000000000000e+00,1.000000000000e+00,1.119408803716e-17,1.358779140324e-15,-2.058579976122e-16,-7.638397003269e+02,4.181236185282e-02,-2.270432657218e+01
