x,y,z,Bx,By,Bz,Ex,Ey,Ez
0.000000000000e+00,0.000000000000e+00,1.000000000000e+00,2.281255481730e-16,1.424332415847e-14,-1.098104445058e-15,-3.714183859892e+03,-8.024119459800e-01,-2.378863173672e+02
