x,y,z,Bx,By,Bz,Ex,Ey,Ez
0.000000000000e+00,0.000000000000e+00,1.000000000000e+00,-1.342608727371e-18,2.938255253895e-16,9.462353960594e-18,2.744005372987e+02,2.560888166525e-02,-4.909374192485e+00
