x,y,z,Bx,By,Bz,Ex,Ey,Ez
0.000000000000e+00,0.000000000000e+00,1.000000000000e+00,-5.597025008594e-19,1.489221590431e-16,-3.374817687275e-17,1.743968987045e+02,-6.307104859251e-03,-2.489004512038e+00
