x,y,z,Bx,By,Bz,Ex,Ey,Ez
0.000000000000e+00,0.000000000000e+00,1.000000000000e+00,2.781037601120e-19,8.198477722796e-17,-2.250240131700e-17,-1.170754679639e+02,-1.080824323811e-03,-1.369697144746e+00
