x,y,z,Bx,By,Bz,Ex,Ey,Ez
0.000000000000e+00,0.000000000000e+00,1.000000000000e+00,-1.303780558791e-18,2.736249859117e-16,1.305986692684e-17,2.617184607700e+02,7.525942892461e-03,-4.574045932241e+00
