x,y,z,Bx,By,Bz,Ex,Ey,Ez
0.000000000000e+00,0.000000000000e+00,1.000000000000e+00,-4.430211953178e-18,6.797376018059e-16,-8.165268244621e-17,4.805126469673e+02,2.040243411182e-02,-1.135406504668e+01
