x,y,z,Bx,By,Bz,Ex,Ey,Ez
0.000000000000e+00,0.000000000000e+00,1.000000000000e+00,-4.104283647056e-19,1.046048983721e-16,-1.853596472001e-17,1.377347319785e+02,-4.123290138961e-05,-1.747640691857e+00
