x,y,z,Bx,By,Bz,Ex,Ey,Ez
0.000000000000e+00,0.000000000000e+00,1.000000000000e+00,6.170384291305e-13,5.793046238917e-12,-1.802555032311e-12,-4.722451564885e+05,7.815016562211e+02,-9.683400368018e+04
