x,y,z,Bx,By,Bz,Ex,Ey,Ez
0.000000000000e+00,0.000000000000e+00,1.000000000000e+00,1.880962050285e-19,7.339698750440e-17,-1.253434350807e-17,-1.086761891465e+02,-4.191296220718e-04,-1.225038711068e+00
