x,y,z,Bx,By,Bz,Ex,Ey,Ez
0.000000000000e+00,0.000000000000e+00,1.000000000000e+00,-1.856164173304e-17,1.970773897666e-15,-1.975105453904e-16,9.794974795733e+02,-2.484402665995e-02,-3.290963506627e+01
