x,y,z,Bx,By,Bz,Ex,Ey,Ez
0.000000000000e+00,0.000000000000e+00,1.000000000000e+00,-1.031166667265e-14,2.481109533058e-13,-3.266839322871e-14,2.790377171910e+04,-1.794102207210e+00,-4.146174147365e+03
