x,y,z,Bx,By,Bz,Ex,Ey,Ez
0.000000000000e+00,0.000000000000e+00,1.000000000000e+00,-9.657229617353e-17,7.960244545385e-15,-4.605607566665e-16,2.506023569545e+03,3.057969520741e-01,-1.330392259759e+02
