x,y,z,Bx,By,Bz,Ex,Ey,Ez
0.000000000000e+00,0.000000000000e+00,1.000000000000e+00,-2.696116190573e-19,7.004875191045e-17,-5.149425707642e-18,1.053641039046e+02,-3.508703017297e-03,-1.169613107538e+00
