x,y,z,Bx,By,Bz,Ex,Ey,Ez
0.000000000000e+00,0.000000000000e+00,1.000000000000e+00,-4.551362439450e-15,1.314647227754e-13,-1.207969378325e-14,1.746965594608e+04,2.214371231286e+00,-2.197310964349e+03
