x,y,z,Bx,By,Bz,Ex,Ey,Ez
0.000000000000e+00,0.000000000000e+00,1.000000000000e+00,1.989409358664e-18,3.787959849090e-16,-5.063168653222e-17,-3.250203491865e+02,6.515823564017e-03,-6.325244307814e+00
