x,y,z,Bx,By,Bz,Ex,Ey,Ez
0.000000000000e+00,0.000000000000e+00,1.000000000000e+00,-3.782652161851e-19,1.195658864362e-16,-3.411912570432e-17,1.505707430215e+02,6.688657434037e-04,-1.997096926537e+00
