x,y,z,Bx,By,Bz,Ex,Ey,Ez
0.000000000000e+00,0.000000000000e+00,1.000000000000e+00,4.053986942921e-18,7.028244641250e-16,6.646522643927e-18,-4.914394411645e+02,4.010440039456e-02,-1.174676671607e+01
