x,y,z,Bx,By,Bz,Ex,Ey,Ez
0.000000000000e+00,0.000000000000e+00,1.000000000000e+00,-4.090930744733e-19,1.038611887448e-16,-2.058072535746e-17,1.370710335272e+02,3.890912887751e-04,-1.735027381124e+00
