x,y,z,Bx,By,Bz,Ex,Ey,Ez
0.000000000000e+00,0.000000000000e+00,1.000000000000e+00,-2.333683281452e-19,8.796586448846e-17,-4.151096021988e-17,1.227626165532e+02,1.257065763472e-03,-1.470477840463e+00
