x,y,z,Bx,By,Bz,Ex,Ey,Ez
0.000000000000e+00,0.000000000000e+00,1.000000000000e+00,4.204206765490e-18,6.791506161491e-16,3.681820455635e-17,-4.803683114336e+02,2.387286957298e-02,-1.135424736531e+01
