x,y,z,Bx,By,Bz,Ex,Ey,Ez
0.000000000000e+00,0.000000000000e+00,1.000000000000e+00,-3.898191626333e-18,6.423111438644e-16,-5.342918088657e-17,4.625446499647e+02,2.228624030859e-02,-1.072538254532e+01
