x,y,z,Bx,By,Bz,Ex,Ey,Ez
0.000000000000e+00,0.000000000000e+00,1.000000000000e+00,-1.571501735951e-18,3.747885828332e-16,-1.204486735458e-16,3.226887656437e+02,-2.252137471969e-02,-6.254915433234e+00
