x,y,z,Bx,By,Bz,Ex,Ey,Ez
0.000000000000e+00,0.000000000000e+00,1.000000000000e+00,5.044117799794e-19,1.141828413592e-16,-2.656492753375e-18,-1.460899084333e+02,7.403213576313e-03,-1.909042088304e+00
