x,y,z,Bx,By,Bz,Ex,Ey,Ez
0.000000000000e+00,0.000000000000e+00,1.000000000000e+00,3.627329506887e-19,1.227604743742e-16,-2.643431937702e-17,-1.532780326849e+02,7.004001546684e-03,-2.051055017205e+00
