x,y,z,Bx,By,Bz,Ex,Ey,Ez
0.000000000000e+00,0.000000000000e+00,1.000000000000e+00,-3.646661337409e-19,1.184310804168e-16,-3.146080286953e-17,1.496223300671e+02,1.862572031094e-03,-1.978285506288e+00
