x,y,z,Bx,By,Bz,Ex,Ey,Ez
0.000000000000e+00,0.000000000000e+00,1.000000000000e+00,-7.305299997388e-18,1.071764878935e-15,-2.940978930670e-17,6.514421805914e+02,-1.006296173182e-02,-1.790580706716e+01
