x,y,z,Bx,By,Bz,Ex,Ey,Ez
0.000000000000e+00,0.000000000000e+00,1.000000000000e+00,5.471888080904e-17,4.738924006649e-15,-3.854638170816e-16,-1.765475254012e+03,-8.178699076408e-02,-7.915301326375e+01
