x,y,z,Bx,By,Bz,Ex,Ey,Ez
0.000000000000e+00,0.000000000000e+00,1.000000000000e+00,-1.319942399297e-18,3.495323307691e-16,-8.289012044924e-17,3.082492780353e+02,5.062379868133e-03,-5.840464305418e+00
