x,y,z,Bx,By,Bz,Ex,Ey,Ez
0.000000000000e+00,0.000000000000e+00,1.000000000000e+00,8.681355412651e-18,1.176330206223e-15,-2.074531670726e-17,-6.928168974457e+02,2.965950331943e-02,-1.962906529131e+01
