x,y,z,Bx,By,Bz,Ex,Ey,Ez
0.000000000000e+00,0.000000000000e+00,1.000000000000e+00,-6.186962117011e-18,8.994980686410e-16,-6.468352721764e-17,5.792682304886e+02,-6.463809552044e-02,-1.501953659068e+01
