x,y,z,Bx,By,Bz,Ex,Ey,Ez
0.000000000000e+00,0.000000000000e+00,1.000000000000e+00,-1.116949252148e-19,6.506726007609e-17,-8.653916977115e-18,1.003175801891e+02,1.032062069212e-03,-1.086510046155e+00
