x,y,z,Bx,By,Bz,Ex,Ey,Ez
0.000000000000e+00,0.000000000000e+00,1.000000000000e+00,-8.283025971924e-17,6.199976837230e-15,-4.363603579886e-16,2.117243827568e+03,-1.431576761027e-01,-1.036577205630e+02
