x,y,z,Bx,By,Bz,Ex,Ey,Ez
0.000000000000e+00,0.000000000000e+00,1.000000000000e+00,-8.138294161538e-19,2.257466934873e-16,-1.182583787832e-18,2.300366103740e+02,-2.903428595814e-02,-3.769101507470e+00
