x,y,z,Bx,By,Bz,Ex,Ey,Ez
0.000000000000e+00,0.000000000000e+00,1.000000000000e+00,1.339942624833e-16,9.166932276291e-15,-1.143453142092e-15,-2.757642556272e+03,1.086945587111e-02,-1.532517104066e+02
