x,y,z,Bx,By,Bz,Ex,Ey,Ez
0.000000000000e+00,0.000000000000e+00,1.000000000000e+00,7.603561615420e-14,1.147585494663e-12,-1.690918863471e-13,-9.544339109858e+04,1.276960812684e+01,-1.916780763383e+04
