x,y,z,Bx,By,Bz,Ex,Ey,Ez
0.000000000000e+00,0.000000000000e+00,1.000000000000e+00,3.593959035959e-18,5.867975829774e-16,-3.593456000530e-17,-4.350499476482e+02,-3.349058718747e-02,-9.787622539025e+00
