x,y,z,Bx,By,Bz,Ex,Ey,Ez
0.000000000000e+00,0.000000000000e+00,1.000000000000e+00,1.433324219534e-16,9.780730707806e-15,-1.273065379543e-15,-2.881529297703e+03,-1.297540086489e-01,-1.635212316699e+02
