x,y,z,Bx,By,Bz,Ex,Ey,Ez
0.000000000000e+00,0.000000000000e+00,1.000000000000e+00,-1.167182195316e-18,2.430914187079e-16,3.058901980121e-17,2.415685289323e+02,-9.438429682941e-03,-4.056854780073e+00
