x,y,z,Bx,By,Bz,Ex,Ey,Ez
0.000000000000e+00,0.000000000000e+00,1.000000000000e+00,6.349846701694e-18,1.076648866419e-15,-1.641859285014e-17,-6.532067765603e+02,-1.151416438896e-02,-1.797457053782e+01
