x,y,z,Bx,By,Bz,Ex,Ey,Ez
0.000000000000e+00,0.000000000000e+00,1.000000000000e+00,2.689420923577e-18,4.468369366847e-16,-3.771951095301e-17,-3.631196915978e+02,1.287933914734e-02,-7.466960979305e+00
