x,y,z,Bx,By,Bz,Ex,Ey,Ez
0.000000000000e+00,0.000000000000e+00,1.000000000000e+00,-2.274401488189e-16,1.323463621372e-14,-1.575610920670e-15,3.535329683951e+03,-8.979168217433e-01,-2.211272109893e+02
