x,y,z,Bx,By,Bz,Ex,Ey,Ez
0.000000000000e+00,0.000000000000e+00,1.000000000000e+00,1.132466073551e-14,2.665452613665e-13,-2.859881725409e-14,-2.938754429990e+04,-1.024299672065e+01,-4.452425637583e+03
