x,y,z,Bx,By,Bz,Ex,Ey,Ez
0.000000000000e+00,0.000000000000e+00,1.000000000000e+00,-6.886000631106e-19,2.066856545842e-16,-1.095824208851e-16,2.170143570191e+02,-2.023476573060e-03,-3.452512000178e+00
