x,y,z,Bx,By,Bz,Ex,Ey,Ez
0.000000000000e+00,0.000000000000e+00,1.000000000000e+00,4.060278747453e-19,1.254150803493e-16,-3.770321924409e-17,-1.554576728992e+02,4.523243570138e-03,-2.094817129808e+00
