x,y,z,Bx,By,Bz,Ex,Ey,Ez
0.000000000000e+00,0.000000000000e+00,1.000000000000e+00,2.758058331814e-18,4.613676843344e-16,-6.181168514983e-17,-3.711103754035e+02,1.096826553590e-02,-7.713704730656e+00
