x,y,z,Bx,By,Bz,Ex,Ey,Ez
0.000000000000e+00,0.000000000000e+00,1.000000000000e+00,-7.211933001968e-19,2.095469988237e-16,-1.099119736160e-16,2.190035580084e+02,-9.139925327418e-03,-3.500072060047e+00
