x,y,z,Bx,By,Bz,Ex,Ey,Ez
0.000000000000e+00,0.000000000000e+00,1.000000000000e+00,2.350716912632e-18,4.941337662217e-16,-9.234026702599e-17,-3.886793284933e+02,-4.254059507590e-03,-8.265495531550e+00
