x,y,z,Bx,By,Bz,Ex,Ey,Ez
0.000000000000e+00,0.000000000000e+00,1.000000000000e+00,-1.096897660273e-17,1.346676382729e-15,-2.705744178029e-17,7.592941764638e+02,6.239724106345e-02,-2.251146657025e+01
