x,y,z,Bx,By,Bz,Ex,Ey,Ez
0.000000000000e+00,0.000000000000e+00,1.000000000000e+00,-4.580818593172e-17,4.096921702673e-15,-2.071807804040e-16,1.601298898441e+03,4.235829947455e-01,-6.848769835784e+01
