x,y,z,Bx,By,Bz,Ex,Ey,Ez
0.000000000000e+00,0.000000000000e+00,1.000000000000e+00,4.502698837244e-19,1.493028661854e-16,2.408744455932e-17,-1.746046012988e+02,-7.977697185753e-03,-2.494009605141e+00
