x,y,z,Bx,By,Bz,Ex,Ey,Ez
0.000000000000e+00,0.000000000000e+00,1.000000000000e+00,-1.371660868074e-14,3.086390715547e-13,-4.259358409524e-14,3.291942550319e+04,-1.070665387531e+01,-5.157717478903e+03
