x,y,z,Bx,By,Bz,Ex,Ey,Ez
0.000000000000e+00,0.000000000000e+00,1.000000000000e+00,1.199078710256e-15,4.871793424338e-14,-5.839420927523e-15,-8.657606960132e+03,7.910511326323e-01,-8.144589607336e+02
