x,y,z,Bx,By,Bz,Ex,Ey,Ez
0.000000000000e+00,0.000000000000e+00,1.000000000000e+00,1.633407376587e-11,6.503542128437e-11,-3.662090354640e-11,-4.369476990128e+06,-1.660769753168e+03,-1.087830769855e+06
