x,y,z,Bx,By,Bz,Ex,Ey,Ez
0.000000000000e+00,0.000000000000e+00,1.000000000000e+00,-6.351402402135e-18,9.095343630895e-16,-5.510792089040e-17,5.835941936938e+02,-6.390918370852e-02,-1.518810355513e+01
