x,y,z,Bx,By,Bz,Ex,Ey,Ez
0.000000000000e+00,0.000000000000e+00,1.000000000000e+00,-2.304274568868e-19,7.411700494181e-17,1.011520994042e-18,1.094907772905e+02,2.346738988187e-04,-1.238999881998e+00
