x,y,z,Bx,By,Bz,Ex,Ey,Ez
0.000000000000e+00,0.000000000000e+00,1.000000000000e+00,2.438585066980e-16,1.492684890623e-14,-1.010144306660e-15,-3.833868664972e+03,-7.624651873292e-01,-2.492811721610e+02
