x,y,z,Bx,By,Bz,Ex,Ey,Ez
0.000000000000e+00,0.000000000000e+00,1.000000000000e+00,-7.203981407253e-18,1.050826034137e-15,-1.940617820758e-17,6.429492998344e+02,-1.714122472120e-02,-1.755810483593e+01
