x,y,z,Bx,By,Bz,Ex,Ey,Ez
0.000000000000e+00,0.000000000000e+00,1.000000000000e+00,-7.911303568851e-17,5.947346378571e-15,-5.742764450888e-16,2.058291167949e+03,-1.455341568073e-01,-9.939485490147e+01
