x,y,z,Bx,By,Bz,Ex,Ey,Ez
0.000000000000e+00,0.000000000000e+00,1.000000000000e+00,-2.440406554341e-19,8.736338369825e-17,-3.808381634686e-17,1.222028579842e+02,2.475927432667e-03,-1.460462032200e+00
