x,y,z,Bx,By,Bz,Ex,Ey,Ez
0.000000000000e+00,0.000000000000e+00,1.000000000000e+00,4.294349590590e-18,6.700493680365e-16,4.269997835631e-17,-4.760486052120e+02,1.639125019592e-02,-1.120215314716e+01
