x,y,z,Bx,By,Bz,Ex,Ey,Ez
0.000000000000e+00,0.000000000000e+00,1.000000000000e+00,1.736132491136e-15,6.524265235793e-14,-7.295611447775e-15,-1.061452346364e+04,-1.417153740313e+00,-1.090004995931e+03
