x,y,z,Bx,By,Bz,Ex,Ey,Ez
0.000000000000e+00,0.000000000000e+00,1.000000000000e+00,-2.522168940940e-18,4.147845053132e-16,-1.517660261307e-17,3.452201191336e+02,-5.734863823638e-02,-6.924031369302e+00
