x,y,z,Bx,By,Bz,Ex,Ey,Ez
0.000000000000e+00,0.000000000000e+00,1.000000000000e+00,-5.266057497201e-18,8.480958713330e-16,-1.151035333958e-16,5.569910306079e+02,-5.781803286053e-02,-1.416131139419e+01
