x,y,z,Bx,By,Bz,Ex,Ey,Ez
0.000000000000e+00,0.000000000000e+00,1.000000000000e+00,9.455528144220e-18,1.210181734360e-15,-4.138300642958e-17,-7.061968610937e+02,4.200480717210e-02,-2.019790059088e+01
