x,y,z,Bx,By,Bz,Ex,Ey,Ez
0.000000000000e+00,0.000000000000e+00,1.000000000000e+00,2.070132785083e-18,5.311778346843e-16,-8.485128481065e-17,-4.074921764687e+02,-2.360415892004e-02,-8.871520304198e+00
