x,y,z,Bx,By,Bz,Ex,Ey,Ez
0.000000000000e+00,0.000000000000e+00,1.000000000000e+00,-4.521578328575e-18,6.889297782703e-16,-9.020272876348e-17,4.848931159312e+02,1.853768138747e-02,-1.150905136649e+01
