x,y,z,Bx,By,Bz,Ex,Ey,Ez
0.000000000000e+00,0.000000000000e+00,1.000000000000e+00,-6.144733904832e-14,9.895469029109e-13,-1.430117003743e-13,8.409484202611e+04,-5.375906664412e+01,-1.653096253593e+04
