x,y,z,Bx,By,Bz,Ex,Ey,Ez
0.000000000000e+00,0.000000000000e+00,1.000000000000e+00,1.178820613490e-18,2.480828216383e-16,-1.387409802048e-17,-2.451250954924e+02,-9.516036533125e-03,-4.145618845949e+00
