x,y,z,Bx,By,Bz,Ex,Ey,Ez
0.000000000000e+00,0.000000000000e+00,1.000000000000e+00,5.359524219771e-16,2.577917072741e-14,-1.711144222101e-15,-5.566551862716e+03,1.889495323259e+00,-4.304691929831e+02
