x,y,z,Bx,By,Bz,Ex,Ey,Ez
0.000000000000e+00,0.000000000000e+00,1.000000000000e+00,-1.460837193000e-18,3.038035253590e-16,-2.285456162228e-17,2.806186517570e+02,3.007258153315e-02,-5.076277898824e+00
