x,y,z,Bx,By,Bz,Ex,Ey,Ez
0.000000000000e+00,0.000000000000e+00,1.000000000000e+00,1.589610008493e-17,1.904678329512e-15,-3.816847332381e-17,-9.574028464807e+02,-4.261789434770e-02,-3.182193606929e+01
