x,y,z,Bx,By,Bz,Ex,Ey,Ez
0.000000000000e+00,0.000000000000e+00,1.000000000000e+00,1.848829962470e-19,5.961272760467e-17,1.814129453431e-18,-9.465735504963e+01,-3.754176685087e-04,-9.960931913204e-01
