x,y,z,Bx,By,Bz,Ex,Ey,Ez
0.000000000000e+00,0.000000000000e+00,1.000000000000e+00,3.889509383958e-17,3.766613674968e-15,-4.184148100734e-16,-1.513008805798e+03,-1.325384681886e-02,-6.290903762055e+01
