x,y,z,Bx,By,Bz,Ex,Ey,Ez
0.000000000000e+00,0.000000000000e+00,1.000000000000e+00,4.126169925561e-18,7.277756660489e-16,-4.057890864887e-17,-5.029092551407e+02,4.981106108545e-02,-1.215775146399e+01
