x,y,z,Bx,By,Bz,Ex,Ey,Ez
0.000000000000e+00,0.000000000000e+00,1.000000000000e+00,-2.161813231131e-17,2.491110601053e-15,-4.474021794150e-16,1.147047677465e+03,-1.211755052924e-01,-4.164092385974e+01
