x,y,z,Bx,By,Bz,Ex,Ey,Ez
0.000000000000e+00,0.000000000000e+00,1.000000000000e+00,3.643404818120e-17,3.612852216773e-15,-4.045814470592e-16,-1.471356889319e+03,6.539125690095e-03,-6.034880868038e+01
