x,y,z,Bx,By,Bz,Ex,Ey,Ez
0.000000000000e+00,0.000000000000e+00,1.000000000000e+00,1.055005526707e-18,2.578244858262e-16,3.908267643246e-18,-2.515699295181e+02,-6.058013741037e-03,-4.310117082152e+00
