x,y,z,Bx,By,Bz,Ex,Ey,Ez
0.000000000000e+00,0.000000000000e+00,1.000000000000e+00,3.220931614343e-16,1.814127814153e-14,-7.694709481257e-16,-4.376278618040e+03,-1.803391493615e-01,-3.028808045570e+02
