x,y,z,Bx,By,Bz,Ex,Ey,Ez
0.000000000000e+00,0.000000000000e+00,1.000000000000e+00,3.223031998298e-17,3.291115266099e-15,-3.560082135172e-16,-1.382353392547e+03,4.216736945082e-02,-5.499798610154e+01
