x,y,z,Bx,By,Bz,Ex,Ey,Ez
0.000000000000e+00,0.000000000000e+00,1.000000000000e+00,-1.360214269883e-16,9.722339510309e-15,-1.342513335683e-15,2.865960408540e+03,2.243978219232e-01,-1.621679538778e+02
