x,y,z,Bx,By,Bz,Ex,Ey,Ez
0.000000000000e+00,0.000000000000e+00,1.000000000000e+00,-7.252329134520e-15,1.894658416289e-13,-2.210117225699e-14,2.282441221355e+04,2.983127574867e+00,-3.166539289746e+03
