x,y,z,Bx,By,Bz,Ex,Ey,Ez
0.000000000000e+00,0.000000000000e+00,1.000000000000e+00,9.012988129426e-19,2.127538042700e-16,-3.880285579460e-17,-2.213207378833e+02,1.862492248929e-03,-3.556872567266e+00
