x,y,z,Bx,By,Bz,Ex,Ey,Ez
0.000000000000e+00,0.000000000000e+00,1.000000000000e+00,3.174491597199e-16,1.795982327452e-14,-7.733246898699e-16,-4.346459312496e+03,-2.254432199510e-01,-2.998545184651e+02
