x,y,z,Bx,By,Bz,Ex,Ey,Ez
0.000000000000e+00,0.000000000000e+00,1.000000000000e+00,3.264094937745e-17,3.329188248219e-15,-3.629849953682e-16,-1.393031973731e+03,3.833077089933e-02,-5.563122256422e+01
