x,y,z,Bx,By,Bz,Ex,Ey,Ez
0.000000000000e+00,0.000000000000e+00,1.000000000000e+00,-1.443474168332e-18,3.022454219430e-16,-1.746370581613e-17,2.796481247968e+02,2.978074308200e-02,-5.050113872400e+00
