x,y,z,Bx,By,Bz,Ex,Ey,Ez
0.000000000000e+00,0.000000000000e+00,1.000000000000e+00,6.314507800033e-18,8.385742727604e-16,-1.699286216512e-16,-5.529894701479e+02,4.637468348040e-03,-1.400900625107e+01
