x,y,z,Bx,By,Bz,Ex,Ey,Ez
0.000000000000e+00,0.000000000000e+00,1.000000000000e+00,7.811804744274e-16,3.420639390737e-14,-3.719005752067e-15,-6.770579458061e+03,2.364699290976e+00,-5.716744401948e+02
