x,y,z,Bx,By,Bz,Ex,Ey,Ez
0.000000000000e+00,0.000000000000e+00,1.000000000000e+00,-4.906796067398e-18,8.236828833759e-16,-1.339046438827e-16,5.463276046732e+02,-4.833105755325e-02,-1.375669499919e+01
