x,y,z,Bx,By,Bz,Ex,Ey,Ez
0.000000000000e+00,0.000000000000e+00,1.000000000000e+00,6.639449874156e-19,1.835477157646e-16,-1.843969473565e-17,-2.005023677413e+02,6.947828492877e-04,-3.067791254705e+00
