x,y,z,Bx,By,Bz,Ex,Ey,Ez
0.000000000000e+00,0.000000000000e+00,1.000000000000e+00,2.057487762577e-18,5.294786568182e-16,-8.578291379935e-17,-4.066467168867e+02,-2.287143311636e-02,-8.843937769470e+00
