x,y,z,Bx,By,Bz,Ex,Ey,Ez
0.000000000000e+00,0.000000000000e+00,1.000000000000e+00,9.371564145792e-19,2.103497280264e-16,-3.664775648979e-17,-2.196323013658e+02,3.126133882281e-03,-3.516352992971e+00
