x,y,z,Bx,By,Bz,Ex,Ey,Ez
0.000000000000e+00,0.000000000000e+00,1.000000000000e+00,-5.831432355778e-17,4.993250074400e-15,-9.435283976066e-16,1.829065725834e+03,1.891776621216e-01,-8.338383123920e+01
