x,y,z,Bx,By,Bz,Ex,Ey,Ez
0.000000000000e+00,0.000000000000e+00,1.000000000000e+00,7.032875112768e-19,1.807348021044e-16,-2.782061657342e-17,-1.984719282671e+02,1.338598307342e-03,-3.021329448561e+00
