x,y,z,Bx,By,Bz,Ex,Ey,Ez
0.000000000000e+00,0.000000000000e+00,1.000000000000e+00,2.700400449332e-19,7.866646570870e-17,-7.024942142372e-18,-1.138751925528e+02,1.163146593634e-03,-1.314011276576e+00
