x,y,z,Bx,By,Bz,Ex,Ey,Ez
0.000000000000e+00,0.000000000000e+00,1.000000000000e+00,-2.685356730023e-19,8.172370208723e-17,1.633904430803e-17,1.168018621898e+02,1.550761948010e-03,-1.365103432735e+00
