x,y,z,Bx,By,Bz,Ex,Ey,Ez
0.000000000000e+00,0.000000000000e+00,1.000000000000e+00,-4.593837741489e-18,7.665402042901e-16,-1.444562547578e-16,5.209440300947e+02,-1.645845765639e-02,-1.281080990140e+01
