x,y,z,Bx,By,Bz,Ex,Ey,Ez
0.000000000000e+00,0.000000000000e+00,1.000000000000e+00,-1.160415389467e-19,6.352961146185e-17,-3.731448623159e-18,9.878077405944e+01,9.800937898063e-04,-1.061673365042e+00
