x,y,z,Bx,By,Bz,Ex,Ey,Ez
0.000000000000e+00,0.000000000000e+00,1.000000000000e+00,-2.849458233142e-19,8.363434542172e-17,8.081713425044e-18,1.186485112375e+02,4.369188802951e-03,-1.397518351463e+00
