x,y,z,Bx,By,Bz,Ex,Ey,Ez
0.000000000000e+00,0.000000000000e+00,1.000000000000e+00,-4.624114104599e-18,7.887114031921e-16,-1.467216331681e-16,5.308863040084e+02,-2.962279659177e-02,-1.317835357381e+01
