x,y,z,Bx,By,Bz,Ex,Ey,Ez
0.000000000000e+00,0.000000000000e+00,1.000000000000e+00,5.147780416582e-19,1.137696024622e-16,-1.973123553305e-18,-1.457258419698e+02,7.224656966440e-03,-1.901935775958e+00
