x,y,z,Bx,By,Bz,Ex,Ey,Ez
0.000000000000e+00,0.000000000000e+00,1.000000000000e+00,1.424573910546e-17,1.734101162396e-15,-1.042013177784e-16,-8.991765299404e+02,-8.974729865602e-02,-2.897258253918e+01
