x,y,z,Bx,By,Bz,Ex,Ey,Ez
0.000000000000e+00,0.000000000000e+00,1.000000000000e+00,6.819629229608e-19,1.637071507479e-16,-3.692554116188e-18,-1.855715322829e+02,9.760453682859e-03,-2.732274869068e+00
