x,y,z,Bx,By,Bz,Ex,Ey,Ez
0.000000000000e+00,0.000000000000e+00,1.000000000000e+00,-2.070468313352e-17,2.171368452507e-15,-1.979462598137e-16,1.045942940190e+03,-2.900018938069e-02,-3.629562069384e+01
