x,y,z,Bx,By,Bz,Ex,Ey,Ez
0.000000000000e+00,0.000000000000e+00,1.000000000000e+00,-9.582754450601e-19,1.751500734090e-16,6.651023359862e-18,1.941956590692e+02,6.687537245440e-03,-2.924985372770e+00
