x,y,z,Bx,By,Bz,Ex,Ey,Ez
0.000000000000e+00,0.000000000000e+00,1.000000000000e+00,-3.683563778389e-15,1.111765281405e-13,-9.536983950725e-15,1.547904932282e+04,5.966918164061e-01,-1.857759008993e+03
