x,y,z,Bx,By,Bz,Ex,Ey,Ez
0.000000000000e+00,0.000000000000e+00,1.000000000000e+00,-2.151919846879e-17,2.465183670769e-15,-4.318273192421e-16,1.139073021431e+03,-1.075306287737e-01,-4.121026569620e+01
