x,y,z,Bx,By,Bz,Ex,Ey,Ez
0.000000000000e+00,0.000000000000e+00,1.000000000000e+00,6.952251555225e-19,1.911142235197e-16,-2.141934379207e-18,-2.058711530613e+02,2.393958051061e-03,-3.191783172562e+00
