x,y,z,Bx,By,Bz,Ex,Ey,Ez
0.000000000000e+00,0.000000000000e+00,1.000000000000e+00,5.336190319763e-17,4.648447024880e-15,-3.888687419212e-16,-1.742731905732e+03,-8.226226469601e-02,-7.764088928376e+01
