x,y,z,Bx,By,Bz,Ex,Ey,Ez
0.000000000000e+00,0.000000000000e+00,1.000000000000e+00,-1.995516506091e-15,7.059097468417e-14,-8.114118485243e-15,1.120695712556e+04,-1.131945868675e-01,-1.178053881084e+03
