x,y,z,Bx,By,Bz,Ex,Ey,Ez
0.000000000000e+00,0.000000000000e+00,1.000000000000e+00,-4.377437149178e-18,6.751997147530e-16,-7.751505494712e-17,4.783446214461e+02,2.110375182321e-02,-1.127760741308e+01
