x,y,z,Bx,By,Bz,Ex,Ey,Ez
0.000000000000e+00,0.000000000000e+00,1.000000000000e+00,-6.672311214271e-19,1.912337139181e-16,-1.361917623763e-17,2.061888742037e+02,1.871206682296e-02,-3.198805534743e+00
