x,y,z,Bx,By,Bz,Ex,Ey,Ez
0.000000000000e+00,0.000000000000e+00,1.000000000000e+00,6.753973120174e-17,5.555843565844e-15,-3.625295501240e-16,-1.964680981211e+03,-2.505416146409e-02,-9.278715803719e+01
