x,y,z,Bx,By,Bz,Ex,Ey,Ez
0.000000000000e+00,0.000000000000e+00,1.000000000000e+00,-2.112432931017e-17,2.305713105737e-15,-2.978580468290e-16,1.089165628305e+03,-4.596537354670e-02,-3.855111341752e+01
