x,y,z,Bx,By,Bz,Ex,Ey,Ez
0.000000000000e+00,0.000000000000e+00,1.000000000000e+00,9.635647872115e-19,2.043255616358e-16,-2.491128399348e-17,-2.153293236801e+02,5.363316908272e-03,-3.413812186298e+00
