x,y,z,Bx,By,Bz,Ex,Ey,Ez
0.000000000000e+00,0.000000000000e+00,1.000000000000e+00,-4.606738373277e-18,7.830816014850e-16,-1.469121581514e-16,5.283749182387e+02,-2.629906270527e-02,-1.308515508066e+01
