x,y,z,Bx,By,Bz,Ex,Ey,Ez
0.000000000000e+00,0.000000000000e+00,1.000000000000e+00,1.812106888503e-19,6.023716921025e-17,-4.103543916922e-18,-9.532633188428e+01,-1.475172088335e-04,-1.006646648665e+00
