x,y,z,Bx,By,Bz,Ex,Ey,Ez
0.000000000000e+00,0.000000000000e+00,1.000000000000e+00,4.391167548164e-18,7.485902816881e-16,-8.386695644102e-17,-5.123794353304e+02,5.100551810458e-02,-1.250060438158e+01
