x,y,z,Bx,By,Bz,Ex,Ey,Ez
0.000000000000e+00,0.000000000000e+00,1.000000000000e+00,-1.527009031942e-18,3.125391838895e-16,-4.934344518108e-17,2.860469720061e+02,2.903815851169e-02,-5.223440624593e+00
