x,y,z,Bx,By,Bz,Ex,Ey,Ez
0.000000000000e+00,0.000000000000e+00,1.000000000000e+00,7.171533870920e-19,1.799470132371e-16,-3.031976560461e-17,-1.978973765116e+02,1.668190766851e-03,-3.008228286120e+00
