x,y,z,Bx,By,Bz,Ex,Ey,Ez
0.000000000000e+00,0.000000000000e+00,1.000000000000e+00,-1.307788803506e-19,6.601246873136e-17,-1.550952538949e-17,1.012574351743e+02,5.349573709912e-04,-1.101794850173e+00
