x,y,z,Bx,By,Bz,Ex,Ey,Ez
0.000000000000e+00,0.000000000000e+00,1.000000000000e+00,-6.378960086212e-17,5.230095647431e-15,-9.287838723314e-16,1.886955575103e+03,6.553456514814e-02,-8.733558511244e+01
