x,y,z,Bx,By,Bz,Ex,Ey,Ez
0.000000000000e+00,0.000000000000e+00,1.000000000000e+00,-4.661070369975e-18,7.199876928146e-16,-1.177931571983e-16,4.995481847500e+02,8.071211805290e-03,-1.203251465396e+01
