x,y,z,Bx,By,Bz,Ex,Ey,Ez
0.000000000000e+00,0.000000000000e+00,1.000000000000e+00,-1.392152201539e-17,1.751872885114e-15,-3.005332615295e-16,9.050281734389e+02,3.951091440058e-02,-2.924085733117e+01
