x,y,z,Bx,By,Bz,Ex,Ey,Ez
0.000000000000e+00,0.000000000000e+00,1.000000000000e+00,5.183285368503e-19,1.573026770690e-16,2.524822212048e-17,-1.807043745374e+02,3.817555872764e-03,-2.625790480892e+00
