x,y,z,Bx,By,Bz,Ex,Ey,Ez
0.000000000000e+00,0.000000000000e+00,1.000000000000e+00,-6.498564437896e-15,1.740240480786e-13,-1.929251280802e-14,2.143804323108e+04,3.381351043497e+00,-2.908618502042e+03
