x,y,z,Bx,By,Bz,Ex,Ey,Ez
0.000000000000e+00,0.000000000000e+00,1.000000000000e+00,-2.101894579548e-17,2.259631787817e-15,-2.578279049049e-16,1.074462701317e+03,-3.684710536580e-02,-3.777909616991e+01
