x,y,z,Bx,By,Bz,Ex,Ey,Ez
0.000000000000e+00,0.000000000000e+00,1.000000000000e+00,-4.448800122534e-19,1.337064287100e-16,7.188555935501e-18,1.622406307731e+02,1.701987052376e-03,-2.233795302673e+00
