x,y,z,Bx,By,Bz,Ex,Ey,Ez
0.000000000000e+00,0.000000000000e+00,1.000000000000e+00,-1.384454434500e-16,9.802675121953e-15,-1.373234893074e-15,2.881928680306e+03,2.020273247762e-01,-1.635037202890e+02
