x,y,z,Bx,By,Bz,Ex,Ey,Ez
0.000000000000e+00,0.000000000000e+00,1.000000000000e+00,-8.902122670150e-18,1.185162132206e-15,-6.707307910120e-17,6.965490454564e+02,1.350130894655e-02,-1.979006172172e+01
