x,y,z,Bx,By,Bz,Ex,Ey,Ez
0.000000000000e+00,0.000000000000e+00,1.000000000000e+00,-4.661968650170e-18,7.224592744996e-16,-1.197606965120e-16,5.007026052313e+02,6.991077198036e-03,-1.207407673353e+01
