x,y,z,Bx,By,Bz,Ex,Ey,Ez
0.000000000000e+00,0.000000000000e+00,1.000000000000e+00,-4.291740524395e-17,3.720726458817e-15,2.013703491536e-16,1.499957796822e+03,2.109235835411e-01,-6.217376461724e+01
