x,y,z,Bx,By,Bz,Ex,Ey,Ez
0.000000000000e+00,0.000000000000e+00,1.000000000000e+00,4.456283754598e-18,6.234836641265e-16,1.606480917514e-17,-4.533431801670e+02,-2.066245911430e-02,-1.041207978428e+01
