x,y,z,Bx,By,Bz,Ex,Ey,Ez
0.000000000000e+00,0.000000000000e+00,1.000000000000e+00,4.520655404478e-19,1.502314354418e-16,2.637101873630e-17,-1.753189098613e+02,-6.705264226467e-03,-2.509346243832e+00
