x,y,z,Bx,By,Bz,Ex,Ey,Ez
0.000000000000e+00,0.000000000000e+00,1.000000000000e+00,-4.655492993768e-18,7.150819367870e-16,-1.137571960775e-16,4.972511210961e+02,1.011688115600e-02,-1.194995792031e+01
