x,y,z,Bx,By,Bz,Ex,Ey,Ez
0.000000000000e+00,0.000000000000e+00,1.000000000000e+00,-6.173807922408e-13,5.805570427504e-12,-1.825240245732e-12,4.711357234542e+05,-1.990834346066e+02,-9.684055663768e+04
