x,y,z,Bx,By,Bz,Ex,Ey,Ez
0.000000000000e+00,0.000000000000e+00,1.000000000000e+00,-1.466485574601e-18,3.293244148370e-16,-6.966325714107e-17,2.963160314042e+02,1.965624699599e-02,-5.505821068836e+00
