x,y,z,Bx,By,Bz,Ex,Ey,Ez
0.000000000000e+00,0.000000000000e+00,1.000000000000e+00,-2.562968284806e-15,8.427385757933e-14,-8.152074377999e-15,1.270090355858e+04,-9.306785543032e-01,-1.407066265490e+03
