x,y,z,Bx,By,Bz,Ex,Ey,Ez
0.000000000000e+00,0.000000000000e+00,1.000000000000e+00,2.676755633018e-19,7.739756493834e-17,-2.222823906860e-20,-1.126313301967e+02,8.184703751052e-04,-1.292577956118e+00
