x,y,z,Bx,By,Bz,Ex,Ey,Ez
0.000000000000e+00,0.000000000000e+00,1.000000000000e+00,-3.857894171312e-16,2.051747378450e-14,-1.246625912028e-15,4.760176442721e+03,-9.138009737387e-01,-3.426105004874e+02
