x,y,z,Bx,By,Bz,Ex,Ey,Ez
0.000000000000e+00,0.000000000000e+00,1.000000000000e+00,6.731929558203e-19,1.827353884186e-16,-2.114283040038e-17,-1.999190967832e+02,7.949074355763e-04,-3.054418910588e+00
