x,y,z,Bx,By,Bz,Ex,Ey,Ez
0.000000000000e+00,0.000000000000e+00,1.000000000000e+00,2.677545595009e-19,9.628665395406e-17,-2.415517224310e-17,-1.303809983967e+02,-1.886571910608e-03,-1.609525210219e+00
