x,y,z,Bx,By,Bz,Ex,Ey,Ez
0.000000000000e+00,0.000000000000e+00,1.000000000000e+00,-6.217720810764e-19,1.662196010002e-16,1.020873650419e-17,1.874023492403e+02,1.252059513642e-04,-2.772901572921e+00
