x,y,z,Bx,By,Bz,Ex,Ey,Ez
0.000000000000e+00,0.000000000000e+00,1.000000000000e+00,4.800832964302e-19,1.298459924754e-16,-4.888949109626e-17,-1.591207136495e+02,-2.021470849732e-03,-2.169159357773e+00
