x,y,z,Bx,By,Bz,Ex,Ey,Ez
0.000000000000e+00,0.000000000000e+00,1.000000000000e+00,-1.105091852957e-18,2.407835407219e-16,3.645841742932e-17,2.400279103603e+02,-1.225438183561e-02,-4.018110547028e+00
