x,y,z,Bx,By,Bz,Ex,Ey,Ez
0.000000000000e+00,0.000000000000e+00,1.000000000000e+00,-7.841390575085e-17,5.906578762775e-15,-5.981890075657e-16,2.048707337145e+03,-1.423389610257e-01,-9.870703301884e+01
