x,y,z,Bx,By,Bz,Ex,Ey,Ez
0.000000000000e+00,0.000000000000e+00,1.000000000000e+00,9.520863483296e-19,2.029717927082e-16,-2.134577158565e-17,-2.143539812803e+02,5.559428924699e-03,-3.390708295226e+00
