x,y,z,Bx,By,Bz,Ex,Ey,Ez
0.000000000000e+00,0.000000000000e+00,1.000000000000e+00,1.137340151842e-17,1.399912462441e-15,-2.430322308827e-16,-7.793425869230e+02,2.500650604405e-02,-2.339462784919e+01
