x,y,z,Bx,By,Bz,Ex,Ey,Ez
0.000000000000e+00,0.000000000000e+00,1.000000000000e+00,5.767234413089e-18,8.092967489250e-16,-1.677416251698e-16,-5.398144854761e+02,2.414868408751e-02,-1.351285038437e+01
