x,y,z,Bx,By,Bz,Ex,Ey,Ez
0.000000000000e+00,0.000000000000e+00,1.000000000000e+00,-4.037761544037e-19,1.027596264939e-16,-2.075653045005e-17,1.360837550015e+02,1.106343589952e-03,-1.716331397165e+00
