x,y,z,Bx,By,Bz,Ex,Ey,Ez
0.000000000000e+00,0.000000000000e+00,1.000000000000e+00,1.748092211578e-12,1.235820174352e-11,-5.862657098932e-12,-1.096160241648e+06,1.768239341515e+03,-2.065645512840e+05
