x,y,z,Bx,By,Bz,Ex,Ey,Ez
0.000000000000e+00,0.000000000000e+00,1.000000000000e+00,-6.523436204285e-19,1.669296486815e-16,9.477590950597e-18,1.879324155048e+02,6.911438905975e-04,-2.784678551229e+00
