x,y,z,Bx,By,Bz,Ex,Ey,Ez
0.000000000000e+00,0.000000000000e+00,1.000000000000e+00,-4.462312697487e-13,4.552947428129e-12,-1.260995886348e-12,3.624550023056e+05,-1.837520799915e+02,-7.594930056210e+04
