x,y,z,Bx,By,Bz,Ex,Ey,Ez
0.000000000000e+00,0.000000000000e+00,1.000000000000e+00,1.762919376306e-19,6.394438161621e-17,4.020208289388e-18,-9.917856516430e+01,-4.368717237611e-04,-1.068260215076e+00
