x,y,z,Bx,By,Bz,Ex,Ey,Ez
0.000000000000e+00,0.000000000000e+00,1.000000000000e+00,2.139570477667e-19,7.423168183552e-17,-6.504636654835e-18,-1.094967863095e+02,-6.427398430447e-04,-1.238967902068e+00
