x,y,z,Bx,By,Bz,Ex,Ey,Ez
0.000000000000e+00,0.000000000000e+00,1.000000000000e+00,1.960530453494e-18,3.767096253900e-16,-5.020769604200e-17,-3.238149804966e+02,7.034603569013e-03,-6.290151082009e+00
