x,y,z,Bx,By,Bz,Ex,Ey,Ez
0.000000000000e+00,0.000000000000e+00,1.000000000000e+00,-2.733429777759e-18,4.560121745060e-16,9.639875690351e-17,3.680330161108e+02,-6.885216188838e-03,-7.623002642342e+00
