x,y,z,Bx,By,Bz,Ex,Ey,Ez
0.000000000000e+00,0.000000000000e+00,1.000000000000e+00,2.550636710517e-19,9.696959532342e-17,-2.348884871870e-17,-1.309964742735e+02,-2.517964880931e-03,-1.620928899305e+00
