x,y,z,Bx,By,Bz,Ex,Ey,Ez
0.000000000000e+00,0.000000000000e+00,1.000000000000e+00,-5.580500964062e-16,2.635012838225e-14,-1.103127111616e-15,5.651149822035e+03,3.577102577365e-01,-4.403317548672e+02
