x,y,z,Bx,By,Bz,Ex,Ey,Ez
0.000000000000e+00,0.000000000000e+00,1.000000000000e+00,-3.403355423286e-19,9.849723949166e-17,6.738745013173e-18,1.322333205577e+02,1.231206164463e-03,-1.644147569662e+00
