x,y,z,Bx,By,Bz,Ex,Ey,Ez
0.000000000000e+00,0.000000000000e+00,1.000000000000e+00,1.741673110896e-16,1.168168901619e-14,-1.371455000462e-15,-3.248966076082e+03,-5.868580146200e-01,-1.952258212430e+02
