x,y,z,Bx,By,Bz,Ex,Ey,Ez
0.000000000000e+00,0.000000000000e+00,1.000000000000e+00,-4.372353855503e-19,1.239765584134e-16,-2.151875765065e-17,1.542510370192e+02,-3.395838192088e-03,-2.070799619642e+00
