x,y,z,Bx,By,Bz,Ex,Ey,Ez
0.000000000000e+00,0.000000000000e+00,1.000000000000e+00,2.239967539255e-18,5.432645553255e-16,-7.719185757395e-17,-4.134836734029e+02,-2.815994482915e-02,-9.067915826250e+00
