x,y,z,Bx,By,Bz,Ex,Ey,Ez
0.000000000000e+00,0.000000000000e+00,1.000000000000e+00,1.066658397714e-18,2.571933414327e-16,2.997298973624e-18,-2.511595430884e+02,-6.401185954105e-03,-4.299584907912e+00
