x,y,z,Bx,By,Bz,Ex,Ey,Ez
0.000000000000e+00,0.000000000000e+00,1.000000000000e+00,-3.878234030859e-19,1.011364351747e-16,-1.431174903341e-17,1.346211569246e+02,1.922307105215e-03,-1.688781838027e+00
