x,y,z,Bx,By,Bz,Ex,Ey,Ez
0.000000000000e+00,0.000000000000e+00,1.000000000000e+00,2.125543068578e-18,5.363177589945e-16,-8.180327963012e-17,-4.100441595896e+02,-2.568640244703e-02,-8.954974026854e+00
