x,y,z,Bx,By,Bz,Ex,Ey,Ez
0.000000000000e+00,0.000000000000e+00,1.000000000000e+00,4.485457835519e-18,7.539045251288e-16,-9.456161572508e-17,-5.147884868090e+02,5.029403212696e-02,-1.258834661630e+01
