x,y,z,Bx,By,Bz,Ex,Ey,Ez
0.000000000000e+00,0.000000000000e+00,1.000000000000e+00,5.531238455035e-19,1.589673719873e-16,1.974331946406e-17,-1.819655809525e+02,5.945810492882e-03,-2.653265964214e+00
