x,y,z,Bx,By,Bz,Ex,Ey,Ez
0.000000000000e+00,0.000000000000e+00,1.000000000000e+00,-4.781089999184e-16,2.357966781746e-14,-1.123267820281e-15,5.235054565187e+03,-3.495358840156e-01,-3.938215399966e+02
