x,y,z,Bx,By,Bz,Ex,Ey,Ez
0.000000000000e+00,0.000000000000e+00,1.000000000000e+00,2.398355991060e-18,5.503101031420e-16,-7.199990922234e-17,-4.169660582614e+02,-3.024409640377e-02,-9.182800901976e+00
