x,y,z,Bx,By,Bz,Ex,Ey,Ez
0.000000000000e+00,0.000000000000e+00,1.000000000000e+00,-3.115104015845e-14,5.829360185579e-13,-7.770354530485e-14,5.416600429446e+04,-4.543899892363e+01,-9.742222925765e+03
