x,y,z,Bx,By,Bz,Ex,Ey,Ez
0.000000000000e+00,0.000000000000e+00,1.000000000000e+00,-2.477970385480e-18,4.124473557783e-16,-2.685932326461e-17,3.439098754384e+02,-5.759376473172e-02,-6.884432511723e+00
