x,y,z,Bx,By,Bz,Ex,Ey,Ez
0.000000000000e+00,0.000000000000e+00,1.000000000000e+00,4.934088065860e-19,1.326357450601e-16,-4.680699512018e-17,-1.614186111040e+02,-6.515459939632e-03,-2.216317237074e+00
