x,y,z,Bx,By,Bz,Ex,Ey,Ez
0.000000000000e+00,0.000000000000e+00,1.000000000000e+00,-3.921539531690e-16,2.073411197919e-14,-1.238075757776e-15,4.794342014006e+03,-8.829417501332e-01,-3.462241139069e+02
