x,y,z,Bx,By,Bz,Ex,Ey,Ez
0.000000000000e+00,0.000000000000e+00,1.000000000000e+00,-2.666501069068e-18,4.697221361359e-16,7.245648486439e-17,3.754339589905e+02,1.413097171771e-02,-7.853117835608e+00
