x,y,z,Bx,By,Bz,Ex,Ey,Ez
0.000000000000e+00,0.000000000000e+00,1.000000000000e+00,-1.120657724523e-18,2.413588163871e-16,3.517704288477e-17,2.404115844130e+02,-1.152549355710e-02,-4.027750393774e+00
