x,y,z,Bx,By,Bz,Ex,Ey,Ez
0.000000000000e+00,0.000000000000e+00,1.000000000000e+00,4.410302824775e-18,6.195007807240e-16,1.047919825474e-17,-4.513629431118e+02,-2.296672046960e-02,-1.034393127923e+01
