x,y,z,Bx,By,Bz,Ex,Ey,Ez
0.000000000000e+00,0.000000000000e+00,1.000000000000e+00,4.533449966749e-19,1.421670667657e-16,-6.115659934091e-18,-1.690520644135e+02,-1.385021484952e-02,-2.375730170898e+00
