x,y,z,Bx,By,Bz,Ex,Ey,Ez
0.000000000000e+00,0.000000000000e+00,1.000000000000e+00,-1.554651537804e-15,5.967548325428e-14,-7.583385840750e-15,9.962008705459e+03,1.542553285217e+00,-9.958594560280e+02
