x,y,z,Bx,By,Bz,Ex,Ey,Ez
0.000000000000e+00,0.000000000000e+00,1.000000000000e+00,-2.622680487300e-18,4.811489470832e-16,3.870005712309e-17,3.815273734649e+02,2.746874451431e-02,-8.043915306354e+00
