x,y,z,Bx,By,Bz,Ex,Ey,Ez
0.000000000000e+00,0.000000000000e+00,1.000000000000e+00,2.751712139509e-18,4.640760464364e-16,-6.593109892948e-17,-3.725913225792e+02,1.016887189201e-02,-7.759716239547e+00
