x,y,z,Bx,By,Bz,Ex,Ey,Ez
0.000000000000e+00,0.000000000000e+00,1.000000000000e+00,8.850608458441e-19,2.137311713156e-16,-3.928907344142e-17,-2.220013995433e+02,1.329205320419e-03,-3.573253882935e+00
