x,y,z,Bx,By,Bz,Ex,Ey,Ez
0.000000000000e+00,0.000000000000e+00,1.000000000000e+00,2.207096873551e-18,5.415182583200e-16,-7.840049284815e-17,-4.126198073098e+02,-2.757637038739e-02,-9.039499645345e+00
