x,y,z,Bx,By,Bz,Ex,Ey,Ez
0.000000000000e+00,0.000000000000e+00,1.000000000000e+00,-5.214879978138e-18,8.449974132967e-16,-1.178155800682e-16,5.556413658610e+02,-5.682329502742e-02,-1.410986964967e+01
