x,y,z,Bx,By,Bz,Ex,Ey,Ez
0.000000000000e+00,0.000000000000e+00,1.000000000000e+00,-9.512395847911e-14,1.389632322766e-12,-2.268533520368e-13,1.133107646549e+05,-5.903331021971e+01,-2.320683651756e+04
