x,y,z,Bx,By,Bz,Ex,Ey,Ez
0.000000000000e+00,0.000000000000e+00,1.000000000000e+00,3.269303260046e-18,5.774915136417e-16,-4.688407506022e-17,-4.304208339172e+02,-3.395889049860e-02,-9.631538858417e+00
