x,y,z,Bx,By,Bz,Ex,Ey,Ez
0.000000000000e+00,0.000000000000e+00,1.000000000000e+00,-3.014433871925e-18,5.692497004749e-16,-7.529853162275e-17,4.267958072059e+02,2.328705438992e-02,-9.509093095715e+00
