x,y,z,Bx,By,Bz,Ex,Ey,Ez
0.000000000000e+00,0.000000000000e+00,1.000000000000e+00,-2.079079150610e-19,7.814082129666e-17,-1.161461676217e-17,1.133715967593e+02,-1.031240657571e-03,-1.305351346267e+00
