x,y,z,Bx,By,Bz,Ex,Ey,Ez
0.000000000000e+00,0.000000000000e+00,1.000000000000e+00,1.339096486328e-17,1.656404934900e-15,-1.720127671867e-16,-8.720667508135e+02,-8.800236580428e-02,-2.767478274550e+01
