x,y,z,Bx,By,Bz,Ex,Ey,Ez
0.000000000000e+00,0.000000000000e+00,1.000000000000e+00,-4.517203104446e-17,3.997943798422e-15,-8.308603447017e-17,1.574998891955e+03,3.888770054672e-01,-6.683214581746e+01
