x,y,z,Bx,By,Bz,Ex,Ey,Ez
0.000000000000e+00,0.000000000000e+00,1.000000000000e+00,4.161595211424e-16,2.163405763954e-14,-9.357339281809e-16,-4.934950007559e+03,8.128189503767e-01,-3.611718034023e+02
