x,y,z,Bx,By,Bz,Ex,Ey,Ez
0.000000000000e+00,0.000000000000e+00,1.000000000000e+00,-1.093603265818e-17,1.423381632955e-15,-4.935780945672e-17,7.882000303822e+02,9.190877790504e-02,-2.380030069405e+01
