x,y,z,Bx,By,Bz,Ex,Ey,Ez
0.000000000000e+00,0.000000000000e+00,1.000000000000e+00,2.743854424293e-19,9.014285840061e-17,4.502134827190e-18,-1.247340214419e+02,-4.466019594087e-04,-1.506318990795e+00
