x,y,z,Bx,By,Bz,Ex,Ey,Ez
0.000000000000e+00,0.000000000000e+00,1.000000000000e+00,7.789660924242e-17,6.120867368541e-15,-3.873473615039e-16,-2.096990592270e+03,5.753859254099e-02,-1.022119998399e+02
