x,y,z,Bx,By,Bz,Ex,Ey,Ez
0.000000000000e+00,0.000000000000e+00,1.000000000000e+00,2.055354637376e-18,5.161591777253e-16,-9.150952710292e-17,-3.999749484591e+02,-1.646043773673e-02,-8.627424132563e+00
