x,y,z,Bx,By,Bz,Ex,Ey,Ez
0.000000000000e+00,0.000000000000e+00,1.000000000000e+00,3.678272554537e-15,1.132507371495e-13,-1.231003084049e-14,-1.568595108979e+04,-6.041241617340e+00,-1.891284260603e+03
