x,y,z,Bx,By,Bz,Ex,Ey,Ez
0.000000000000e+00,0.000000000000e+00,1.000000000000e+00,1.306430845953e-16,8.950198561802e-15,-1.087597123749e-15,-2.713220396615e+03,5.289501721185e-02,-1.496219858139e+02
