x,y,z,Bx,By,Bz,Ex,Ey,Ez
0.000000000000e+00,0.000000000000e+00,1.000000000000e+00,2.661883618081e-18,4.442543737146e-16,-3.358838206360e-17,-3.616946466459e+02,1.277064757626e-02,-7.423220840809e+00
