x,y,z,Bx,By,Bz,Ex,Ey,Ez
0.000000000000e+00,0.000000000000e+00,1.000000000000e+00,-3.171953346108e-18,5.878819773410e-16,-6.098694866541e-17,4.360347717861e+02,2.033910745787e-02,-9.818820069485e+00
