x,y,z,Bx,By,Bz,Ex,Ey,Ez
0.000000000000e+00,0.000000000000e+00,1.000000000000e+00,-9.769477868564e-19,1.788158270086e-16,1.017123554585e-17,1.970180523530e+02,9.617911397348e-03,-2.988854380971e+00
