x,y,z,Bx,By,Bz,Ex,Ey,Ez
0.000000000000e+00,0.000000000000e+00,1.000000000000e+00,-2.167440413253e-17,2.504219745100e-15,-4.542188202575e-16,1.151065422717e+03,-1.283272834423e-01,-4.185851376060e+01
