x,y,z,Bx,By,Bz,Ex,Ey,Ez
0.000000000000e+00,0.000000000000e+00,1.000000000000e+00,3.465350729879e-18,5.830603612407e-16,-4.049740553791e-17,-4.331894013071e+02,-3.379686477045e-02,-9.724789068986e+00
