x,y,z,Bx,By,Bz,Ex,Ey,Ez
0.000000000000e+00,0.000000000000e+00,1.000000000000e+00,-5.190147711565e-19,1.408286690736e-16,-3.109151354745e-17,1.679365784830e+02,1.962709618789e-03,-2.352099599569e+00
