x,y,z,Bx,By,Bz,Ex,Ey,Ez
0.000000000000e+00,0.000000000000e+00,1.000000000000e+00,-1.226989846203e-18,2.454177047414e-16,2.320599690767e-17,2.431249025927e+02,-6.942250145689e-03,-4.096095488712e+00
