x,y,z,Bx,By,Bz,Ex,Ey,Ez
0.000000000000e+00,0.000000000000e+00,1.000000000000e+00,-2.665669448816e-18,4.242931870127e-16,3.097331642599e-17,3.505383227490e+02,-5.250887686926e-02,-7.085461066172e+00
