x,y,z,Bx,By,Bz,Ex,Ey,Ez
0.000000000000e+00,0.000000000000e+00,1.000000000000e+00,-9.795914630574e-16,4.310295218525e-14,-4.473483355876e-15,7.945174477547e+03,3.420271145421e+00,-7.202802133072e+02
