x,y,z,Bx,By,Bz,Ex,Ey,Ez
0.000000000000e+00,0.000000000000e+00,1.000000000000e+00,-2.318905233377e-19,6.866188903485e-17,-1.873875368307e-17,1.039338671532e+02,-2.719093357085e-03,-1.145806304472e+00
