x,y,z,Bx,By,Bz,Ex,Ey,Ez
0.000000000000e+00,0.000000000000e+00,1.000000000000e+00,2.046661700463e-18,5.177963164797e-16,-9.097589972180e-17,-4.008000925428e+02,-1.730493030836e-02,-8.654091155131e+00
