x,y,z,Bx,By,Bz,Ex,Ey,Ez
0.000000000000e+00,0.000000000000e+00,1.000000000000e+00,4.846539042288e-19,1.303473877111e-16,-4.905279528408e-17,-1.595351209215e+02,-2.848904945273e-03,-2.177634207594e+00
