x,y,z,Bx,By,Bz,Ex,Ey,Ez
0.000000000000e+00,0.000000000000e+00,1.000000000000e+00,2.578711933641e-15,8.708799538460e-14,-9.529439277898e-15,-1.300816903580e+04,-3.546617001942e+00,-1.454328300158e+03
