x,y,z,Bx,By,Bz,Ex,Ey,Ez
0.000000000000e+00,0.000000000000e+00,1.000000000000e+00,1.138694384515e-18,2.817674544656e-16,-2.249808098051e-17,-2.666205392273e+02,5.696641051015e-03,-4.701811134416e+00
