x,y,z,Bx,By,Bz,Ex,Ey,Ez
0.000000000000e+00,0.000000000000e+00,1.000000000000e+00,-2.762121280479e-19,7.124489644351e-17,6.348144492129e-18,1.065976260630e+02,-2.854066266019e-03,-1.190262519019e+00
