x,y,z,Bx,By,Bz,Ex,Ey,Ez
0.000000000000e+00,0.000000000000e+00,1.000000000000e+00,-3.363884521066e-19,9.832377602735e-17,8.108603845969e-18,1.320764328546e+02,1.073898298179e-03,-1.641227674033e+00
