x,y,z,Bx,By,Bz,Ex,Ey,Ez
0.000000000000e+00,0.000000000000e+00,1.000000000000e+00,2.955285030460e-16,1.708773979719e-14,-8.087671013470e-16,-4.201901505027e+03,-4.262004794649e-01,-2.853117123598e+02
