x,y,z,Bx,By,Bz,Ex,Ey,Ez
0.000000000000e+00,0.000000000000e+00,1.000000000000e+00,2.638959468994e-15,8.856726531287e-14,-9.695662373043e-15,-1.316441798010e+04,-3.691647941495e+00,-1.479025478358e+03
