x,y,z,Bx,By,Bz,Ex,Ey,Ez
0.000000000000e+00,0.000000000000e+00,1.000000000000e+00,1.597897028595e-17,1.913796632246e-15,-3.863371601022e-17,-9.604651538156e+02,-3.926073397858e-02,-3.197402800825e+01
