x,y,z,Bx,By,Bz,Ex,Ey,Ez
0.000000000000e+00,0.000000000000e+00,1.000000000000e+00,-1.589677728899e-11,6.359707749158e-11,-3.325225251348e-11,4.317970301699e+06,3.886814490935e+04,-1.063112460413e+06
