x,y,z,Bx,By,Bz,Ex,Ey,Ez
0.000000000000e+00,0.000000000000e+00,1.000000000000e+00,1.741114917341e-18,3.644653466441e-16,-3.765766220596e-17,-3.167178091508e+02,9.265156579203e-03,-6.084929435844e+00
