x,y,z,Bx,By,Bz,Ex,Ey,Ez
0.000000000000e+00,0.000000000000e+00,1.000000000000e+00,8.512351777111e-17,6.477986254152e-15,-4.359373526481e-16,-2.178752532285e+03,1.081835189112e-01,-1.081758933088e+02
