x,y,z,Bx,By,Bz,Ex,Ey,Ez
0.000000000000e+00,0.000000000000e+00,1.000000000000e+00,7.345040978062e-16,3.257094941379e-14,-3.382663158381e-15,-6.544275026330e+03,2.419711665528e+00,-5.442641707153e+02
