x,y,z,Bx,By,Bz,Ex,Ey,Ez
0.000000000000e+00,0.000000000000e+00,1.000000000000e+00,-2.761760633937e-19,8.531901923823e-17,-1.390913664587e-17,1.202699464164e+02,4.999520104172e-03,-1.426114095383e+00
