x,y,z,Bx,By,Bz,Ex,Ey,Ez
0.000000000000e+00,0.000000000000e+00,1.000000000000e+00,3.754881785183e-19,1.237212274513e-16,-3.056245995072e-17,-1.540654467998e+02,6.259119675822e-03,-2.066824738307e+00
