x,y,z,Bx,By,Bz,Ex,Ey,Ez
0.000000000000e+00,0.000000000000e+00,1.000000000000e+00,1.140166558600e-13,1.570624746089e-12,-2.561646742748e-13,-1.264193700604e+05,5.435086876288e+01,-2.624104016078e+04
