x,y,z,Bx,By,Bz,Ex,Ey,Ez
0.000000000000e+00,0.000000000000e+00,1.000000000000e+00,-2.030028029029e-17,2.108367098841e-15,-1.761257085826e-16,1.025303175971e+03,-2.832849828561e-02,-3.523331401238e+01
