x,y,z,Bx,By,Bz,Ex,Ey,Ez
0.000000000000e+00,0.000000000000e+00,1.000000000000e+00,-1.202486092191e-15,5.014975341334e-14,-6.156541436598e-15,8.825334265620e+03,2.995761413346e+00,-8.373662736837e+02
