x,y,z,Bx,By,Bz,Ex,Ey,Ez
0.000000000000e+00,0.000000000000e+00,1.000000000000e+00,4.495597872394e-19,1.447847542227e-16,7.010480576854e-18,-1.711015015082e+02,-1.270051289139e-02,-2.419185023950e+00
