x,y,z,Bx,By,Bz,Ex,Ey,Ez
0.000000000000e+00,0.000000000000e+00,1.000000000000e+00,7.109114943364e-19,1.647351080296e-16,-9.410867778114e-18,-1.863584603522e+02,1.005760599186e-02,-2.749611259829e+00
