x,y,z,Bx,By,Bz,Ex,Ey,Ez
0.000000000000e+00,0.000000000000e+00,1.000000000000e+00,-1.596759579255e-19,6.169128096859e-17,-1.266261688003e-17,9.688661842481e+01,1.286845708931e-03,-1.031307455425e+00
