x,y,z,Bx,By,Bz,Ex,Ey,Ez
0.000000000000e+00,0.000000000000e+00,1.000000000000e+00,-7.911358700900e-18,1.128956453120e-15,-5.736926637032e-17,6.743335748507e+02,4.098371674563e-03,-1.885409955254e+01
