x,y,z,Bx,By,Bz,Ex,Ey,Ez
0.000000000000e+00,0.000000000000e+00,1.000000000000e+00,2.627267700471e-19,7.665239921378e-17,1.880699826504e-18,-1.118953071919e+02,3.823120090986e-04,-1.279939115513e+00
