x,y,z,Bx,By,Bz,Ex,Ey,Ez
0.000000000000e+00,0.000000000000e+00,1.000000000000e+00,-2.296713776674e-16,1.335456068561e-14,-1.565564268941e-15,3.557127725531e+03,-9.234203867331e-01,-2.231428485090e+02
