x,y,z,Bx,By,Bz,Ex,Ey,Ez
0.000000000000e+00,0.000000000000e+00,1.000000000000e+00,-3.467886323128e-19,1.142311740288e-16,-6.890419096986e-18,1.460942687768e+02,3.827150886565e-03,-1.908935184469e+00
