x,y,z,Bx,By,Bz,Ex,Ey,Ez
0.000000000000e+00,0.000000000000e+00,1.000000000000e+00,6.493755559727e-18,8.947863632615e-16,-1.338899127334e-16,-5.779113775998e+02,-2.452466792832e-02,-1.496419977602e+01
