x,y,z,Bx,By,Bz,Ex,Ey,Ez
0.000000000000e+00,0.000000000000e+00,1.000000000000e+00,-2.237212934318e-19,7.447861421307e-17,-2.131269858578e-18,1.098464616074e+02,3.958068619574e-04,-1.245024912608e+00
