x,y,z,Bx,By,Bz,Ex,Ey,Ez
0.000000000000e+00,0.000000000000e+00,1.000000000000e+00,5.851342569623e-17,4.992112030747e-15,-3.773374502107e-16,-1.828355038246e+03,-7.442124485412e-02,-8.338185977018e+01
