x,y,z,Bx,By,Bz,Ex,Ey,Ez
0.000000000000e+00,0.000000000000e+00,1.000000000000e+00,1.253958910368e-17,1.576100255627e-15,-2.385702217276e-16,-8.436336831022e+02,-6.533408486417e-02,-2.633520445917e+01
