x,y,z,Bx,By,Bz,Ex,Ey,Ez
0.000000000000e+00,0.000000000000e+00,1.000000000000e+00,1.717553026780e-19,6.115153735371e-17,-9.578014063263e-18,-9.629386070552e+01,-3.302631815812e-04,-1.021981682537e+00
