x,y,z,Bx,By,Bz,Ex,Ey,Ez
0.000000000000e+00,0.000000000000e+00,1.000000000000e+00,-6.639901628260e-18,9.300210587593e-16,-3.743414228187e-17,5.923945611379e+02,-6.062113500047e-02,-1.553283785220e+01
