x,y,z,Bx,By,Bz,Ex,Ey,Ez
0.000000000000e+00,0.000000000000e+00,1.000000000000e+00,2.128151462006e-17,2.308633250815e-15,-1.806260421927e-16,-1.088863430187e+03,4.832753194000e-02,-3.855189985463e+01
