x,y,z,Bx,By,Bz,Ex,Ey,Ez
0.000000000000e+00,0.000000000000e+00,1.000000000000e+00,1.316994255742e-18,2.868412407598e-16,-3.649282348603e-17,-2.697960031242e+02,5.239075198495e-03,-4.785882006346e+00
