x,y,z,Bx,By,Bz,Ex,Ey,Ez
0.000000000000e+00,0.000000000000e+00,1.000000000000e+00,2.762394886065e-19,8.157680181011e-17,-2.209914818617e-17,-1.166847828291e+02,-6.486148454494e-04,-1.362851224426e+00
