x,y,z,Bx,By,Bz,Ex,Ey,Ez
0.000000000000e+00,0.000000000000e+00,1.000000000000e+00,1.185571599751e-17,1.494243937084e-15,-2.731667956893e-16,-8.141430110639e+02,-2.535820177938e-02,-2.497074487748e+01
