x,y,z,Bx,By,Bz,Ex,Ey,Ez
0.000000000000e+00,0.000000000000e+00,1.000000000000e+00,-8.974547995427e-17,7.105763446554e-15,-2.277399181760e-16,2.322000827627e+03,6.789575402502e-02,-1.188643468528e+02
