x,y,z,Bx,By,Bz,Ex,Ey,Ez
0.000000000000e+00,0.000000000000e+00,1.000000000000e+00,5.753341467450e-17,4.927135661769e-15,-3.793659561287e-16,-1.812322728379e+03,-7.715096018468e-02,-8.229696638939e+01
