x,y,z,Bx,By,Bz,Ex,Ey,Ez
0.000000000000e+00,0.000000000000e+00,1.000000000000e+00,1.845969148991e-19,5.970124316933e-17,9.286511511797e-19,-9.475249405618e+01,-3.213909890302e-04,-9.975918473207e-01
