x,y,z,Bx,By,Bz,Ex,Ey,Ez
0.000000000000e+00,0.000000000000e+00,1.000000000000e+00,8.172834044522e-19,1.963265926926e-16,-5.310707088768e-18,-2.095759972997e+02,4.576136341602e-03,-3.278224562932e+00
