x,y,z,Bx,By,Bz,Ex,Ey,Ez
0.000000000000e+00,0.000000000000e+00,1.000000000000e+00,-2.119743471315e-17,2.341168910228e-15,-3.302003073675e-16,1.100391491527e+03,-5.571020745417e-02,-3.914396683664e+01
