x,y,z,Bx,By,Bz,Ex,Ey,Ez
0.000000000000e+00,0.000000000000e+00,1.000000000000e+00,4.803451849331e-19,1.150211227124e-16,-4.007570976120e-18,-1.468221891930e+02,7.724858309383e-03,-1.923359309157e+00
