x,y,z,Bx,By,Bz,Ex,Ey,Ez
0.000000000000e+00,0.000000000000e+00,1.000000000000e+00,2.730063937199e-18,4.681821838132e-16,-7.170768849221e-17,-3.748291535110e+02,8.733139450512e-03,-7.829414044430e+00
