x,y,z,Bx,By,Bz,Ex,Ey,Ez
0.000000000000e+00,0.000000000000e+00,1.000000000000e+00,-2.631583776422e-18,4.782537490134e-16,4.791316132147e-17,3.799895570755e+02,2.452509175442e-02,-7.995640970184e+00
