x,y,z,Bx,By,Bz,Ex,Ey,Ez
0.000000000000e+00,0.000000000000e+00,1.000000000000e+00,-4.964862320144e-19,1.394297556756e-16,-2.375447611510e-17,1.668182621848e+02,2.821947918133e-03,-2.328708685374e+00
