x,y,z,Bx,By,Bz,Ex,Ey,Ez
0.000000000000e+00,0.000000000000e+00,1.000000000000e+00,1.811739716269e-17,2.109409219838e-15,-1.029642961426e-16,-1.025000587991e+03,2.242138912950e-02,-3.523086125747e+01
