x,y,z,Bx,By,Bz,Ex,Ey,Ez
0.000000000000e+00,0.000000000000e+00,1.000000000000e+00,7.845622929337e-19,1.678458824230e-16,-2.541023025059e-17,-1.887490251484e+02,9.801601889660e-03,-2.802498270625e+00
