x,y,z,Bx,By,Bz,Ex,Ey,Ez
0.000000000000e+00,0.000000000000e+00,1.000000000000e+00,-5.526064054034e-19,1.430912413137e-16,-3.923892629963e-17,1.697480426241e+02,-1.320997791089e-04,-2.390178631001e+00
