x,y,z,Bx,By,Bz,Ex,Ey,Ez
0.000000000000e+00,0.000000000000e+00,1.000000000000e+00,-1.014401924815e-18,2.373558623283e-16,4.078838114719e-17,2.377466147141e+02,-1.683909756234e-02,-3.960911846770e+00
