x,y,z,Bx,By,Bz,Ex,Ey,Ez
0.000000000000e+00,0.000000000000e+00,1.000000000000e+00,-1.338289568486e-19,6.611806339179e-17,-1.626764049423e-17,1.013626608519e+02,4.459944280229e-04,-1.103511226228e+00
