x,y,z,Bx,By,Bz,Ex,Ey,Ez
0.000000000000e+00,0.000000000000e+00,1.000000000000e+00,4.163307988256e-15,1.242545230633e-13,-1.337814531356e-14,-1.676587828186e+04,-6.897054169347e+00,-2.075080329850e+03
