x,y,z,Bx,By,Bz,Ex,Ey,Ez
0.000000000000e+00,0.000000000000e+00,1.000000000000e+00,9.190496301059e-19,2.007370813477e-16,-1.531021486397e-17,-2.127430540471e+02,5.578353654008e-03,-3.352656037023e+00
