x,y,z,Bx,By,Bz,Ex,Ey,Ez
0.000000000000e+00,0.000000000000e+00,1.000000000000e+00,1.977584178664e-19,1.007405174099e-16,-5.035499133430e-18,-1.342957998004e+02,-4.157764508918e-03,-1.682618896283e+00
