x,y,z,Bx,By,Bz,Ex,Ey,Ez
0.000000000000e+00,0.000000000000e+00,1.000000000000e+00,3.204005595626e-19,1.055398534474e-16,1.448327240644e-17,-1.383899221696e+02,-2.745112102991e-04,-1.760313953720e+00
