x,y,z,Bx,By,Bz,Ex,Ey,Ez
0.000000000000e+00,0.000000000000e+00,1.000000000000e+00,4.156766357868e-19,1.259017137057e-16,-3.960372306742e-17,-1.558587769618e+02,3.928440682541e-03,-2.102908280413e+00
