x,y,z,Bx,By,Bz,Ex,Ey,Ez
0.000000000000e+00,0.000000000000e+00,1.000000000000e+00,2.060045516458e-18,3.851460243531e-16,-4.897327529399e-17,-3.286759446390e+02,4.993658660092e-03,-6.432093731437e+00
