x,y,z,Bx,By,Bz,Ex,Ey,Ez
0.000000000000e+00,0.000000000000e+00,1.000000000000e+00,2.829572359296e-15,9.320851162826e-14,-1.021388797978e-14,-1.365053803293e+04,-4.150572532151e+00,-1.556526953831e+03
