x,y,z,Bx,By,Bz,Ex,Ey,Ez
0.000000000000e+00,0.000000000000e+00,1.000000000000e+00,-2.429885767917e-16,1.410643228966e-14,-1.504022617217e-15,3.692248705328e+03,-1.056121217964e+00,-2.357626561907e+02
