x,y,z,Bx,By,Bz,Ex,Ey,Ez
0.000000000000e+00,0.000000000000e+00,1.000000000000e+00,-2.137824952396e-19,7.508932942771e-17,-7.386278837251e-18,1.104431480579e+02,4.773616519107e-04,-1.255154095624e+00
