x,y,z,Bx,By,Bz,Ex,Ey,Ez
0.000000000000e+00,0.000000000000e+00,1.000000000000e+00,8.169999824196e-19,1.703018494082e-16,-3.476820843692e-17,-1.906390357387e+02,8.569230455188e-03,-2.844558282758e+00
