x,y,z,Bx,By,Bz,Ex,Ey,Ez
0.000000000000e+00,0.000000000000e+00,1.000000000000e+00,-2.304432624244e-19,9.389874564460e-17,8.127289798337e-18,1.281033158007e+02,-4.736857123387e-03,-1.567676629964e+00
