x,y,z,Bx,By,Bz,Ex,Ey,Ez
0.000000000000e+00,0.000000000000e+00,1.000000000000e+00,4.183011504233e-18,6.814588430362e-16,3.476697902378e-17,-4.814578399011e+02,2.568623179462e-02,-1.139270109268e+01
