x,y,z,Bx,By,Bz,Ex,Ey,Ez
0.000000000000e+00,0.000000000000e+00,1.000000000000e+00,-2.080262495632e-17,2.192963416061e-15,-2.098197194245e-16,1.052964057540e+03,-2.995819504398e-02,-3.665913796671e+01
