x,y,z,Bx,By,Bz,Ex,Ey,Ez
0.000000000000e+00,0.000000000000e+00,1.000000000000e+00,2.102792819421e-18,3.905515197845e-16,-4.460653391261e-17,-3.317684110141e+02,3.973626779603e-03,-6.522970257505e+00
