x,y,z,Bx,By,Bz,Ex,Ey,Ez
0.000000000000e+00,0.000000000000e+00,1.000000000000e+00,2.130254587275e-18,5.080991508893e-16,-9.329550939500e-17,-3.958863293216e+02,-1.212915810314e-02,-8.495748803114e+00
