x,y,z,Bx,By,Bz,Ex,Ey,Ez
0.000000000000e+00,0.000000000000e+00,1.000000000000e+00,-1.425172638510e-18,3.337449010888e-16,-7.121600291066e-17,2.989672798035e+02,1.669069501464e-02,-5.579572826268e+00
