x,y,z,Bx,By,Bz,Ex,Ey,Ez
0.000000000000e+00,0.000000000000e+00,1.000000000000e+00,-3.282804092083e-19,9.797766277073e-17,1.068107112988e-17,1.317635479574e+02,7.215685027528e-04,-1.635408471842e+00
