x,y,z,Bx,By,Bz,Ex,Ey,Ez
0.000000000000e+00,0.000000000000e+00,1.000000000000e+00,4.050243834703e-18,7.126562785449e-16,-1.067221431012e-17,-4.959788737964e+02,4.495383421205e-02,-1.190888037865e+01
