x,y,z,Bx,By,Bz,Ex,Ey,Ez
0.000000000000e+00,0.000000000000e+00,1.000000000000e+00,-2.120450439826e-19,7.521264725251e-17,-8.376300084990e-18,1.105630567632e+02,4.660770645811e-04,-1.257193191224e+00
