x,y,z,Bx,By,Bz,Ex,Ey,Ez
0.000000000000e+00,0.000000000000e+00,1.000000000000e+00,2.161853659581e-18,4.005681275011e-16,-3.241305278179e-17,-3.374442950418e+02,3.321796395335e-03,-6.690891799299e+00
