x,y,z,Bx,By,Bz,Ex,Ey,Ez
0.000000000000e+00,0.000000000000e+00,1.000000000000e+00,-3.900812076658e-19,1.013151759671e-16,-1.538437420897e-17,1.347825815446e+02,1.864522479092e-03,-1.691814000206e+00
