x,y,z,Bx,By,Bz,Ex,Ey,Ez
0.000000000000e+00,0.000000000000e+00,1.000000000000e+00,-1.133025361115e-16,8.890656391993e-15,-9.461542224638e-16,2.698632794689e+03,3.720629831709e-01,-1.483928549986e+02
