x,y,z,Bx,By,Bz,Ex,Ey,Ez
0.000000000000e+00,0.000000000000e+00,1.000000000000e+00,-4.984271903759e-17,4.529690644637e-15,-7.041722260761e-16,1.713339234635e+03,4.038357445343e-01,-7.568585549811e+01
