x,y,z,Bx,By,Bz,Ex,Ey,Ez
0.000000000000e+00,0.000000000000e+00,1.000000000000e+00,-1.130151804768e-19,6.517169397325e-17,-9.354897690668e-18,1.004213611664e+02,1.002989846720e-03,-1.088193991252e+00
