x,y,z,Bx,By,Bz,Ex,Ey,Ez
0.000000000000e+00,0.000000000000e+00,1.000000000000e+00,2.747015543402e-19,8.754070262219e-17,4.508799698730e-18,-1.223290777348e+02,-2.638831656406e-03,-1.462997505771e+00
