x,y,z,Bx,By,Bz,Ex,Ey,Ez
0.000000000000e+00,0.000000000000e+00,1.000000000000e+00,7.079034072373e-18,1.111766063452e-15,-1.020410534892e-17,-6.671987835490e+02,2.438632278414e-03,-1.855378158141e+01
