x,y,z,Bx,By,Bz,Ex,Ey,Ez
0.000000000000e+00,0.000000000000e+00,1.000000000000e+00,1.638455235014e-19,6.228588517673e-17,-8.418811783980e-18,-9.747290488784e+01,-8.076330902109e-04,-1.040798283772e+00
