x,y,z,Bx,By,Bz,Ex,Ey,Ez
0.000000000000e+00,0.000000000000e+00,1.000000000000e+00,5.774635557210e-18,1.030517277159e-15,-3.340015597132e-17,-6.346886712698e+02,-2.669745104656e-02,-1.721727017810e+01
