x,y,z,Bx,By,Bz,Ex,Ey,Ez
0.000000000000e+00,0.000000000000e+00,1.000000000000e+00,4.540129666688e-19,1.418803346898e-16,-7.621997851485e-18,-1.688266704470e+02,-1.389043352173e-02,-2.370966584911e+00
