x,y,z,Bx,By,Bz,Ex,Ey,Ez
0.000000000000e+00,0.000000000000e+00,1.000000000000e+00,8.949962310810e-19,2.316358758916e-16,-3.348502576027e-17,-2.340588508132e+02,-6.853264504233e-03,-3.867958342021e+00
