x,y,z,Bx,By,Bz,Ex,Ey,Ez
0.000000000000e+00,0.000000000000e+00,1.000000000000e+00,-3.098559417186e-13,3.453379687553e-12,-8.347024873550e-13,2.715426278827e+05,-1.488861504282e+02,-5.761605984829e+04
