x,y,z,Bx,By,Bz,Ex,Ey,Ez
0.000000000000e+00,0.000000000000e+00,1.000000000000e+00,-1.700237455115e-16,1.083409692231e-14,-1.625645789822e-15,3.084220396416e+03,-1.508408796397e-01,-1.807382858354e+02
