x,y,z,Bx,By,Bz,Ex,Ey,Ez
0.000000000000e+00,0.000000000000e+00,1.000000000000e+00,9.742970372339e-19,2.753327162561e-16,-5.141405553676e-18,-2.626195085794e+02,4.288589613977e-03,-4.596618770175e+00
