x,y,z,Bx,By,Bz,Ex,Ey,Ez
0.000000000000e+00,0.000000000000e+00,1.000000000000e+00,2.735588703806e-12,1.694357404900e-11,-9.245103466579e-12,-1.530083884692e+06,2.288650170935e+03,-2.832579198819e+05
