x,y,z,Bx,By,Bz,Ex,Ey,Ez
0.000000000000e+00,0.000000000000e+00,1.000000000000e+00,1.483038947442e-16,1.010862543335e-14,-1.322152750347e-15,-2.946593414893e+03,-2.128215989525e-01,-1.690006237856e+02
