x,y,z,Bx,By,Bz,Ex,Ey,Ez
0.000000000000e+00,0.000000000000e+00,1.000000000000e+00,-4.654912077451e-18,7.324744071153e-16,-1.272202100409e-16,5.053598946368e+02,2.300686080929e-03,-1.224224379012e+01
