x,y,z,Bx,By,Bz,Ex,Ey,Ez
0.000000000000e+00,0.000000000000e+00,1.000000000000e+00,-6.937678624744e-16,3.175857954296e-14,-1.651998719652e-15,6.430143685660e+03,1.873972613222e+00,-5.311135264285e+02
