x,y,z,Bx,By,Bz,Ex,Ey,Ez
0.000000000000e+00,0.000000000000e+00,1.000000000000e+00,1.640836883201e-19,6.267190337507e-17,-6.200920389930e-18,-9.787036877259e+01,-8.846752855466e-04,-1.047173797483e+00
