x,y,z,Bx,By,Bz,Ex,Ey,Ez
0.000000000000e+00,0.000000000000e+00,1.000000000000e+00,7.742910898931e-18,1.138946506993e-15,-1.050723196692e-17,-6.779967315775e+02,1.397782623776e-02,-1.900473663775e+01
