x,y,z,Bx,By,Bz,Ex,Ey,Ez
0.000000000000e+00,0.000000000000e+00,1.000000000000e+00,-3.857739535111e-15,1.153048650372e-13,-9.968846541379e-15,1.589045133935e+04,9.506005055840e-01,-1.926883129793e+03
