x,y,z,Bx,By,Bz,Ex,Ey,Ez
0.000000000000e+00,0.000000000000e+00,1.000000000000e+00,6.428195373430e-18,1.080967719784e-15,-1.532096707172e-17,-6.549310804813e+02,-9.885841227135e-03,-1.804562896640e+01
