x,y,z,Bx,By,Bz,Ex,Ey,Ez
0.000000000000e+00,0.000000000000e+00,1.000000000000e+00,-6.326466240435e-15,1.704250534669e-13,-1.864319963508e-14,2.111132270797e+04,3.415321693031e+00,-2.848499548449e+03
