x,y,z,Bx,By,Bz,Ex,Ey,Ez
0.000000000000e+00,0.000000000000e+00,1.000000000000e+00,9.106165692078e-19,2.002928727224e-16,-1.413795686675e-17,-2.124230631966e+02,5.536771841750e-03,-3.345113074019e+00
