x,y,z,Bx,By,Bz,Ex,Ey,Ez
0.000000000000e+00,0.000000000000e+00,1.000000000000e+00,6.088251148692e-16,2.824761839960e-14,-2.340556088042e-15,-5.929418744954e+03,2.263035702301e+00,-4.718043085427e+02
