x,y,z,Bx,By,Bz,Ex,Ey,Ez
0.000000000000e+00,0.000000000000e+00,1.000000000000e+00,2.199301410804e-15,7.759145850036e-14,-8.480244887167e-15,-1.198877121254e+04,-2.637328848564e+00,-1.295852857673e+03
