x,y,z,Bx,By,Bz,Ex,Ey,Ez
0.000000000000e+00,0.000000000000e+00,1.000000000000e+00,1.327869519101e-14,3.012251204191e-13,-3.265518086305e-14,-3.223608738827e+04,-9.787948621565e+00,-5.031311811619e+03
