x,y,z,Bx,By,Bz,Ex,Ey,Ez
0.000000000000e+00,0.000000000000e+00,1.000000000000e+00,-2.234791357117e-17,2.612686457114e-15,-4.793248094231e-16,1.183952139715e+03,-1.905967273101e-01,-4.365533987526e+01
