x,y,z,Bx,By,Bz,Ex,Ey,Ez
0.000000000000e+00,0.000000000000e+00,1.000000000000e+00,2.971174779073e-17,2.990396790509e-15,-2.839662253502e-16,-1.296324968918e+03,6.525952156990e-02,-4.998510274832e+01
