x,y,z,Bx,By,Bz,Ex,Ey,Ez
0.000000000000e+00,0.000000000000e+00,1.000000000000e+00,-1.511885317074e-16,1.021690921177e-14,-1.505974088432e-15,2.963771263436e+03,7.145166320996e-02,-1.704071835972e+02
