x,y,z,Bx,By,Bz,Ex,Ey,Ez
0.000000000000e+00,0.000000000000e+00,1.000000000000e+00,2.906630664186e-19,9.299511539390e-17,-1.185254431066e-17,-1.273631639426e+02,4.155524136466e-04,-1.554076334260e+00
