x,y,z,Bx,By,Bz,Ex,Ey,Ez
0.000000000000e+00,0.000000000000e+00,1.000000000000e+00,1.142355463606e-17,1.411994326230e-15,-2.514134603409e-16,-7.838563581923e+02,1.916733240240e-02,-2.359697117599e+01
