x,y,z,Bx,By,Bz,Ex,Ey,Ez
0.000000000000e+00,0.000000000000e+00,1.000000000000e+00,-7.113083386821e-18,1.010714837093e-15,-8.257849400436e-18,6.264621937022e+02,-3.277277111641e-02,-1.688931583141e+01
