x,y,z,Bx,By,Bz,Ex,Ey,Ez
0.000000000000e+00,0.000000000000e+00,1.000000000000e+00,7.927047256947e-15,2.023550303149e-13,-2.148592296107e-14,-2.392661263416e+04,-9.779715763417e+00,-3.380247484442e+03
