x,y,z,Bx,By,Bz,Ex,Ey,Ez
0.000000000000e+00,0.000000000000e+00,1.000000000000e+00,5.804569231628e-18,1.034604738683e-15,-3.150005774053e-17,-6.363387992879e+02,-2.554891984885e-02,-1.728431446928e+01
