x,y,z,Bx,By,Bz,Ex,Ey,Ez
0.000000000000e+00,0.000000000000e+00,1.000000000000e+00,1.087629337576e-18,2.394588355061e-16,-2.731647929660e-17,-2.393065379577e+02,-9.099010074127e-03,-3.998828077908e+00
