x,y,z,Bx,By,Bz,Ex,Ey,Ez
0.000000000000e+00,0.000000000000e+00,1.000000000000e+00,4.492254494054e-15,1.315411780284e-13,-1.407737625239e-14,-1.746867090975e+04,-7.372360977940e+00,-2.196796644608e+03
