x,y,z,Bx,By,Bz,Ex,Ey,Ez
0.000000000000e+00,0.000000000000e+00,1.000000000000e+00,-1.085914786754e-17,1.454648549129e-15,-7.118099859261e-17,7.997684883074e+02,1.012884361957e-01,-2.432213281646e+01
