x,y,z,Bx,By,Bz,Ex,Ey,Ez
0.000000000000e+00,0.000000000000e+00,1.000000000000e+00,-5.164423831959e-19,1.633902430309e-16,1.231827488917e-17,1.853050369401e+02,-2.253478214472e-03,-2.726458110506e+00
