x,y,z,Bx,By,Bz,Ex,Ey,Ez
0.000000000000e+00,0.000000000000e+00,1.000000000000e+00,2.645386181220e-17,2.641107427190e-15,-2.127356130163e-16,-1.192156760850e+03,5.800913702376e-02,-4.412639074765e+01
