x,y,z,Bx,By,Bz,Ex,Ey,Ez
0.000000000000e+00,0.000000000000e+00,1.000000000000e+00,7.292231493820e-18,1.120746049765e-15,-9.735878836908e-18,-6.707685874205e+02,6.210484923751e-03,-1.870249226358e+01
