x,y,z,Bx,By,Bz,Ex,Ey,Ez
0.000000000000e+00,0.000000000000e+00,1.000000000000e+00,2.340780683250e-19,1.034074688056e-16,9.305019108852e-18,-1.365645627814e+02,-2.638459998858e-03,-1.725537130751e+00
