x,y,z,Bx,By,Bz,Ex,Ey,Ez
0.000000000000e+00,0.000000000000e+00,1.000000000000e+00,-3.853410856303e-19,1.094427190053e-16,5.710943801455e-18,1.419915377631e+02,7.267652415421e-04,-1.829283438174e+00
