x,y,z,Bx,By,Bz,Ex,Ey,Ez
0.000000000000e+00,0.000000000000e+00,1.000000000000e+00,-3.803263849520e-19,1.006024749341e-16,-1.067217373285e-17,1.341385288213e+02,2.027640361069e-03,-1.679728213356e+00
