x,y,z,Bx,By,Bz,Ex,Ey,Ez
0.000000000000e+00,0.000000000000e+00,1.000000000000e+00,-3.734052934796e-19,1.106583402265e-16,7.114266915545e-18,1.430437730412e+02,1.721947162225e-03,-1.849627152116e+00
