x,y,z,Bx,By,Bz,Ex,Ey,Ez
0.000000000000e+00,0.000000000000e+00,1.000000000000e+00,-1.057713525460e-16,8.542591375694e-15,-7.564757786895e-16,2.627355016089e+03,3.775287276951e-01,-1.426485847994e+02
