x,y,z,Bx,By,Bz,Ex,Ey,Ez
0.000000000000e+00,0.000000000000e+00,1.000000000000e+00,4.879013219761e-19,1.347215874091e-16,-4.115727606567e-17,-1.631190222394e+02,-9.442079368776e-03,-2.251468871366e+00
