x,y,z,Bx,By,Bz,Ex,Ey,Ez
0.000000000000e+00,0.000000000000e+00,1.000000000000e+00,2.806057491631e-17,2.785699027209e-15,-2.315043577646e-16,-1.235838388268e+03,6.498850537527e-02,-4.655505569970e+01
