x,y,z,Bx,By,Bz,Ex,Ey,Ez
0.000000000000e+00,0.000000000000e+00,1.000000000000e+00,6.383793601082e-16,2.925351241470e-14,-2.598941603821e-15,-6.074739506409e+03,2.349787370856e+00,-4.886592009844e+02
