x,y,z,Bx,By,Bz,Ex,Ey,Ez
0.000000000000e+00,0.000000000000e+00,1.000000000000e+00,2.697716894607e-19,7.828210006568e-17,-4.564772106997e-18,-1.134997975511e+02,1.129987147425e-03,-1.307532251104e+00
