x,y,z,Bx,By,Bz,Ex,Ey,Ez
0.000000000000e+00,0.000000000000e+00,1.000000000000e+00,1.306368822468e-17,1.626599297109e-15,-1.986633092230e-16,-8.615652801615e+02,-8.197719782795e-02,-2.717736549388e+01
