x,y,z,Bx,By,Bz,Ex,Ey,Ez
0.000000000000e+00,0.000000000000e+00,1.000000000000e+00,-4.036915458355e-19,1.214039545244e-16,-3.292445642257e-17,1.521053638032e+02,-1.340468102990e-03,-2.027696363938e+00
