x,y,z,Bx,By,Bz,Ex,Ey,Ez
0.000000000000e+00,0.000000000000e+00,1.000000000000e+00,4.683705480159e-19,1.382283551147e-16,-2.646291885506e-17,-1.659370140351e+02,-1.287000351813e-02,-2.310186807352e+00
