x,y,z,Bx,By,Bz,Ex,Ey,Ez
0.000000000000e+00,0.000000000000e+00,1.000000000000e+00,-3.071175942958e-17,3.079826384973e-15,-5.174182941498e-17,1.320262678141e+03,-2.889067950285e-01,-5.139530418009e+01
