x,y,z,Bx,By,Bz,Ex,Ey,Ez
0.000000000000e+00,0.000000000000e+00,1.000000000000e+00,-5.909921361015e-16,2.757855687516e-14,-1.153873043892e-15,5.831830484105e+03,7.051312089466e-01,-4.609706422821e+02
