x,y,z,Bx,By,Bz,Ex,Ey,Ez
0.000000000000e+00,0.000000000000e+00,1.000000000000e+00,-9.230357067797e-19,2.334125907447e-16,3.693952090318e-17,2.351298645669e+02,-2.213439872501e-02,-3.895547309376e+00
