x,y,z,Bx,By,Bz,Ex,Ey,Ez
0.000000000000e+00,0.000000000000e+00,1.000000000000e+00,-4.038340687752e-19,1.070775465905e-16,-5.249536302509e-18,1.399237598562e+02,-4.997885770032e-04,-1.789479142139e+00
