x,y,z,Bx,By,Bz,Ex,Ey,Ez
0.000000000000e+00,0.000000000000e+00,1.000000000000e+00,2.230024620796e-17,2.368195339156e-15,-1.941607946197e-16,-1.107661047329e+03,5.044271060416e-02,-3.954800222116e+01
