x,y,z,Bx,By,Bz,Ex,Ey,Ez
0.000000000000e+00,0.000000000000e+00,1.000000000000e+00,2.755686783502e-18,4.627190560257e-16,-6.389488100968e-17,-3.718497586771e+02,1.058493735358e-02,-7.736665425412e+00
