x,y,z,Bx,By,Bz,Ex,Ey,Ez
0.000000000000e+00,0.000000000000e+00,1.000000000000e+00,-3.070628112704e-19,9.711686930025e-17,1.576381958321e-17,1.309865899221e+02,-3.469581684528e-04,-1.620979830118e+00
