x,y,z,Bx,By,Bz,Ex,Ey,Ez
0.000000000000e+00,0.000000000000e+00,1.000000000000e+00,-4.879434235165e-19,1.388735166548e-16,-2.052000259348e-17,1.663739444986e+02,3.045911535680e-03,-2.319439172769e+00
