x,y,z,Bx,By,Bz,Ex,Ey,Ez
0.000000000000e+00,0.000000000000e+00,1.000000000000e+00,-1.082373686700e-19,6.454812104033e-17,-5.704341894987e-18,9.980114936461e+01,1.095402386107e-03,-1.078143625336e+00
