x,y,z,Bx,By,Bz,Ex,Ey,Ez
0.000000000000e+00,0.000000000000e+00,1.000000000000e+00,-2.021104765279e-19,9.094042529053e-17,-2.746513539605e-17,1.254658826700e+02,-4.384471828965e-03,-1.519337555902e+00
