x,y,z,Bx,By,Bz,Ex,Ey,Ez
0.000000000000e+00,0.000000000000e+00,1.000000000000e+00,-9.727176069936e-19,2.356581015199e-16,4.041237083552e-17,2.366192786063e+02,-1.916243083127e-02,-3.932719913752e+00
