x,y,z,Bx,By,Bz,Ex,Ey,Ez
0.000000000000e+00,0.000000000000e+00,1.000000000000e+00,-2.454796168476e-18,4.112844566688e-16,-3.262585827404e-17,3.432575556228e+02,-5.757416053374e-02,-6.864745049320e+00
