x,y,z,Bx,By,Bz,Ex,Ey,Ez
0.000000000000e+00,0.000000000000e+00,1.000000000000e+00,-1.091623724409e-19,6.413715709950e-17,-4.217392669278e-18,9.939099803320e+01,1.070953048408e-03,-1.071513888217e+00
