x,y,z,Bx,By,Bz,Ex,Ey,Ez
0.000000000000e+00,0.000000000000e+00,1.000000000000e+00,1.745980229101e-18,3.016315475137e-16,-5.393798612401e-17,-2.791773755888e+02,-1.464315655936e-03,-5.037323985377e+00
