x,y,z,Bx,By,Bz,Ex,Ey,Ez
0.000000000000e+00,0.000000000000e+00,1.000000000000e+00,1.467079039655e-17,1.774752171965e-15,-7.552401964227e-17,-9.132134276537e+02,-8.332900690248e-02,-2.965197340689e+01
