x,y,z,Bx,By,Bz,Ex,Ey,Ez
0.000000000000e+00,0.000000000000e+00,1.000000000000e+00,4.521866933939e-18,6.377152347303e-16,3.312864557747e-17,-4.603808058619e+02,-1.083409966861e-02,-1.065528020924e+01
