x,y,z,Bx,By,Bz,Ex,Ey,Ez
0.000000000000e+00,0.000000000000e+00,1.000000000000e+00,3.461154740981e-17,3.487518014286e-15,-3.883305325945e-16,-1.437003142732e+03,2.134350776694e-02,-5.826394713524e+01
