x,y,z,Bx,By,Bz,Ex,Ey,Ez
0.000000000000e+00,0.000000000000e+00,1.000000000000e+00,-3.455454436834e-19,1.148810190072e-16,-1.121029999945e-17,1.466431703582e+02,3.865165404027e-03,-1.919665345393e+00
