x,y,z,Bx,By,Bz,Ex,Ey,Ez
0.000000000000e+00,0.000000000000e+00,1.000000000000e+00,2.947030485413e-18,5.683066153263e-16,-5.639742281397e-17,-4.258649441955e+02,-3.350720263030e-02,-9.478752256192e+00
