x,y,z,Bx,By,Bz,Ex,Ey,Ez
0.000000000000e+00,0.000000000000e+00,1.000000000000e+00,-4.577997056984e-19,1.268523527839e-16,-3.490227180173e-18,1.566422832116e+02,-3.654818897436e-03,-2.119219639285e+00
