x,y,z,Bx,By,Bz,Ex,Ey,Ez
0.000000000000e+00,0.000000000000e+00,1.000000000000e+00,1.950546963890e-19,6.664474984729e-17,8.528647035319e-18,-1.019859255372e+02,3.181583377199e-03,-1.113893850140e+00
