x,y,z,Bx,By,Bz,Ex,Ey,Ez
0.000000000000e+00,0.000000000000e+00,1.000000000000e+00,4.143554579935e-18,6.861148976270e-16,2.998656228249e-17,-4.836485236859e+02,2.921445032439e-02,-1.147013268017e+01
