x,y,z,Bx,By,Bz,Ex,Ey,Ez
0.000000000000e+00,0.000000000000e+00,1.000000000000e+00,3.045831944619e-17,3.092002495975e-15,-3.116338029940e-16,-1.325750428043e+03,5.964331400571e-02,-5.168193279462e+01
