x,y,z,Bx,By,Bz,Ex,Ey,Ez
0.000000000000e+00,0.000000000000e+00,1.000000000000e+00,7.382998180394e-19,1.657672708983e-16,-1.503962544463e-17,-1.871503651117e+02,1.015917311467e-02,-2.767093233023e+00
