x,y,z,Bx,By,Bz,Ex,Ey,Ez
0.000000000000e+00,0.000000000000e+00,1.000000000000e+00,-5.658149985717e-19,1.483236705195e-16,-3.587374294659e-17,1.739240884368e+02,-5.788606963654e-03,-2.478882241279e+00
