x,y,z,Bx,By,Bz,Ex,Ey,Ez
0.000000000000e+00,0.000000000000e+00,1.000000000000e+00,9.667047882259e-19,2.629924529827e-16,8.577894821624e-18,-2.548909900044e+02,-2.866855084982e-03,-4.395632243163e+00
