x,y,z,Bx,By,Bz,Ex,Ey,Ez
0.000000000000e+00,0.000000000000e+00,1.000000000000e+00,2.843724687784e-19,1.047634592861e-16,1.339668453856e-17,-1.377216558555e+02,-1.207343765381e-03,-1.747558837958e+00
