x,y,z,Bx,By,Bz,Ex,Ey,Ez
0.000000000000e+00,0.000000000000e+00,1.000000000000e+00,4.034788694751e-16,2.117940219966e-14,-8.875529606226e-16,-4.863743585329e+03,6.773462592648e-01,-3.535794017424e+02
