x,y,z,Bx,By,Bz,Ex,Ey,Ez
0.000000000000e+00,0.000000000000e+00,1.000000000000e+00,-2.304269849202e-17,2.683818062868e-15,-4.635430144168e-16,1.205198210225e+03,-2.300172629158e-01,-4.483121675166e+01
