x,y,z,Bx,By,Bz,Ex,Ey,Ez
0.000000000000e+00,0.000000000000e+00,1.000000000000e+00,4.729358154309e-19,1.086366971755e-16,1.074202689018e-17,-1.411155426244e+02,3.474707115800e-03,-1.812593042241e+00
