x,y,z,Bx,By,Bz,Ex,Ey,Ez
0.000000000000e+00,0.000000000000e+00,1.000000000000e+00,-7.397319970746e-18,1.084612748491e-15,-3.613452513547e-17,6.566198099581e+02,-6.225359855350e-03,-1.811886646063e+01
