x,y,z,Bx,By,Bz,Ex,Ey,Ez
0.000000000000e+00,0.000000000000e+00,1.000000000000e+00,4.608098525834e-19,1.283544947074e-16,-4.694779825713e-17,-1.578864123071e+02,3.986400987243e-04,-2.143995061580e+00
