x,y,z,Bx,By,Bz,Ex,Ey,Ez
0.000000000000e+00,0.000000000000e+00,1.000000000000e+00,2.520040627759e-15,8.564107634868e-14,-9.366863175872e-15,-1.285470147277e+04,-3.405614339300e+00,-1.430173752374e+03
