x,y,z,Bx,By,Bz,Ex,Ey,Ez
0.000000000000e+00,0.000000000000e+00,1.000000000000e+00,-6.160367324921e-15,1.669237238960e-13,-1.801469068859e-14,2.079207064850e+04,3.425994158036e+00,-2.790008638802e+03
