x,y,z,Bx,By,Bz,Ex,Ey,Ez
0.000000000000e+00,0.000000000000e+00,1.000000000000e+00,-2.238871852643e-19,6.844959768986e-17,-2.008402310427e-17,1.037162586368e+02,-2.474522563412e-03,-1.142200173213e+00
