x,y,z,Bx,By,Bz,Ex,Ey,Ez
0.000000000000e+00,0.000000000000e+00,1.000000000000e+00,-2.303051464494e-18,4.043833622152e-16,-6.514647906896e-17,3.393818413572e+02,-5.556762256982e-02,-6.748167868995e+00
