x,y,z,Bx,By,Bz,Ex,Ey,Ez
0.000000000000e+00,0.000000000000e+00,1.000000000000e+00,-6.381063234525e-19,2.024674817145e-16,-9.392090791458e-17,2.140738642970e+02,7.691637811617e-03,-3.382783079992e+00
