x,y,z,Bx,By,Bz,Ex,Ey,Ez
0.000000000000e+00,0.000000000000e+00,1.000000000000e+00,-7.678013175761e-19,2.159142153629e-16,-8.104660725733e-17,2.233948516997e+02,-2.278899226230e-02,-3.606163734764e+00
