x,y,z,Bx,By,Bz,Ex,Ey,Ez
0.000000000000e+00,0.000000000000e+00,1.000000000000e+00,-1.539877014135e-12,1.129119976832e-11,-5.066738485751e-12,9.867923715804e+05,1.226784532922e+02,-1.884256519261e+05
