x,y,z,Bx,By,Bz,Ex,Ey,Ez
0.000000000000e+00,0.000000000000e+00,1.000000000000e+00,-4.592571816986e-18,7.692607678728e-16,-1.451589003355e-16,5.221718630921e+02,-1.806964085583e-02,-1.285599519084e+01
