x,y,z,Bx,By,Bz,Ex,Ey,Ez
0.000000000000e+00,0.000000000000e+00,1.000000000000e+00,5.734170700055e-14,9.232481267747e-13,-1.287808907023e-13,-7.910244714088e+04,2.376574370342e-01,-1.541925085004e+04
