x,y,z,Bx,By,Bz,Ex,Ey,Ez
0.000000000000e+00,0.000000000000e+00,1.000000000000e+00,-2.695606052827e-16,1.564402898390e-14,-1.405157790378e-15,3.960849700914e+03,-1.197599745049e+00,-2.614736538416e+02
