x,y,z,Bx,By,Bz,Ex,Ey,Ez
0.000000000000e+00,0.000000000000e+00,1.000000000000e+00,1.341299244635e-19,7.010780458524e-17,-2.120532355052e-17,-1.054797939964e+02,3.074694858936e-03,-1.171386950527e+00
