x,y,z,Bx,By,Bz,Ex,Ey,Ez
0.000000000000e+00,0.000000000000e+00,1.000000000000e+00,-2.166334214675e-19,7.879535045962e-17,-6.466517137269e-18,1.139951215477e+02,-1.158714281623e-03,-1.316148732874e+00
