x,y,z,Bx,By,Bz,Ex,Ey,Ez
0.000000000000e+00,0.000000000000e+00,1.000000000000e+00,3.710288541320e-17,3.655937153685e-15,-4.092339328251e-16,-1.483081061579e+03,1.146979248418e-03,-6.106588277319e+01
