x,y,z,Bx,By,Bz,Ex,Ey,Ez
0.000000000000e+00,0.000000000000e+00,1.000000000000e+00,-1.433664208247e-18,3.328529013841e-16,-7.090756636248e-17,2.984342420360e+02,1.729485604408e-02,-5.564717399624e+00
