x,y,z,Bx,By,Bz,Ex,Ey,Ez
0.000000000000e+00,0.000000000000e+00,1.000000000000e+00,1.847151794633e-19,6.736854971383e-17,2.735460775067e-18,-1.027350791785e+02,3.916662431480e-03,-1.126143036621e+00
