x,y,z,Bx,By,Bz,Ex,Ey,Ez
0.000000000000e+00,0.000000000000e+00,1.000000000000e+00,1.110691625178e-18,2.547006818447e-16,-1.119724403517e-18,-2.495283098460e+02,-7.614778385242e-03,-4.257797365178e+00
