x,y,z,Bx,By,Bz,Ex,Ey,Ez
0.000000000000e+00,0.000000000000e+00,1.000000000000e+00,-2.068949677105e-19,6.802526357598e-17,-2.189775299167e-17,1.032828884489e+02,-1.928235291856e-03,-1.135032682780e+00
