x,y,z,Bx,By,Bz,Ex,Ey,Ez
0.000000000000e+00,0.000000000000e+00,1.000000000000e+00,-8.557574968895e-19,2.295389398141e-16,2.254128983739e-17,2.325604427425e+02,-2.649565865827e-02,-3.831622748347e+00
