x,y,z,Bx,By,Bz,Ex,Ey,Ez
0.000000000000e+00,0.000000000000e+00,1.000000000000e+00,2.514596263086e-17,2.545792488212e-15,-2.089158559723e-16,-1.162948959062e+03,5.404206525110e-02,-4.252553541288e+01
