x,y,z,Bx,By,Bz,Ex,Ey,Ez
0.000000000000e+00,0.000000000000e+00,1.000000000000e+00,-4.001740348032e-19,1.076609953545e-16,-1.859389521382e-18,1.404362694788e+02,-3.333127578405e-04,-1.799321736405e+00
