x,y,z,Bx,By,Bz,Ex,Ey,Ez
0.000000000000e+00,0.000000000000e+00,1.000000000000e+00,5.455297236704e-19,1.586330426715e-16,2.099790716636e-17,-1.817122180988e+02,5.544314646419e-03,-2.647740057163e+00
