x,y,z,Bx,By,Bz,Ex,Ey,Ez
0.000000000000e+00,0.000000000000e+00,1.000000000000e+00,2.732520132180e-18,4.520542419472e-16,-4.644790197544e-17,-3.659953302757e+02,1.268251679165e-02,-7.555466197422e+00
