x,y,z,Bx,By,Bz,Ex,Ey,Ez
0.000000000000e+00,0.000000000000e+00,1.000000000000e+00,-2.215899954989e-19,7.459996169456e-17,-3.199428431022e-18,1.099654140879e+02,4.308913675305e-04,-1.247041961300e+00
