x,y,z,Bx,By,Bz,Ex,Ey,Ez
0.000000000000e+00,0.000000000000e+00,1.000000000000e+00,-1.491626904753e-18,3.069464296598e-16,-3.336272945216e-17,2.825748677081e+02,3.019718050938e-02,-5.129148164744e+00
