x,y,z,Bx,By,Bz,Ex,Ey,Ez
0.000000000000e+00,0.000000000000e+00,1.000000000000e+00,-8.482277434225e-17,6.376547991048e-15,-3.565384654709e-16,2.157984428910e+03,-1.217428575542e-01,-1.066347522839e+02
