x,y,z,Bx,By,Bz,Ex,Ey,Ez
0.000000000000e+00,0.000000000000e+00,1.000000000000e+00,-1.298357847877e-18,2.743108549595e-16,1.439443268389e-17,2.621554301553e+02,8.050310450066e-03,-4.585484616699e+00
