x,y,z,Bx,By,Bz,Ex,Ey,Ez
0.000000000000e+00,0.000000000000e+00,1.000000000000e+00,-1.351219065307e-18,2.945806856540e-16,7.410039806848e-18,2.748712816449e+02,2.614629853444e-02,-4.921950836162e+00
