x,y,z,Bx,By,Bz,Ex,Ey,Ez
0.000000000000e+00,0.000000000000e+00,1.000000000000e+00,-2.730322271074e-19,7.168844653243e-17,8.865464082023e-18,1.070519717423e+02,-2.370658519647e-03,-1.197889008234e+00
