x,y,z,Bx,By,Bz,Ex,Ey,Ez
0.000000000000e+00,0.000000000000e+00,1.000000000000e+00,1.458312046345e-19,6.920353098727e-17,-1.532130298139e-17,-1.045901431906e+02,3.926674363218e-03,-1.156646538694e+00
