x,y,z,Bx,By,Bz,Ex,Ey,Ez
0.000000000000e+00,0.000000000000e+00,1.000000000000e+00,-6.499110301064e-16,2.991952709142e-14,-1.372292175445e-15,6.169957919314e+03,1.375276442054e+00,-5.002787030989e+02
