x,y,z,Bx,By,Bz,Ex,Ey,Ez
0.000000000000e+00,0.000000000000e+00,1.000000000000e+00,-2.514840805077e-19,7.305440527637e-17,8.364436870591e-18,1.084345260995e+02,-6.863984170861e-04,-1.221156186173e+00
