x,y,z,Bx,By,Bz,Ex,Ey,Ez
0.000000000000e+00,0.000000000000e+00,1.000000000000e+00,1.571316933513e-15,6.048524012994e-14,-6.905547956907e-15,-1.006720534925e+04,-8.615152342871e-01,-1.010733179750e+03
