x,y,z,Bx,By,Bz,Ex,Ey,Ez
0.000000000000e+00,0.000000000000e+00,1.000000000000e+00,-6.982810768875e-18,9.691744998934e-16,-1.414787548496e-17,6.090633980777e+02,-4.907511298922e-02,-1.619225513321e+01
