x,y,z,Bx,By,Bz,Ex,Ey,Ez
0.000000000000e+00,0.000000000000e+00,1.000000000000e+00,1.820316874827e-16,1.209915414986e-14,-1.345406684391e-15,-3.326813253442e+03,-6.613516256413e-01,-2.021750930327e+02
