x,y,z,Bx,By,Bz,Ex,Ey,Ez
0.000000000000e+00,0.000000000000e+00,1.000000000000e+00,1.643715125882e-19,6.209420991529e-17,-9.221469905467e-18,-9.727502120674e+01,-7.435754476704e-04,-1.037630091526e+00
