x,y,z,Bx,By,Bz,Ex,Ey,Ez
0.000000000000e+00,0.000000000000e+00,1.000000000000e+00,3.905197977346e-19,1.180863138105e-16,-1.010318996047e-17,-1.494296180556e+02,8.373179506921e-03,-1.974604292941e+00
