x,y,z,Bx,By,Bz,Ex,Ey,Ez
0.000000000000e+00,0.000000000000e+00,1.000000000000e+00,-9.279157893778e-19,1.818443453432e-16,1.241026837154e-17,1.993218730429e+02,1.232241688470e-02,-3.041254734634e+00
