x,y,z,Bx,By,Bz,Ex,Ey,Ez
0.000000000000e+00,0.000000000000e+00,1.000000000000e+00,2.516390298959e-19,9.714197458795e-17,-2.313776494892e-17,-1.311509694067e+02,-2.670318198394e-03,-1.623796676265e+00
