x,y,z,Bx,By,Bz,Ex,Ey,Ez
0.000000000000e+00,0.000000000000e+00,1.000000000000e+00,4.487558949110e-18,6.481939039176e-16,4.132862598221e-17,-4.655123897052e+02,-2.381632803670e-03,-1.083357540036e+01
