x,y,z,Bx,By,Bz,Ex,Ey,Ez
0.000000000000e+00,0.000000000000e+00,1.000000000000e+00,6.902763941303e-19,1.815297517432e-16,-2.519674903062e-17,-1.990489295399e+02,1.071669238099e-03,-3.034507167477e+00
