x,y,z,Bx,By,Bz,Ex,Ey,Ez
0.000000000000e+00,0.000000000000e+00,1.000000000000e+00,-7.161289076421e-19,2.090671014645e-16,-1.104768768258e-16,2.186704147822e+02,-7.952781610762e-03,-3.492084780175e+00
