x,y,z,Bx,By,Bz,Ex,Ey,Ez
0.000000000000e+00,0.000000000000e+00,1.000000000000e+00,1.679838000812e-18,3.614694864722e-16,-3.233228544998e-17,-3.149791710936e+02,9.382392396529e-03,-6.035021044018e+00
