x,y,z,Bx,By,Bz,Ex,Ey,Ez
0.000000000000e+00,0.000000000000e+00,1.000000000000e+00,-8.413374292414e-19,2.284466541530e-16,1.660363524983e-17,2.318347922763e+02,-2.744190483666e-02,-3.813618010969e+00
