x,y,z,Bx,By,Bz,Ex,Ey,Ez
0.000000000000e+00,0.000000000000e+00,1.000000000000e+00,-1.147966911058e-17,1.612325642629e-15,-2.366744244723e-16,8.564414348247e+02,9.961689416254e-02,-2.693076733058e+01
