x,y,z,Bx,By,Bz,Ex,Ey,Ez
0.000000000000e+00,0.000000000000e+00,1.000000000000e+00,4.644092616051e-16,2.333055252692e-14,-1.185782163377e-15,-5.197111691008e+03,1.302153900520e+00,-3.895158935086e+02
