x,y,z,Bx,By,Bz,Ex,Ey,Ez
0.000000000000e+00,0.000000000000e+00,1.000000000000e+00,-9.040850162526e-14,1.335831640193e-12,-2.147272290904e-13,1.093713118446e+05,-5.785716397353e+01,-2.230928904909e+04
