x,y,z,Bx,By,Bz,Ex,Ey,Ez
0.000000000000e+00,0.000000000000e+00,1.000000000000e+00,4.269557378581e-15,1.266228522609e-13,-1.360534053478e-14,-1.699531780335e+04,-7.059464775732e+00,-2.114639828017e+03
