x,y,z,Bx,By,Bz,Ex,Ey,Ez
0.000000000000e+00,0.000000000000e+00,1.000000000000e+00,1.770396419816e-19,7.304018946611e-17,-1.506676517011e-17,-1.083272937138e+02,-2.085727355382e-04,-1.219133127334e+00
