x,y,z,Bx,By,Bz,Ex,Ey,Ez
0.000000000000e+00,0.000000000000e+00,1.000000000000e+00,2.884924090197e-18,5.664841258415e-16,-5.814702519639e-17,-4.249624010266e+02,-3.331660699735e-02,-9.448584656504e+00
