x,y,z,Bx,By,Bz,Ex,Ey,Ez
0.000000000000e+00,0.000000000000e+00,1.000000000000e+00,-2.805334293751e-15,9.011066766876e-14,-8.238702673189e-15,1.331972402548e+04,-8.417326592641e-01,-1.504853340072e+03
