x,y,z,Bx,By,Bz,Ex,Ey,Ez
0.000000000000e+00,0.000000000000e+00,1.000000000000e+00,-1.389910271411e-18,2.549434012729e-16,-4.726631948773e-18,2.495062466523e+02,-7.329258079831e-04,-4.258153695261e+00
