x,y,z,Bx,By,Bz,Ex,Ey,Ez
0.000000000000e+00,0.000000000000e+00,1.000000000000e+00,1.360943485445e-12,1.034154459462e-11,-4.470079043308e-12,-9.005558089447e+05,1.488709119344e+03,-1.728481411693e+05
