x,y,z,Bx,By,Bz,Ex,Ey,Ez
0.000000000000e+00,0.000000000000e+00,1.000000000000e+00,2.608962457158e-16,1.565453657630e-14,-9.262334240922e-16,-3.959486728050e+03,-6.809156124281e-01,-2.614142754038e+02
