x,y,z,Bx,By,Bz,Ex,Ey,Ez
0.000000000000e+00,0.000000000000e+00,1.000000000000e+00,1.148551993167e-18,2.428684233036e-16,-2.285485719353e-17,-2.416090144633e+02,-9.604353526889e-03,-4.056711395687e+00
