x,y,z,Bx,By,Bz,Ex,Ey,Ez
0.000000000000e+00,0.000000000000e+00,1.000000000000e+00,-7.473877998037e-18,1.093295831075e-15,-4.070941871376e-17,6.601061700281e+02,-3.858843619740e-03,-1.826279762713e+01
