x,y,z,Bx,By,Bz,Ex,Ey,Ez
0.000000000000e+00,0.000000000000e+00,1.000000000000e+00,1.244893002953e-14,2.866797277125e-13,-3.092478426547e-14,-3.104847870647e+04,-1.002844885448e+01,-4.788533622647e+03
