x,y,z,Bx,By,Bz,Ex,Ey,Ez
0.000000000000e+00,0.000000000000e+00,1.000000000000e+00,1.975425801014e-19,1.009277673576e-16,-3.869862819837e-18,-1.344559238232e+02,-4.122128736242e-03,-1.685635638263e+00
