x,y,z,Bx,By,Bz,Ex,Ey,Ez
0.000000000000e+00,0.000000000000e+00,1.000000000000e+00,-1.465084792512e-14,3.246547914746e-13,-4.498071806874e-14,3.421741759540e+04,-1.340133379718e+01,-5.425426332429e+03
