x,y,z,Bx,By,Bz,Ex,Ey,Ez
0.000000000000e+00,0.000000000000e+00,1.000000000000e+00,-4.216270290361e-17,3.655651500581e-15,2.423006409599e-16,1.482067691715e+03,1.550286237720e-01,-6.107682385374e+01
