x,y,z,Bx,By,Bz,Ex,Ey,Ez
0.000000000000e+00,0.000000000000e+00,1.000000000000e+00,1.543841660915e-18,3.545711801796e-16,-1.837203083013e-17,-3.109771482675e+02,8.682491835912e-03,-5.920679674624e+00
