x,y,z,Bx,By,Bz,Ex,Ey,Ez
0.000000000000e+00,0.000000000000e+00,1.000000000000e+00,3.654808632651e-19,1.230001109830e-16,-2.745586333813e-17,-1.534743304359e+02,6.834433548165e-03,-2.054982161723e+00
