x,y,z,Bx,By,Bz,Ex,Ey,Ez
0.000000000000e+00,0.000000000000e+00,1.000000000000e+00,-2.749637759813e-18,4.520207689353e-16,9.811216919610e-17,3.658589563322e+02,-1.357391881815e-02,-7.555716374976e+00
