x,y,z,Bx,By,Bz,Ex,Ey,Ez
0.000000000000e+00,0.000000000000e+00,1.000000000000e+00,5.498118593709e-18,7.978953209763e-16,-1.600934245823e-16,-5.346707814689e+02,3.147634500553e-02,-1.332088870504e+01
