x,y,z,Bx,By,Bz,Ex,Ey,Ez
0.000000000000e+00,0.000000000000e+00,1.000000000000e+00,7.909948570738e-19,2.250817603307e-16,-3.658891051010e-17,-2.296952602509e+02,-4.310310122798e-03,-3.760317787075e+00
