x,y,z,Bx,By,Bz,Ex,Ey,Ez
0.000000000000e+00,0.000000000000e+00,1.000000000000e+00,1.748226969329e-18,3.116880125002e-16,-3.861529418987e-17,-2.855283627520e+02,-5.739459033796e-03,-5.210083165966e+00
