x,y,z,Bx,By,Bz,Ex,Ey,Ez
0.000000000000e+00,0.000000000000e+00,1.000000000000e+00,9.437753844710e-15,2.315414637258e-13,-2.469169750985e-14,-2.644504546022e+04,-1.020997140654e+01,-3.867896773637e+03
