x,y,z,Bx,By,Bz,Ex,Ey,Ez
0.000000000000e+00,0.000000000000e+00,1.000000000000e+00,6.139840023561e-18,1.063815584487e-15,-2.017964303322e-17,-6.480753203403e+02,-1.617190027645e-02,-1.776364569648e+01
