x,y,z,Bx,By,Bz,Ex,Ey,Ez
0.000000000000e+00,0.000000000000e+00,1.000000000000e+00,5.290599329626e-18,7.894514621473e-16,-1.517282648219e-16,-5.308591299798e+02,3.648703606453e-02,-1.317928509476e+01
