x,y,z,Bx,By,Bz,Ex,Ey,Ez
0.000000000000e+00,0.000000000000e+00,1.000000000000e+00,5.246395865825e-19,1.576341798505e-16,2.430445547814e-17,-1.809554951663e+02,4.265443328884e-03,-2.631254859703e+00
