x,y,z,Bx,By,Bz,Ex,Ey,Ez
0.000000000000e+00,0.000000000000e+00,1.000000000000e+00,-1.835012242714e-16,1.130396073696e-14,-1.663416104862e-15,3.174722217929e+03,-3.241384369216e-01,-1.886311117238e+02
