x,y,z,Bx,By,Bz,Ex,Ey,Ez
0.000000000000e+00,0.000000000000e+00,1.000000000000e+00,2.847690680738e-19,8.378084719935e-17,-1.792282869207e-17,-1.187895457334e+02,-2.796382354604e-03,-1.399896228577e+00
