x,y,z,Bx,By,Bz,Ex,Ey,Ez
0.000000000000e+00,0.000000000000e+00,1.000000000000e+00,-2.791271943458e-19,8.503441895336e-17,-9.818152784646e-18,1.199973348959e+02,5.072137347278e-03,-1.421294916476e+00
