x,y,z,Bx,By,Bz,Ex,Ey,Ez
0.000000000000e+00,0.000000000000e+00,1.000000000000e+00,6.478662651133e-18,8.536838725558e-16,-1.635685332660e-16,-5.597519606031e+02,-4.689504370288e-03,-1.426609142311e+01
