x,y,z,Bx,By,Bz,Ex,Ey,Ez
0.000000000000e+00,0.000000000000e+00,1.000000000000e+00,-1.340958680606e-18,3.583613538380e-16,-9.631160913025e-17,3.133372513470e+02,-3.016357823440e-03,-5.985267536188e+00
