x,y,z,Bx,By,Bz,Ex,Ey,Ez
0.000000000000e+00,0.000000000000e+00,1.000000000000e+00,1.739486934464e-14,3.701236974743e-13,-4.149527198338e-14,-3.774819888072e+04,-8.142625227305e+00,-6.181276561543e+03
