x,y,z,Bx,By,Bz,Ex,Ey,Ez
0.000000000000e+00,0.000000000000e+00,1.000000000000e+00,1.485966368460e-19,7.197346723002e-17,-2.115316618379e-17,-1.072901642035e+02,7.764058386288e-04,-1.201644890535e+00
