x,y,z,Bx,By,Bz,Ex,Ey,Ez
0.000000000000e+00,0.000000000000e+00,1.000000000000e+00,2.377977659782e-18,4.926251564860e-16,-9.186913193638e-17,-3.878904047774e+02,-3.402544144942e-03,-8.240432037237e+00
