x,y,z,Bx,By,Bz,Ex,Ey,Ez
0.000000000000e+00,0.000000000000e+00,1.000000000000e+00,-8.889093153966e-16,3.980953022804e-14,-3.581460302180e-15,7.519454335364e+03,3.282669736574e+00,-6.655080010216e+02
