x,y,z,Bx,By,Bz,Ex,Ey,Ez
0.000000000000e+00,0.000000000000e+00,1.000000000000e+00,2.533997705748e-17,2.559129089797e-15,-2.092879554679e-16,-1.167055223329e+03,5.448581821098e-02,-4.274945655424e+01
