x,y,z,Bx,By,Bz,Ex,Ey,Ez
0.000000000000e+00,0.000000000000e+00,1.000000000000e+00,1.458654254211e-17,1.766521440261e-15,-8.076130632307e-17,-9.103793994030e+02,-8.497750904162e-02,-2.951441051282e+01
