x,y,z,Bx,By,Bz,Ex,Ey,Ez
0.000000000000e+00,0.000000000000e+00,1.000000000000e+00,1.778682333384e-18,3.062092083662e-16,-4.928641549892e-17,-2.820829723791e+02,-3.766923946701e-03,-5.116114920070e+00
