x,y,z,Bx,By,Bz,Ex,Ey,Ez
0.000000000000e+00,0.000000000000e+00,1.000000000000e+00,-3.140610518143e-15,9.818288471933e-14,-8.546091241277e-15,1.415995240356e+04,-4.289022961390e-01,-1.640106856042e+03
