x,y,z,Bx,By,Bz,Ex,Ey,Ez
0.000000000000e+00,0.000000000000e+00,1.000000000000e+00,-2.664880626847e-19,8.158888579480e-17,1.601437507493e-17,1.166718378318e+02,1.334828831729e-03,-1.362826203028e+00
