x,y,z,Bx,By,Bz,Ex,Ey,Ez
0.000000000000e+00,0.000000000000e+00,1.000000000000e+00,1.981787667235e-19,6.603521056975e-17,1.133935205500e-17,-1.013508401343e+02,2.339381924027e-03,-1.103534014223e+00
