x,y,z,Bx,By,Bz,Ex,Ey,Ez
0.000000000000e+00,0.000000000000e+00,1.000000000000e+00,-2.360073822405e-19,8.781444572145e-17,-4.085535967321e-17,1.226223751095e+02,1.574153395390e-03,-1.467965286745e+00
