x,y,z,Bx,By,Bz,Ex,Ey,Ez
0.000000000000e+00,0.000000000000e+00,1.000000000000e+00,-1.098737850497e-17,1.399098046303e-15,-3.738968086511e-17,7.791286652421e+02,8.325877206370e-02,-2.339352727926e+01
