x,y,z,Bx,By,Bz,Ex,Ey,Ez
0.000000000000e+00,0.000000000000e+00,1.000000000000e+00,1.762741801852e-19,6.778975926958e-17,-1.410396842711e-18,-1.031670873028e+02,4.163452821966e-03,-1.133222723056e+00
