x,y,z,Bx,By,Bz,Ex,Ey,Ez
0.000000000000e+00,0.000000000000e+00,1.000000000000e+00,-4.451998547170e-17,3.902367082129e-15,2.962866581392e-17,1.549352119744e+03,3.403381979519e-01,-6.522940557263e+01
