x,y,z,Bx,By,Bz,Ex,Ey,Ez
0.000000000000e+00,0.000000000000e+00,1.000000000000e+00,1.060145485567e-16,7.497442997608e-15,-6.676502730443e-16,-2.405563720428e+03,1.810462326083e-01,-1.252549024182e+02
