x,y,z,Bx,By,Bz,Ex,Ey,Ez
0.000000000000e+00,0.000000000000e+00,1.000000000000e+00,2.475221972404e-17,2.519390287308e-15,-2.081340771335e-16,-1.154801189641e+03,5.328087171957e-02,-4.208234329049e+01
