x,y,z,Bx,By,Bz,Ex,Ey,Ez
0.000000000000e+00,0.000000000000e+00,1.000000000000e+00,8.210956495190e-19,1.710113862042e-16,-3.670815413545e-17,-1.911839598815e+02,8.090784622255e-03,-2.856726866611e+00
