x,y,z,Bx,By,Bz,Ex,Ey,Ez
0.000000000000e+00,0.000000000000e+00,1.000000000000e+00,1.979905953418e-19,6.583374461068e-17,1.176036116655e-17,-1.011405955965e+02,2.036098803871e-03,-1.100108933706e+00
