x,y,z,Bx,By,Bz,Ex,Ey,Ez
0.000000000000e+00,0.000000000000e+00,1.000000000000e+00,-1.085646368639e-16,8.679653623041e-15,-8.313758402652e-16,2.655523011090e+03,3.797585378091e-01,-1.449098282989e+02
