x,y,z,Bx,By,Bz,Ex,Ey,Ez
0.000000000000e+00,0.000000000000e+00,1.000000000000e+00,-2.832999080807e-19,8.447005874397e-17,-1.931905346852e-18,1.194549140573e+02,4.992978305245e-03,-1.411720821734e+00
