x,y,z,Bx,By,Bz,Ex,Ey,Ez
0.000000000000e+00,0.000000000000e+00,1.000000000000e+00,2.759620000413e-19,8.724199031880e-17,3.297385931144e-18,-1.220510624879e+02,-2.848855448289e-03,-1.458010819638e+00
