x,y,z,Bx,By,Bz,Ex,Ey,Ez
0.000000000000e+00,0.000000000000e+00,1.000000000000e+00,-2.893234187918e-13,3.277438217685e-12,-7.728571243264e-13,2.574221627112e+05,-1.416089339083e+02,-5.468289491838e+04
