x,y,z,Bx,By,Bz,Ex,Ey,Ez
0.000000000000e+00,0.000000000000e+00,1.000000000000e+00,-5.165295108290e-18,8.419122659837e-16,-1.204354993171e-16,5.542965393927e+02,-5.576951952318e-02,-1.405867777791e+01
