x,y,z,Bx,By,Bz,Ex,Ey,Ez
0.000000000000e+00,0.000000000000e+00,1.000000000000e+00,-2.621583720509e-15,8.568513771377e-14,-8.164269069270e-15,1.285145297221e+04,-9.293676167368e-01,-1.430707691323e+03
