x,y,z,Bx,By,Bz,Ex,Ey,Ez
0.000000000000e+00,0.000000000000e+00,1.000000000000e+00,-9.171522410742e-16,4.086859057238e-14,-3.870355487221e-15,7.657469983869e+03,3.354159721418e+00,-6.831291408130e+02
