x,y,z,Bx,By,Bz,Ex,Ey,Ez
0.000000000000e+00,0.000000000000e+00,1.000000000000e+00,-1.326309055270e-18,2.923214320110e-16,1.321655692705e-17,2.734628221691e+02,2.445967725963e-02,-4.884349522363e+00
