x,y,z,Bx,By,Bz,Ex,Ey,Ez
0.000000000000e+00,0.000000000000e+00,1.000000000000e+00,-1.278719581700e-18,2.863912094227e-16,2.279159433638e-17,2.697619570124e+02,1.916840818108e-02,-4.785941836050e+00
