x,y,z,Bx,By,Bz,Ex,Ey,Ez
0.000000000000e+00,0.000000000000e+00,1.000000000000e+00,4.383540617361e-18,6.611564373928e-16,4.483158674338e-17,-4.717895839158e+02,8.755329398889e-03,-1.105275839977e+01
