x,y,z,Bx,By,Bz,Ex,Ey,Ez
0.000000000000e+00,0.000000000000e+00,1.000000000000e+00,-8.096288308089e-19,2.252121770910e-16,-5.158844810654e-18,2.296796469489e+02,-2.920501240101e-02,-3.760282204773e+00
