x,y,z,Bx,By,Bz,Ex,Ey,Ez
0.000000000000e+00,0.000000000000e+00,1.000000000000e+00,-3.834181817544e-19,1.096437281868e-16,6.180834868120e-18,1.421660395449e+02,8.836194058570e-04,-1.832653300171e+00
