x,y,z,Bx,By,Bz,Ex,Ey,Ez
0.000000000000e+00,0.000000000000e+00,1.000000000000e+00,1.049405709916e-16,7.441677323287e-15,-6.526000415616e-16,-2.393394352470e+03,1.803191631478e-01,-1.243191021898e+02
