x,y,z,Bx,By,Bz,Ex,Ey,Ez
0.000000000000e+00,0.000000000000e+00,1.000000000000e+00,7.627854659093e-18,1.134366210535e-15,-1.007993872401e-17,-6.761785203484e+02,1.201492797886e-02,-1.892856663656e+01
