x,y,z,Bx,By,Bz,Ex,Ey,Ez
0.000000000000e+00,0.000000000000e+00,1.000000000000e+00,-3.829451614473e-19,1.007800915029e-16,-1.194956464917e-17,1.342991295408e+02,2.004503522066e-03,-1.682738964285e+00
