x,y,z,Bx,By,Bz,Ex,Ey,Ez
0.000000000000e+00,0.000000000000e+00,1.000000000000e+00,3.595134587835e-19,1.063157294343e-16,1.465545599367e-17,-1.390634107416e+02,6.952898787945e-04,-1.773194447726e+00
