x,y,z,Bx,By,Bz,Ex,Ey,Ez
0.000000000000e+00,0.000000000000e+00,1.000000000000e+00,2.103725298852e-19,7.411222159785e-17,-7.340116429935e-18,-1.093789869752e+02,-6.339917216238e-04,-1.236965145988e+00
