x,y,z,Bx,By,Bz,Ex,Ey,Ez
0.000000000000e+00,0.000000000000e+00,1.000000000000e+00,1.383417004793e-18,3.411753605418e-16,3.760016726063e-18,-3.032015738569e+02,3.346234083470e-03,-5.700594406749e+00
