x,y,z,Bx,By,Bz,Ex,Ey,Ez
0.000000000000e+00,0.000000000000e+00,1.000000000000e+00,9.574797061005e-19,2.084642720927e-16,-3.391226683412e-17,-2.182950088612e+02,4.015154137841e-03,-3.484375536691e+00
