x,y,z,Bx,By,Bz,Ex,Ey,Ez
0.000000000000e+00,0.000000000000e+00,1.000000000000e+00,1.841035911685e-17,2.130421865036e-15,-1.124957174420e-16,-1.031814418282e+03,2.697165497283e-02,-3.558052883136e+01
