x,y,z,Bx,By,Bz,Ex,Ey,Ez
0.000000000000e+00,0.000000000000e+00,1.000000000000e+00,7.984087673502e-19,2.197920769200e-16,-3.889059400673e-17,-2.261502474245e+02,-1.883014161069e-03,-3.673691465985e+00
