x,y,z,Bx,By,Bz,Ex,Ey,Ez
0.000000000000e+00,0.000000000000e+00,1.000000000000e+00,4.589741781683e-18,7.592611657754e-16,-1.049627668065e-16,-5.172142852422e+02,4.917808409914e-02,-1.267691834234e+01
