x,y,z,Bx,By,Bz,Ex,Ey,Ez
0.000000000000e+00,0.000000000000e+00,1.000000000000e+00,-5.658029519216e-18,8.701574265570e-16,-9.408496042471e-17,5.665766333442e+02,-6.298951884999e-02,-1.452851963937e+01
