x,y,z,Bx,By,Bz,Ex,Ey,Ez
0.000000000000e+00,0.000000000000e+00,1.000000000000e+00,3.695219166179e-19,1.065095244581e-16,1.456313872403e-17,-1.392326041528e+02,9.390911311328e-04,-1.776434221457e+00
