x,y,z,Bx,By,Bz,Ex,Ey,Ez
0.000000000000e+00,0.000000000000e+00,1.000000000000e+00,-1.267870231940e-18,2.806110187864e-16,2.306748341972e-17,2.661397403567e+02,1.356889747799e-02,-4.690175598442e+00
