x,y,z,Bx,By,Bz,Ex,Ey,Ez
0.000000000000e+00,0.000000000000e+00,1.000000000000e+00,-1.352697348856e-18,2.682428177687e-16,1.799527159311e-18,2.582624226844e+02,4.081725677435e-03,-4.483890918919e+00
