x,y,z,Bx,By,Bz,Ex,Ey,Ez
0.000000000000e+00,0.000000000000e+00,1.000000000000e+00,4.076231995144e-19,1.174124870508e-16,-8.490406270605e-18,-1.488649803706e+02,8.313134944910e-03,-1.963470974721e+00
