x,y,z,Bx,By,Bz,Ex,Ey,Ez
0.000000000000e+00,0.000000000000e+00,1.000000000000e+00,-8.680089526181e-17,6.607267846954e-15,-2.793398483950e-16,2.210620822882e+03,-7.504372494026e-02,-1.105173751112e+02
