x,y,z,Bx,By,Bz,Ex,Ey,Ez
0.000000000000e+00,0.000000000000e+00,1.000000000000e+00,8.873117151213e-13,7.585696485691e-12,-2.755841578758e-12,-6.368262450841e+05,1.072133332570e+03,-1.267888883501e+05
