x,y,z,Bx,By,Bz,Ex,Ey,Ez
0.000000000000e+00,0.000000000000e+00,1.000000000000e+00,4.287121196273e-19,1.076705882170e-16,1.302102909368e-17,-1.402546971968e+02,2.371185569249e-03,-1.796038474048e+00
