x,y,z,Bx,By,Bz,Ex,Ey,Ez
0.000000000000e+00,0.000000000000e+00,1.000000000000e+00,1.372990803642e-17,1.686925790791e-15,-1.443033938680e-16,-8.827608159351e+02,-9.106485485430e-02,-2.818441462288e+01
