x,y,z,Bx,By,Bz,Ex,Ey,Ez
0.000000000000e+00,0.000000000000e+00,1.000000000000e+00,2.055241519195e-16,1.323314902726e-14,-1.229004193280e-15,-3.534082643231e+03,-7.877589882144e-01,-2.210546194843e+02
