x,y,z,Bx,By,Bz,Ex,Ey,Ez
0.000000000000e+00,0.000000000000e+00,1.000000000000e+00,-2.005793015638e-12,1.362096912234e-11,-6.694245154631e-12,1.211760437164e+06,4.879758544799e+02,-2.273630445815e+05
