x,y,z,Bx,By,Bz,Ex,Ey,Ez
0.000000000000e+00,0.000000000000e+00,1.000000000000e+00,-3.906556952406e-19,1.204815271757e-16,-3.437310804716e-17,1.513353966201e+02,-3.476414275830e-04,-2.012318920832e+00
