x,y,z,Bx,By,Bz,Ex,Ey,Ez
0.000000000000e+00,0.000000000000e+00,1.000000000000e+00,-7.333077352242e-18,1.076023852840e-15,-3.161540826585e-17,6.531611741739e+02,-8.746517392840e-03,-1.797645195462e+01
