x,y,z,Bx,By,Bz,Ex,Ey,Ez
0.000000000000e+00,0.000000000000e+00,1.000000000000e+00,-2.780575597485e-18,5.359874714906e-16,-8.549643980834e-17,4.100184642326e+02,3.463199948278e-02,-8.955675697856e+00
