x,y,z,Bx,By,Bz,Ex,Ey,Ez
0.000000000000e+00,0.000000000000e+00,1.000000000000e+00,-8.058026056665e-19,2.246795328355e-16,-9.245910232429e-18,2.293235556175e+02,-2.932283154829e-02,-3.751490630669e+00
