x,y,z,Bx,By,Bz,Ex,Ey,Ez
0.000000000000e+00,0.000000000000e+00,1.000000000000e+00,6.275601362318e-18,1.072350489846e-15,-1.759586095766e-17,-6.514894080675e+02,-1.310543782265e-02,-1.790388874840e+01
