x,y,z,Bx,By,Bz,Ex,Ey,Ez
0.000000000000e+00,0.000000000000e+00,1.000000000000e+00,-1.636927825500e-17,1.861825140352e-15,-2.579854905034e-16,9.426592938290e+02,-4.111797845023e-03,-3.107665677905e+01
