x,y,z,Bx,By,Bz,Ex,Ey,Ez
0.000000000000e+00,0.000000000000e+00,1.000000000000e+00,-1.530619566818e-18,3.190956636062e-16,-6.176574789137e-17,2.900916640393e+02,2.602253413418e-02,-5.334034386175e+00
