x,y,z,Bx,By,Bz,Ex,Ey,Ez
0.000000000000e+00,0.000000000000e+00,1.000000000000e+00,3.087359120354e-17,3.144619506436e-15,-3.247667726374e-16,-1.340839165210e+03,5.563323904812e-02,-5.255921333061e+01
