x,y,z,Bx,By,Bz,Ex,Ey,Ez
0.000000000000e+00,0.000000000000e+00,1.000000000000e+00,5.359849934122e-18,7.922560327782e-16,-1.547602653373e-16,-5.321253224536e+02,3.487328279014e-02,-1.322626307372e+01
