x,y,z,Bx,By,Bz,Ex,Ey,Ez
0.000000000000e+00,0.000000000000e+00,1.000000000000e+00,1.700260348852e-18,3.624654278966e-16,-3.417559422619e-17,-3.155571465088e+02,9.369130450422e-03,-6.051596224105e+00
