x,y,z,Bx,By,Bz,Ex,Ey,Ez
0.000000000000e+00,0.000000000000e+00,1.000000000000e+00,-4.024851897417e-19,1.025775991451e-16,-2.042709153877e-17,1.359201606610e+02,1.221528477007e-03,-1.713241239301e+00
