x,y,z,Bx,By,Bz,Ex,Ey,Ez
0.000000000000e+00,0.000000000000e+00,1.000000000000e+00,-1.269238354093e-18,2.798999943317e-16,2.250044845127e-17,2.656923714955e+02,1.289700877266e-02,-4.678386150823e+00
