x,y,z,Bx,By,Bz,Ex,Ey,Ez
0.000000000000e+00,0.000000000000e+00,1.000000000000e+00,7.932838942720e-16,3.463229601811e-14,-3.801397478763e-15,-6.828985184137e+03,2.343448572319e+00,-5.788115169153e+02
