x,y,z,Bx,By,Bz,Ex,Ey,Ez
0.000000000000e+00,0.000000000000e+00,1.000000000000e+00,4.472374246510e-19,1.080570856878e-16,1.219330969658e-17,-1.405980416795e+02,2.825462009133e-03,-1.802636488250e+00
