x,y,z,Bx,By,Bz,Ex,Ey,Ez
0.000000000000e+00,0.000000000000e+00,1.000000000000e+00,-1.804369693545e-19,6.738897076135e-17,-2.231542337544e-17,1.026373734028e+02,-1.047000528894e-03,-1.124392883152e+00
