x,y,z,Bx,By,Bz,Ex,Ey,Ez
0.000000000000e+00,0.000000000000e+00,1.000000000000e+00,8.564843871500e-18,1.171583547831e-15,-1.873275153762e-17,-6.909372861345e+02,2.774218683132e-02,-1.954954544124e+01
