x,y,z,Bx,By,Bz,Ex,Ey,Ez
0.000000000000e+00,0.000000000000e+00,1.000000000000e+00,-1.803624541429e-19,6.041580342936e-17,-1.719188540867e-17,9.552472187789e+01,2.490457901481e-03,-1.009668622066e+00
