x,y,z,Bx,By,Bz,Ex,Ey,Ez
0.000000000000e+00,0.000000000000e+00,1.000000000000e+00,6.232649909890e-19,1.616635639324e-16,7.385135965916e-18,-1.840126917964e+02,8.586446781525e-03,-2.698034683868e+00
