x,y,z,Bx,By,Bz,Ex,Ey,Ez
0.000000000000e+00,0.000000000000e+00,1.000000000000e+00,2.029289998574e-16,1.311359295252e-14,-1.243473048386e-15,-3.512497186727e+03,-7.799101139417e-01,-2.190634877080e+02
