x,y,z,Bx,By,Bz,Ex,Ey,Ez
0.000000000000e+00,0.000000000000e+00,1.000000000000e+00,2.275599424642e-18,5.450170200907e-16,-7.594715767114e-17,-4.143502188717e+02,-2.871913492073e-02,-9.096453468180e+00
