x,y,z,Bx,By,Bz,Ex,Ey,Ez
0.000000000000e+00,0.000000000000e+00,1.000000000000e+00,-3.784283409295e-17,3.390641365028e-15,2.511851309315e-16,1.408311715400e+03,-8.942460342350e-02,-5.660834414480e+01
