x,y,z,Bx,By,Bz,Ex,Ey,Ez
0.000000000000e+00,0.000000000000e+00,1.000000000000e+00,-1.318886530344e-18,3.524402286195e-16,-8.685562520134e-17,3.099316328702e+02,2.573613952162e-03,-5.888200713632e+00
