x,y,z,Bx,By,Bz,Ex,Ey,Ez
0.000000000000e+00,0.000000000000e+00,1.000000000000e+00,-3.011971030713e-16,1.724788392575e-14,-1.344937559805e-15,4.231459757676e+03,-1.201773503516e+00,-2.881879123296e+02
