x,y,z,Bx,By,Bz,Ex,Ey,Ez
0.000000000000e+00,0.000000000000e+00,1.000000000000e+00,7.101379814437e-19,1.803400092346e-16,-2.908901392147e-17,-1.981843482310e+02,1.495796248048e-03,-3.014769344191e+00
