x,y,z,Bx,By,Bz,Ex,Ey,Ez
0.000000000000e+00,0.000000000000e+00,1.000000000000e+00,-4.120886201483e-16,2.140199479679e-14,-1.210363423032e-15,4.899095817441e+03,-7.788696239220e-01,-3.573738139040e+02
