x,y,z,Bx,By,Bz,Ex,Ey,Ez
0.000000000000e+00,0.000000000000e+00,1.000000000000e+00,-1.769614069883e-17,1.924454585686e-15,-2.213176937197e-16,9.638896772811e+02,-1.876806925460e-02,-3.212894097074e+01
