x,y,z,Bx,By,Bz,Ex,Ey,Ez
0.000000000000e+00,0.000000000000e+00,1.000000000000e+00,4.154872439290e-13,4.291735445951e-12,-1.127201241143e-12,-3.414994454069e+05,5.192464319148e+02,-7.174492553495e+04
