x,y,z,Bx,By,Bz,Ex,Ey,Ez
0.000000000000e+00,0.000000000000e+00,1.000000000000e+00,-1.334895830121e-18,3.573649508206e-16,-9.462683050706e-17,3.127658408582e+02,-2.022488033819e-03,-5.968940241968e+00
