x,y,z,Bx,By,Bz,Ex,Ey,Ez
0.000000000000e+00,0.000000000000e+00,1.000000000000e+00,9.269217378479e-19,2.011821327196e-16,-1.650144051082e-17,-2.130637761567e+02,5.605111279897e-03,-3.360221405738e+00
