x,y,z,Bx,By,Bz,Ex,Ey,Ez
0.000000000000e+00,0.000000000000e+00,1.000000000000e+00,-2.714324178022e-18,4.600590502141e-16,9.198716525427e-17,3.702282942078e+02,-2.749231450555e-04,-7.691085579430e+00
