x,y,z,Bx,By,Bz,Ex,Ey,Ez
0.000000000000e+00,0.000000000000e+00,1.000000000000e+00,-4.591092264563e-18,6.982850049057e-16,-9.889721369155e-17,4.893335233482e+02,1.603701837877e-02,-1.166684989883e+01
