x,y,z,Bx,By,Bz,Ex,Ey,Ez
0.000000000000e+00,0.000000000000e+00,1.000000000000e+00,-5.336406553294e-16,2.547604631313e-14,-1.091707097099e-15,5.521180397126e+03,1.199750364095e-01,-4.256483968164e+02
