x,y,z,Bx,By,Bz,Ex,Ey,Ez
0.000000000000e+00,0.000000000000e+00,1.000000000000e+00,-1.203481279244e-19,6.559105405565e-17,-1.237970614523e-17,1.008381136638e+02,8.229756171589e-04,-1.094965588728e+00
