x,y,z,Bx,By,Bz,Ex,Ey,Ez
0.000000000000e+00,0.000000000000e+00,1.000000000000e+00,9.849200201715e-17,7.118288344167e-15,-5.698699854675e-16,-2.322287887626e+03,1.684013271557e-01,-1.188946969090e+02
