x,y,z,Bx,By,Bz,Ex,Ey,Ez
0.000000000000e+00,0.000000000000e+00,1.000000000000e+00,3.467023577230e-16,1.908589944448e-14,-7.690238638346e-16,-4.530155734904e+03,6.921588296321e-02,-3.186378829519e+02
