x,y,z,Bx,By,Bz,Ex,Ey,Ez
0.000000000000e+00,0.000000000000e+00,1.000000000000e+00,-2.165495224548e-19,9.306647184592e-17,-7.884620532532e-19,1.273621928281e+02,-5.279194133612e-03,-1.554042486992e+00
