x,y,z,Bx,By,Bz,Ex,Ey,Ez
0.000000000000e+00,0.000000000000e+00,1.000000000000e+00,-1.364680577428e-18,2.669262554352e-16,-7.955159307180e-19,2.574091805229e+02,3.424576183396e-03,-4.461721705313e+00
