x,y,z,Bx,By,Bz,Ex,Ey,Ez
0.000000000000e+00,0.000000000000e+00,1.000000000000e+00,2.726925581135e-19,8.814308244264e-17,6.233684585348e-18,-1.228881668414e+02,-2.157092100352e-03,-1.473039392124e+00
