x,y,z,Bx,By,Bz,Ex,Ey,Ez
0.000000000000e+00,0.000000000000e+00,1.000000000000e+00,1.017830880625e-15,4.252571794705e-14,-5.067269582855e-15,-7.876148374169e+03,1.626015114341e+00,-7.109639549235e+02
