x,y,z,Bx,By,Bz,Ex,Ey,Ez
0.000000000000e+00,0.000000000000e+00,1.000000000000e+00,-3.531511199340e-11,1.248489577265e-10,-2.045496267265e-11,4.717191288028e+06,1.520362304628e+05,-2.087925761845e+06
