x,y,z,Bx,By,Bz,Ex,Ey,Ez
0.000000000000e+00,0.000000000000e+00,1.000000000000e+00,1.652849128382e-19,6.190351510618e-17,-9.793117084726e-18,-9.707769386829e+01,-6.676033728452e-04,-1.034474842749e+00
