x,y,z,Bx,By,Bz,Ex,Ey,Ez
0.000000000000e+00,0.000000000000e+00,1.000000000000e+00,-8.234613352676e-19,2.268212699388e-16,6.385896955845e-18,2.307531865717e+02,-2.853990969790e-02,-3.786823764269e+00
