x,y,z,Bx,By,Bz,Ex,Ey,Ez
0.000000000000e+00,0.000000000000e+00,1.000000000000e+00,2.244454738047e-18,5.002539319223e-16,-9.347360997803e-17,-3.918585702329e+02,-7.726764020818e-03,-8.366779010966e+00
