x,y,z,Bx,By,Bz,Ex,Ey,Ez
0.000000000000e+00,0.000000000000e+00,1.000000000000e+00,1.594411924712e-19,6.854220993947e-17,-9.169261221245e-18,-1.039297958049e+02,4.234789474899e-03,-1.145755576091e+00
