x,y,z,Bx,By,Bz,Ex,Ey,Ez
0.000000000000e+00,0.000000000000e+00,1.000000000000e+00,-2.500439667050e-18,4.136140204999e-16,-2.103717868091e-17,3.445640576856e+02,-5.751895390864e-02,-6.904194510829e+00
