x,y,z,Bx,By,Bz,Ex,Ey,Ez
0.000000000000e+00,0.000000000000e+00,1.000000000000e+00,9.847710991866e-18,1.230045885728e-15,-5.837403035892e-17,-7.140211177096e+02,4.769864376199e-02,-2.053277529728e+01
