x,y,z,Bx,By,Bz,Ex,Ey,Ez
0.000000000000e+00,0.000000000000e+00,1.000000000000e+00,1.032686344239e-14,2.482319225715e-13,-2.653908446192e-14,-2.785756907812e+04,-1.029423984004e+01,-4.146650480415e+03
