x,y,z,Bx,By,Bz,Ex,Ey,Ez
0.000000000000e+00,0.000000000000e+00,1.000000000000e+00,-3.664667096957e-17,3.333054922087e-15,2.169598141587e-16,1.392116537385e+03,-1.385253700731e-01,-5.563903451469e+01
