x,y,z,Bx,By,Bz,Ex,Ey,Ez
0.000000000000e+00,0.000000000000e+00,1.000000000000e+00,3.966155915988e-19,1.249296232974e-16,-3.571878430221e-17,-1.550580454370e+02,5.075020337930e-03,-2.086767608360e+00
