x,y,z,Bx,By,Bz,Ex,Ey,Ez
0.000000000000e+00,0.000000000000e+00,1.000000000000e+00,-7.912338788916e-19,2.220448103814e-16,-3.084564602631e-17,2.275558772899e+02,-2.908151571987e-02,-3.707944596645e+00
