x,y,z,Bx,By,Bz,Ex,Ey,Ez
0.000000000000e+00,0.000000000000e+00,1.000000000000e+00,-5.117413513733e-18,8.388404559425e-16,-1.229572965896e-16,5.529565225218e+02,-5.465874049756e-02,-1.400773436657e+01
