x,y,z,Bx,By,Bz,Ex,Ey,Ez
0.000000000000e+00,0.000000000000e+00,1.000000000000e+00,4.729669757586e-19,1.540328984288e-16,3.018942014085e-17,-1.782237523764e+02,-1.003405869324e-03,-2.571978072202e+00
