x,y,z,Bx,By,Bz,Ex,Ey,Ez
0.000000000000e+00,0.000000000000e+00,1.000000000000e+00,1.330015826435e-15,5.302221249956e-14,-6.275499201346e-15,-9.183568170216e+03,1.587492583810e-01,-8.863058515889e+02
