x,y,z,Bx,By,Bz,Ex,Ey,Ez
0.000000000000e+00,0.000000000000e+00,1.000000000000e+00,3.995224298430e-19,1.070904100304e-16,1.398953556151e-17,-1.397421632575e+02,1.664767261152e-03,-1.786200817659e+00
