x,y,z,Bx,By,Bz,Ex,Ey,Ez
0.000000000000e+00,0.000000000000e+00,1.000000000000e+00,-5.318708861387e-18,8.512076217548e-16,-1.123055853419e-16,5.583455626609e+02,-5.875185046192e-02,-1.421300442776e+01
