x,y,z,Bx,By,Bz,Ex,Ey,Ez
0.000000000000e+00,0.000000000000e+00,1.000000000000e+00,9.223190079023e-19,2.676847834693e-16,7.521212653608e-18,-2.578536669228e+02,2.264522134315e-04,-4.472346488095e+00
