x,y,z,Bx,By,Bz,Ex,Ey,Ez
0.000000000000e+00,0.000000000000e+00,1.000000000000e+00,-2.910608235034e-18,5.549168181712e-16,-8.461881600315e-17,4.196119031156e+02,2.753129240040e-02,-9.270653751493e+00
