x,y,z,Bx,By,Bz,Ex,Ey,Ez
0.000000000000e+00,0.000000000000e+00,1.000000000000e+00,-3.029597963309e-17,3.062652133139e-15,-7.414828511400e-17,1.315350873711e+03,-2.940137809888e-01,-5.110888376739e+01
