x,y,z,Bx,By,Bz,Ex,Ey,Ez
0.000000000000e+00,0.000000000000e+00,1.000000000000e+00,-1.713817011276e-17,1.897305953249e-15,-2.370939985791e-16,9.547041923229e+02,-1.338348772752e-02,-3.167226470252e+01
