x,y,z,Bx,By,Bz,Ex,Ey,Ez
0.000000000000e+00,0.000000000000e+00,1.000000000000e+00,2.354874662985e-18,5.485399215243e-16,-7.335105256561e-17,-4.160913985838e+02,-2.976180750804e-02,-9.153895436606e+00
