x,y,z,Bx,By,Bz,Ex,Ey,Ez
0.000000000000e+00,0.000000000000e+00,1.000000000000e+00,5.406509522833e-19,1.119524190702e-16,1.582473716737e-18,-1.441043999242e+02,6.266029391814e-03,-1.870379189146e+00
