x,y,z,Bx,By,Bz,Ex,Ey,Ez
0.000000000000e+00,0.000000000000e+00,1.000000000000e+00,-1.848317663134e-19,6.749501167162e-17,-2.243478774205e-17,1.027445834903e+02,-1.193933111486e-03,-1.126156926407e+00
