x,y,z,Bx,By,Bz,Ex,Ey,Ez
0.000000000000e+00,0.000000000000e+00,1.000000000000e+00,8.034053763034e-19,2.192743098590e-16,-3.907296971503e-17,-2.258001906094e+02,-1.624450435624e-03,-3.665177810237e+00
