x,y,z,Bx,By,Bz,Ex,Ey,Ez
0.000000000000e+00,0.000000000000e+00,1.000000000000e+00,-8.150881407381e-19,1.857947123148e-16,9.127115598765e-18,2.022619887053e+02,1.583316532061e-02,-3.108457734472e+00
