x,y,z,Bx,By,Bz,Ex,Ey,Ez
0.000000000000e+00,0.000000000000e+00,1.000000000000e+00,-4.443285742318e-15,1.289794098207e-13,-1.171861021353e-14,1.722979741127e+04,2.041598801432e+00,-2.155735673187e+03
