x,y,z,Bx,By,Bz,Ex,Ey,Ez
0.000000000000e+00,0.000000000000e+00,1.000000000000e+00,1.179209873654e-18,2.469111828673e-16,-1.607370585230e-17,-2.443371547518e+02,-9.639038163682e-03,-4.125642222274e+00
