x,y,z,Bx,By,Bz,Ex,Ey,Ez
0.000000000000e+00,0.000000000000e+00,1.000000000000e+00,-1.839658252314e-17,1.961399710148e-15,-2.018718190760e-16,9.763454921264e+02,-2.390350731876e-02,-3.275150490584e+01
