x,y,z,Bx,By,Bz,Ex,Ey,Ez
0.000000000000e+00,0.000000000000e+00,1.000000000000e+00,2.764463807733e-18,5.628538937354e-16,-6.150890390325e-17,-4.231658425434e+02,-3.284093622731e-02,-9.388634886373e+00
