x,y,z,Bx,By,Bz,Ex,Ey,Ez
0.000000000000e+00,0.000000000000e+00,1.000000000000e+00,-3.874713928173e-19,1.202519786692e-16,-3.447061689145e-17,1.511437376417e+02,-9.287318693956e-05,-2.008498913830e+00
