x,y,z,Bx,By,Bz,Ex,Ey,Ez
0.000000000000e+00,0.000000000000e+00,1.000000000000e+00,5.691963582241e-19,1.596379554963e-16,1.702007631194e-17,-1.824739910295e+02,6.706087559285e-03,-2.664364310041e+00
