x,y,z,Bx,By,Bz,Ex,Ey,Ez
0.000000000000e+00,0.000000000000e+00,1.000000000000e+00,1.727488314455e-19,6.105881956095e-17,-9.268761955002e-18,-9.619649307458e+01,-2.933519865429e-04,-1.020434248537e+00
