x,y,z,Bx,By,Bz,Ex,Ey,Ez
0.000000000000e+00,0.000000000000e+00,1.000000000000e+00,-4.448103072712e-19,1.334415992156e-16,8.040349712381e-18,1.620275525694e+02,1.492287473861e-03,-2.229406135932e+00
