x,y,z,Bx,By,Bz,Ex,Ey,Ez
0.000000000000e+00,0.000000000000e+00,1.000000000000e+00,-4.512937658572e-19,1.355821250244e-16,-1.088063625500e-18,1.637447565032e+02,2.861438240838e-03,-2.264846638265e+00
