x,y,z,Bx,By,Bz,Ex,Ey,Ez
0.000000000000e+00,0.000000000000e+00,1.000000000000e+00,-1.092877998088e-17,1.335416363638e-15,-2.748510094582e-17,7.549916370650e+02,5.781613348723e-02,-2.232146070556e+01
