x,y,z,Bx,By,Bz,Ex,Ey,Ez
0.000000000000e+00,0.000000000000e+00,1.000000000000e+00,7.796817303672e-19,1.764900668282e-16,-3.874497245804e-17,-1.953413813587e+02,3.788337278984e-03,-2.950200692815e+00
