x,y,z,Bx,By,Bz,Ex,Ey,Ez
0.000000000000e+00,0.000000000000e+00,1.000000000000e+00,1.283005863600e-17,1.604701914937e-15,-2.170901953851e-16,-8.538120279080e+02,-7.570385843065e-02,-2.681210211741e+01
