x,y,z,Bx,By,Bz,Ex,Ey,Ez
0.000000000000e+00,0.000000000000e+00,1.000000000000e+00,5.980394324585e-18,9.497998580632e-16,-8.720738070227e-17,-6.014852991231e+02,-3.659669135006e-02,-1.588685417715e+01
