x,y,z,Bx,By,Bz,Ex,Ey,Ez
0.000000000000e+00,0.000000000000e+00,1.000000000000e+00,-2.643571009811e-19,8.618346592237e-17,-2.583050528958e-17,1.210931859850e+02,4.325722415319e-03,-1.440701887424e+00
