x,y,z,Bx,By,Bz,Ex,Ey,Ez
0.000000000000e+00,0.000000000000e+00,1.000000000000e+00,2.027675077027e-18,3.819533227224e-16,-5.033674692943e-17,-3.268406909885e+02,5.734747724453e-03,-6.378372454485e+00
