x,y,z,Bx,By,Bz,Ex,Ey,Ez
0.000000000000e+00,0.000000000000e+00,1.000000000000e+00,4.164510016561e-17,3.928981937695e-15,-4.236243473147e-16,-1.556444640270e+03,-3.460681308265e-02,-6.561627194235e+01
