x,y,z,Bx,By,Bz,Ex,Ey,Ez
0.000000000000e+00,0.000000000000e+00,1.000000000000e+00,-4.944819943431e-18,8.266873690697e-16,-1.319531589348e-16,5.476439904666e+02,-4.969134841470e-02,-1.380641718877e+01
