x,y,z,Bx,By,Bz,Ex,Ey,Ez
0.000000000000e+00,0.000000000000e+00,1.000000000000e+00,-4.477859113203e-16,2.257807220523e-14,-1.160409960073e-15,5.081556518821e+03,-5.634644381760e-01,-3.770411360005e+02
