x,y,z,Bx,By,Bz,Ex,Ey,Ez
0.000000000000e+00,0.000000000000e+00,1.000000000000e+00,4.873782173298e-19,1.553304173106e-16,2.918763452291e-17,-1.792093604372e+02,9.724207150599e-04,-2.593323050196e+00
