x,y,z,Bx,By,Bz,Ex,Ey,Ez
0.000000000000e+00,0.000000000000e+00,1.000000000000e+00,-2.674887016495e-19,7.213760306246e-17,1.008185816276e-17,1.075095427277e+02,-1.815993874965e-03,-1.205579507327e+00
