x,y,z,Bx,By,Bz,Ex,Ey,Ez
0.000000000000e+00,0.000000000000e+00,1.000000000000e+00,6.021584206075e-18,1.055363883478e-15,-2.305784187177e-17,-6.446885066253e+02,-1.907521298594e-02,-1.762488104442e+01
