x,y,z,Bx,By,Bz,Ex,Ey,Ez
0.000000000000e+00,0.000000000000e+00,1.000000000000e+00,-1.507232863370e-18,3.241460568465e-16,-6.692778070900e-17,2.931798040330e+02,2.301304654954e-02,-5.419023681783e+00
