x,y,z,Bx,By,Bz,Ex,Ey,Ez
0.000000000000e+00,0.000000000000e+00,1.000000000000e+00,2.883507032233e-19,9.461943110022e-17,-2.073321460116e-17,-1.288596613206e+02,-4.124510918610e-04,-1.581478937316e+00
