x,y,z,Bx,By,Bz,Ex,Ey,Ez
0.000000000000e+00,0.000000000000e+00,1.000000000000e+00,1.202466689588e-13,1.636973059070e-12,-2.711485404673e-13,-1.313188022547e+05,6.245372122790e+01,-2.735074868322e+04
