x,y,z,Bx,By,Bz,Ex,Ey,Ez
0.000000000000e+00,0.000000000000e+00,1.000000000000e+00,2.057837597648e-15,7.393822000219e-14,-8.101057326795e-15,-1.158845860513e+04,-2.292114374422e+00,-1.234930420969e+03
