x,y,z,Bx,By,Bz,Ex,Ey,Ez
0.000000000000e+00,0.000000000000e+00,1.000000000000e+00,2.730592560906e-19,8.076828031222e-17,-1.971057889761e-17,-1.159088153133e+02,1.442330042966e-04,-1.349295234457e+00
