x,y,z,Bx,By,Bz,Ex,Ey,Ez
0.000000000000e+00,0.000000000000e+00,1.000000000000e+00,1.373215707983e-19,6.976588145443e-17,-1.940048708177e-17,-1.051449594628e+02,3.442668367373e-03,-1.165829545721e+00
