x,y,z,Bx,By,Bz,Ex,Ey,Ez
0.000000000000e+00,0.000000000000e+00,1.000000000000e+00,-6.169993000094e-19,2.001597157155e-16,-7.935377646138e-17,2.124629465568e+02,1.201373919189e-02,-3.344862504255e+00
