x,y,z,Bx,By,Bz,Ex,Ey,Ez
0.000000000000e+00,0.000000000000e+00,1.000000000000e+00,-5.016045344896e-16,2.436899922360e-14,-1.102294405458e-15,5.354850733213e+03,-1.632667413063e-01,-4.070618583787e+02
