x,y,z,Bx,By,Bz,Ex,Ey,Ez
0.000000000000e+00,0.000000000000e+00,1.000000000000e+00,-1.177001930024e-17,1.634594238832e-15,-2.567332001410e-16,8.642712477369e+02,9.226978009175e-02,-2.729833764750e+01
