x,y,z,Bx,By,Bz,Ex,Ey,Ez
0.000000000000e+00,0.000000000000e+00,1.000000000000e+00,4.645586186266e-19,1.286018790191e-16,-4.741758983468e-17,-1.580912036056e+02,5.638268381677e-06,-2.148162179917e+00
