x,y,z,Bx,By,Bz,Ex,Ey,Ez
0.000000000000e+00,0.000000000000e+00,1.000000000000e+00,2.873314281760e-16,1.675464217993e-14,-8.296618242855e-16,-4.146118818870e+03,-4.947651393830e-01,-2.797574868633e+02
