x,y,z,Bx,By,Bz,Ex,Ey,Ez
0.000000000000e+00,0.000000000000e+00,1.000000000000e+00,1.541260635989e-15,5.958949166076e-14,-6.833469372432e-15,-9.962851547067e+03,-7.483664903966e-01,-9.958054356191e+02
