x,y,z,Bx,By,Bz,Ex,Ey,Ez
0.000000000000e+00,0.000000000000e+00,1.000000000000e+00,3.289730493696e-14,6.020283514880e-13,-7.626643606504e-14,-5.546962135409e+04,-5.010790136855e+00,-1.005401079050e+04
