x,y,z,Bx,By,Bz,Ex,Ey,Ez
0.000000000000e+00,0.000000000000e+00,1.000000000000e+00,-2.064947130980e-17,2.160684762103e-15,-1.928600176415e-16,1.042459126357e+03,-2.869944488092e-02,-3.611565260004e+01
