x,y,z,Bx,By,Bz,Ex,Ey,Ez
0.000000000000e+00,0.000000000000e+00,1.000000000000e+00,-5.748348529948e-19,1.462597234637e-16,-4.078591038633e-17,1.722833347347e+02,-3.686420912294e-03,-2.443879062272e+00
