x,y,z,Bx,By,Bz,Ex,Ey,Ez
0.000000000000e+00,0.000000000000e+00,1.000000000000e+00,-1.099613570207e-17,1.393125070596e-15,-3.514416397107e-17,7.768858272839e+02,8.099515509745e-02,-2.329328079397e+01
