x,y,z,Bx,By,Bz,Ex,Ey,Ez
0.000000000000e+00,0.000000000000e+00,1.000000000000e+00,-6.130952933991e-19,1.951810541278e-16,-4.143869852195e-17,2.089778628511e+02,1.780117813751e-02,-3.263438566119e+00
