x,y,z,Bx,By,Bz,Ex,Ey,Ez
0.000000000000e+00,0.000000000000e+00,1.000000000000e+00,-1.552421821958e-19,6.675294391620e-17,-2.019548616743e-17,1.019972739787e+02,-2.173702620792e-04,-1.113886042534e+00
