x,y,z,Bx,By,Bz,Ex,Ey,Ez
0.000000000000e+00,0.000000000000e+00,1.000000000000e+00,6.555488743871e-18,8.786372634965e-16,-1.468428151502e-16,-5.708257852905e+02,-1.779790468189e-02,-1.469048297228e+01
