x,y,z,Bx,By,Bz,Ex,Ey,Ez
0.000000000000e+00,0.000000000000e+00,1.000000000000e+00,-1.285370678376e-14,2.936430904897e-13,-4.026633398895e-14,3.169396338535e+04,-8.262412601967e+00,-4.907070699773e+03
