x,y,z,Bx,By,Bz,Ex,Ey,Ez
0.000000000000e+00,0.000000000000e+00,1.000000000000e+00,-2.500532026424e-17,2.818533537774e-15,-3.698679758561e-16,1.244855084982e+03,-2.876706298943e-01,-4.705733151857e+01
