x,y,z,Bx,By,Bz,Ex,Ey,Ez
0.000000000000e+00,0.000000000000e+00,1.000000000000e+00,-4.641383702263e-18,7.401255346811e-16,-1.322881276736e-16,5.088948761302e+02,-1.586820137685e-03,-1.237041754846e+01
