x,y,z,Bx,By,Bz,Ex,Ey,Ez
0.000000000000e+00,0.000000000000e+00,1.000000000000e+00,-2.726232018373e-19,7.026412074816e-17,-2.775900957724e-18,1.055867080475e+02,-3.479027444969e-03,-1.173332704450e+00
