x,y,z,Bx,By,Bz,Ex,Ey,Ez
0.000000000000e+00,0.000000000000e+00,1.000000000000e+00,-4.338088957024e-19,1.578517330400e-16,5.856273657751e-18,1.812193638657e+02,-6.734981864969e-03,-2.636693719806e+00
