x,y,z,Bx,By,Bz,Ex,Ey,Ez
0.000000000000e+00,0.000000000000e+00,1.000000000000e+00,-7.307425681895e-19,2.105106504610e-16,-1.080300870521e-16,2.196717927261e+02,-1.148990820025e-02,-3.516120021276e+00
