x,y,z,Bx,By,Bz,Ex,Ey,Ez
0.000000000000e+00,0.000000000000e+00,1.000000000000e+00,8.704283005762e-19,2.305320455654e-16,-3.405596849792e-17,-2.333231060322e+02,-6.458061775455e-03,-3.849732107522e+00
