x,y,z,Bx,By,Bz,Ex,Ey,Ez
0.000000000000e+00,0.000000000000e+00,1.000000000000e+00,-6.076334840790e-16,2.822151420651e-14,-1.197792650251e-15,5.925495577301e+03,8.900103588762e-01,-4.717712590460e+02
