x,y,z,Bx,By,Bz,Ex,Ey,Ez
0.000000000000e+00,0.000000000000e+00,1.000000000000e+00,-3.509114476232e-14,6.397168983017e-13,-8.533568310019e-14,5.840387405182e+04,-4.841019786918e+01,-1.069067378479e+04
