x,y,z,Bx,By,Bz,Ex,Ey,Ez
0.000000000000e+00,0.000000000000e+00,1.000000000000e+00,-1.081522547274e-17,1.480418687755e-15,-9.397020861546e-17,8.092109178941e+02,1.070627915276e-01,-2.475066138758e+01
