x,y,z,Bx,By,Bz,Ex,Ey,Ez
0.000000000000e+00,0.000000000000e+00,1.000000000000e+00,3.334811270719e-18,5.793429320574e-16,-4.481494411146e-17,-4.313407421893e+02,-3.394297728552e-02,-9.662489659862e+00
