x,y,z,Bx,By,Bz,Ex,Ey,Ez
0.000000000000e+00,0.000000000000e+00,1.000000000000e+00,1.263656872602e-18,2.853866813334e-16,-3.265770459235e-17,-2.688830501077e+02,5.507245912418e-03,-4.761657752481e+00
