x,y,z,Bx,By,Bz,Ex,Ey,Ez
0.000000000000e+00,0.000000000000e+00,1.000000000000e+00,9.763848511499e-19,2.623348676810e-16,8.299192974409e-18,-2.544721175807e+02,-3.298921809057e-03,-4.384818758603e+00
