x,y,z,Bx,By,Bz,Ex,Ey,Ez
0.000000000000e+00,0.000000000000e+00,1.000000000000e+00,-4.501846705480e-14,7.768339175157e-13,-1.058010460316e-13,6.853316979486e+04,-5.208607257352e+01,-1.298028654128e+04
