x,y,z,Bx,By,Bz,Ex,Ey,Ez
0.000000000000e+00,0.000000000000e+00,1.000000000000e+00,-4.636782429295e-18,7.078140418875e-16,-1.074972806684e-16,4.938347477815e+02,1.289296509513e-02,-1.182752438214e+01
