x,y,z,Bx,By,Bz,Ex,Ey,Ez
0.000000000000e+00,0.000000000000e+00,1.000000000000e+00,2.871390083646e-19,9.478393177315e-17,-2.137420917334e-17,-1.290106827540e+02,-5.395557771411e-04,-1.584254265644e+00
