x,y,z,Bx,By,Bz,Ex,Ey,Ez
0.000000000000e+00,0.000000000000e+00,1.000000000000e+00,-8.534668718583e-19,1.715589668651e-16,5.867906742890e-18,1.914342658970e+02,4.103468570879e-03,-2.862871077234e+00
