x,y,z,Bx,By,Bz,Ex,Ey,Ez
0.000000000000e+00,0.000000000000e+00,1.000000000000e+00,-5.555880565582e-17,4.863902481007e-15,-9.141793126252e-16,1.797129445223e+03,2.578477592851e-01,-8.123230954513e+01
