x,y,z,Bx,By,Bz,Ex,Ey,Ez
0.000000000000e+00,0.000000000000e+00,1.000000000000e+00,2.732943841822e-19,9.594890917991e-17,-2.403865481373e-17,-1.300747532073e+02,-1.568195401704e-03,-1.603863442467e+00
