x,y,z,Bx,By,Bz,Ex,Ey,Ez
0.000000000000e+00,0.000000000000e+00,1.000000000000e+00,-5.205561191260e-11,1.661807674267e-10,3.385742336161e-11,3.050505744064e+06,2.237633816053e+05,-2.778960923205e+06
