x,y,z,Bx,By,Bz,Ex,Ey,Ez
0.000000000000e+00,0.000000000000e+00,1.000000000000e+00,-4.660380075207e-18,7.274407394103e-16,-1.235791402302e-16,5.030232982118e+02,4.718675865445e-03,-1.215777413572e+01
