x,y,z,Bx,By,Bz,Ex,Ey,Ez
0.000000000000e+00,0.000000000000e+00,1.000000000000e+00,-5.067042193816e-17,4.588162041664e-15,-7.545383809066e-16,1.728147842511e+03,3.838797042473e-01,-7.665573080385e+01
