x,y,z,Bx,By,Bz,Ex,Ey,Ez
0.000000000000e+00,0.000000000000e+00,1.000000000000e+00,-1.965444393224e-16,1.180044825045e-14,-1.666955247390e-15,3.269202307255e+03,-4.982183332402e-01,-1.969863883486e+02
