x,y,z,Bx,By,Bz,Ex,Ey,Ez
0.000000000000e+00,0.000000000000e+00,1.000000000000e+00,-2.618590034951e-18,4.206962951549e-16,1.408655720663e-17,3.485292130212e+02,-5.504568051342e-02,-7.024350088101e+00
