x,y,z,Bx,By,Bz,Ex,Ey,Ez
0.000000000000e+00,0.000000000000e+00,1.000000000000e+00,-7.463812660349e-17,5.708097411212e-15,-7.155497886203e-16,2.001777739837e+03,-1.112682736418e-01,-9.536069828839e+01
