x,y,z,Bx,By,Bz,Ex,Ey,Ez
0.000000000000e+00,0.000000000000e+00,1.000000000000e+00,-4.532958026065e-17,4.022363002174e-15,-1.132525349395e-16,1.581512066951e+03,3.989210749444e-01,-6.724099491129e+01
