x,y,z,Bx,By,Bz,Ex,Ey,Ez
0.000000000000e+00,0.000000000000e+00,1.000000000000e+00,-6.596517556000e-19,2.043319290006e-16,-1.028694529253e-16,2.153743204183e+02,3.616477707763e-03,-3.413537853435e+00
