x,y,z,Bx,By,Bz,Ex,Ey,Ez
0.000000000000e+00,0.000000000000e+00,1.000000000000e+00,-2.786704057063e-19,8.253681857934e-17,1.574998418332e-17,1.175872434243e+02,2.870423583621e-03,-1.378872881442e+00
