x,y,z,Bx,By,Bz,Ex,Ey,Ez
0.000000000000e+00,0.000000000000e+00,1.000000000000e+00,3.299707691344e-19,1.057339078142e-16,1.461019535900e-17,-1.385578027769e+02,-3.403808020420e-05,-1.763522302101e+00
