x,y,z,Bx,By,Bz,Ex,Ey,Ez
0.000000000000e+00,0.000000000000e+00,1.000000000000e+00,1.856316862367e-17,2.141030796697e-15,-1.172848694458e-16,-1.035246998204e+03,2.909060784315e-02,-3.575710229196e+01
