x,y,z,Bx,By,Bz,Ex,Ey,Ez
0.000000000000e+00,0.000000000000e+00,1.000000000000e+00,-2.220429679473e-14,4.477237203605e-13,-6.095671648173e-14,4.390415853254e+04,-3.267577457594e+01,-7.482735225529e+03
