x,y,z,Bx,By,Bz,Ex,Ey,Ez
0.000000000000e+00,0.000000000000e+00,1.000000000000e+00,-1.150282293081e-16,8.962455665024e-15,-9.845797722242e-16,2.713235717776e+03,3.664330734255e-01,-1.495788159798e+02
