x,y,z,Bx,By,Bz,Ex,Ey,Ez
0.000000000000e+00,0.000000000000e+00,1.000000000000e+00,1.745848335803e-17,2.058060819446e-15,-8.015798326426e-17,-1.008260866696e+03,9.342921616093e-03,-3.437655314656e+01
