x,y,z,Bx,By,Bz,Ex,Ey,Ez
0.000000000000e+00,0.000000000000e+00,1.000000000000e+00,-2.074515479100e-19,7.558487029978e-17,-1.110151238785e-17,1.109239058159e+02,3.812916602122e-04,-1.263337271390e+00
