x,y,z,Bx,By,Bz,Ex,Ey,Ez
0.000000000000e+00,0.000000000000e+00,1.000000000000e+00,6.536702280329e-19,1.877019448023e-16,-6.811483623435e-18,-2.034578910333e+02,1.154190895028e-03,-3.135853679452e+00
