x,y,z,Bx,By,Bz,Ex,Ey,Ez
0.000000000000e+00,0.000000000000e+00,1.000000000000e+00,-1.520834334669e-17,1.810082900023e-15,-2.845901550969e-16,9.250107571964e+02,1.394183063753e-02,-3.021083642606e+01
