x,y,z,Bx,By,Bz,Ex,Ey,Ez
0.000000000000e+00,0.000000000000e+00,1.000000000000e+00,-3.510683301550e-19,1.168616697760e-16,-2.408036553820e-17,1.483083895556e+02,3.164479046156e-03,-1.952347010643e+00
