x,y,z,Bx,By,Bz,Ex,Ey,Ez
0.000000000000e+00,0.000000000000e+00,1.000000000000e+00,1.387329865017e-19,6.965263403380e-17,-1.868450405207e-17,-1.050336710035e+02,3.553622551806e-03,-1.163985048836e+00
