x,y,z,Bx,By,Bz,Ex,Ey,Ez
0.000000000000e+00,0.000000000000e+00,1.000000000000e+00,-1.411370038356e-18,3.654389420755e-16,-1.084083932803e-16,3.173800269371e+02,-1.073266517905e-02,-6.101267061176e+00
