x,y,z,Bx,By,Bz,Ex,Ey,Ez
0.000000000000e+00,0.000000000000e+00,1.000000000000e+00,-2.764925393842e-18,4.390990247458e-16,8.356120921865e-17,3.587623831230e+02,-3.467646325200e-02,-7.337020394793e+00
