x,y,z,Bx,By,Bz,Ex,Ey,Ez
0.000000000000e+00,0.000000000000e+00,1.000000000000e+00,5.850911585511e-18,9.644142101291e-16,-7.544605575974e-17,-6.076038402882e+02,-3.701067760305e-02,-1.612932161948e+01
