x,y,z,Bx,By,Bz,Ex,Ey,Ez
0.000000000000e+00,0.000000000000e+00,1.000000000000e+00,4.458868314181e-17,4.100560821256e-15,-4.193818077404e-16,-1.601768072539e+03,-5.468330326406e-02,-6.848103944314e+01
