x,y,z,Bx,By,Bz,Ex,Ey,Ez
0.000000000000e+00,0.000000000000e+00,1.000000000000e+00,1.820953561768e-18,3.684983786286e-16,-4.359674691647e-17,-3.190580521740e+02,8.780264741431e-03,-6.152333949264e+00
