x,y,z,Bx,By,Bz,Ex,Ey,Ez
0.000000000000e+00,0.000000000000e+00,1.000000000000e+00,-3.552859950620e-19,9.919395007015e-17,9.029936539231e-19,1.328638049638e+02,1.724188218535e-03,-1.655896165830e+00
