x,y,z,Bx,By,Bz,Ex,Ey,Ez
0.000000000000e+00,0.000000000000e+00,1.000000000000e+00,1.355940971101e-17,1.671574546095e-15,-1.581947350923e-16,-8.773893309082e+02,-8.991909783411e-02,-2.792804893017e+01
