x,y,z,Bx,By,Bz,Ex,Ey,Ez
0.000000000000e+00,0.000000000000e+00,1.000000000000e+00,1.679991227690e-14,3.604522645732e-13,-4.019145260855e-14,-3.698420774175e+04,-8.393056822048e+00,-6.019840279673e+03
