x,y,z,Bx,By,Bz,Ex,Ey,Ez
0.000000000000e+00,0.000000000000e+00,1.000000000000e+00,6.271653069217e-18,8.355925644369e-16,-1.706859214548e-16,-5.516512120612e+02,6.571962952661e-03,-1.395832178118e+01
