x,y,z,Bx,By,Bz,Ex,Ey,Ez
0.000000000000e+00,0.000000000000e+00,1.000000000000e+00,-4.866995681291e-19,1.623362941021e-16,1.243713239986e-17,1.845279748074e+02,-3.169667869121e-03,-2.709313356374e+00
