x,y,z,Bx,By,Bz,Ex,Ey,Ez
0.000000000000e+00,0.000000000000e+00,1.000000000000e+00,-2.016526720694e-19,7.736232274190e-17,-1.525277825344e-17,1.126296276776e+02,-6.334479480342e-04,-1.292551504626e+00
