x,y,z,Bx,By,Bz,Ex,Ey,Ez
0.000000000000e+00,0.000000000000e+00,1.000000000000e+00,4.616135616796e-19,1.396161803889e-16,-1.950833449119e-17,-1.670396743919e+02,-1.358872089403e-02,-2.333314269415e+00
