x,y,z,Bx,By,Bz,Ex,Ey,Ez
0.000000000000e+00,0.000000000000e+00,1.000000000000e+00,1.131303578527e-18,2.417270875959e-16,-2.448521972357e-17,-2.408378820378e+02,-9.478236442993e-03,-4.037295105147e+00
