x,y,z,Bx,By,Bz,Ex,Ey,Ez
0.000000000000e+00,0.000000000000e+00,1.000000000000e+00,7.232411979037e-16,3.217843013901e-14,-3.296946606006e-15,-6.489467901320e+03,2.425612150274e+00,-5.376847914549e+02
