x,y,z,Bx,By,Bz,Ex,Ey,Ez
0.000000000000e+00,0.000000000000e+00,1.000000000000e+00,-1.124321487503e-17,1.590449330960e-15,-2.144023792113e-16,8.487153409646e+02,1.053133555722e-01,-2.656982119786e+01
