x,y,z,Bx,By,Bz,Ex,Ey,Ez
0.000000000000e+00,0.000000000000e+00,1.000000000000e+00,-9.366618853950e-19,1.814599221761e-16,1.227727437524e-17,1.990315947591e+02,1.197001032640e-02,-3.034639683685e+00
