x,y,z,Bx,By,Bz,Ex,Ey,Ez
0.000000000000e+00,0.000000000000e+00,1.000000000000e+00,2.791558222992e-17,2.770764827287e-15,-2.286526127113e-16,-1.231362493192e+03,6.439707422528e-02,-4.630432548740e+01
