x,y,z,Bx,By,Bz,Ex,Ey,Ez
0.000000000000e+00,0.000000000000e+00,1.000000000000e+00,1.512168015596e-19,7.209163619184e-17,-2.064032349486e-17,-1.074047117628e+02,6.453593553371e-04,-1.203571196535e+00
