x,y,z,Bx,By,Bz,Ex,Ey,Ez
0.000000000000e+00,0.000000000000e+00,1.000000000000e+00,-8.918867037101e-17,7.001841639590e-15,-2.255560145269e-16,2.299042995797e+03,3.556457007322e-02,-1.171294537980e+02
