x,y,z,Bx,By,Bz,Ex,Ey,Ez
0.000000000000e+00,0.000000000000e+00,1.000000000000e+00,-1.458549113412e-18,3.302006755620e-16,-6.999092041133e-17,2.968435063849e+02,1.907415932528e-02,-5.520466881324e+00
