x,y,z,Bx,By,Bz,Ex,Ey,Ez
0.000000000000e+00,0.000000000000e+00,1.000000000000e+00,1.738612822884e-18,3.124850440891e-16,-3.673556812227e-17,-2.860255701301e+02,-5.927920960110e-03,-5.223691135816e+00
