x,y,z,Bx,By,Bz,Ex,Ey,Ez
0.000000000000e+00,0.000000000000e+00,1.000000000000e+00,5.610572693333e-17,4.831793080393e-15,-3.823628118111e-16,-1.788668176706e+03,-8.010439425733e-02,-8.070460406398e+01
