x,y,z,Bx,By,Bz,Ex,Ey,Ez
0.000000000000e+00,0.000000000000e+00,1.000000000000e+00,-2.164421065204e-18,3.987276488075e-16,-8.794692194399e-17,3.362004511874e+02,-5.169005766459e-02,-6.653013116862e+00
