x,y,z,Bx,By,Bz,Ex,Ey,Ez
0.000000000000e+00,0.000000000000e+00,1.000000000000e+00,-7.001732995710e-18,9.728465579920e-16,-1.281889046326e-17,6.106142759129e+02,-4.773808910176e-02,-1.625402786556e+01
