x,y,z,Bx,By,Bz,Ex,Ey,Ez
0.000000000000e+00,0.000000000000e+00,1.000000000000e+00,8.974685579008e-16,3.830858688879e-14,-4.441194771395e-15,-7.324630785320e+03,2.073440527610e+00,-6.403907524697e+02
