x,y,z,Bx,By,Bz,Ex,Ey,Ez
0.000000000000e+00,0.000000000000e+00,1.000000000000e+00,5.027934199346e-16,2.465106852587e-14,-1.449542086119e-15,-5.397586329218e+03,1.642384809710e+00,-4.115950152244e+02
