x,y,z,Bx,By,Bz,Ex,Ey,Ez
0.000000000000e+00,0.000000000000e+00,1.000000000000e+00,-2.769499504657e-18,5.343089968253e-16,-8.459409517748e-17,4.091620906188e+02,3.524900349520e-02,-8.927755103596e+00
