x,y,z,Bx,By,Bz,Ex,Ey,Ez
0.000000000000e+00,0.000000000000e+00,1.000000000000e+00,4.125650928243e-18,6.884627091293e-16,2.726540491475e-17,-4.847497074470e+02,3.092097066008e-02,-1.150911282031e+01
