x,y,z,Bx,By,Bz,Ex,Ey,Ez
0.000000000000e+00,0.000000000000e+00,1.000000000000e+00,6.877338464697e-19,1.906843583022e-16,-2.434273004696e-18,-2.055670540904e+02,2.213455034016e-03,-3.184718618615e+00
