x,y,z,Bx,By,Bz,Ex,Ey,Ez
0.000000000000e+00,0.000000000000e+00,1.000000000000e+00,-2.127469482121e-17,2.377415124648e-15,-3.629401840822e-16,1.111790260505e+03,-6.814463746363e-02,-3.974903864108e+01
