x,y,z,Bx,By,Bz,Ex,Ey,Ez
0.000000000000e+00,0.000000000000e+00,1.000000000000e+00,-2.010401326639e-19,7.646587331776e-17,-1.527542518639e-17,1.117723241766e+02,-5.363064420386e-05,-1.277831666582e+00
