x,y,z,Bx,By,Bz,Ex,Ey,Ez
0.000000000000e+00,0.000000000000e+00,1.000000000000e+00,-6.296917637809e-17,5.195422123048e-15,-9.359101912771e-16,1.878524789319e+03,8.282447358908e-02,-8.675599269999e+01
