x,y,z,Bx,By,Bz,Ex,Ey,Ez
0.000000000000e+00,0.000000000000e+00,1.000000000000e+00,-4.049493477961e-19,1.029420921548e-16,-2.098291351507e-17,1.362476203186e+02,9.882292002149e-04,-1.719428900580e+00
