x,y,z,Bx,By,Bz,Ex,Ey,Ez
0.000000000000e+00,0.000000000000e+00,1.000000000000e+00,4.089329564264e-18,7.226874597627e-16,-3.019840357266e-17,-5.005828514641e+02,4.854332699101e-02,-1.207402212399e+01
