x,y,z,Bx,By,Bz,Ex,Ey,Ez
0.000000000000e+00,0.000000000000e+00,1.000000000000e+00,-3.854444878342e-19,1.009580759574e-16,-1.316485929821e-17,1.344600059341e+02,1.969190001970e-03,-1.685756832655e+00
