x,y,z,Bx,By,Bz,Ex,Ey,Ez
0.000000000000e+00,0.000000000000e+00,1.000000000000e+00,5.383140421573e-19,1.123509002484e-16,6.980730900971e-19,-1.444623558746e+02,6.503243232485e-03,-1.877332865332e+00
