x,y,z,Bx,By,Bz,Ex,Ey,Ez
0.000000000000e+00,0.000000000000e+00,1.000000000000e+00,3.603144281942e-19,1.225212363853e-16,-2.542362686765e-17,-1.530821054837e+02,7.162662172196e-03,-2.047138021552e+00
