x,y,z,Bx,By,Bz,Ex,Ey,Ez
0.000000000000e+00,0.000000000000e+00,1.000000000000e+00,5.381155482845e-17,4.678345237363e-15,-3.876886084291e-16,-1.750263797168e+03,-8.223615531506e-02,-7.814062386015e+01
