x,y,z,Bx,By,Bz,Ex,Ey,Ez
0.000000000000e+00,0.000000000000e+00,1.000000000000e+00,-2.520102589729e-19,8.691707041680e-17,-3.421448048434e-17,1.217851702120e+02,3.278927652330e-03,-1.453009932765e+00
