x,y,z,Bx,By,Bz,Ex,Ey,Ez
0.000000000000e+00,0.000000000000e+00,1.000000000000e+00,1.981591787606e-19,6.593438527123e-17,1.158309376848e-17,-1.012456273466e+02,2.188490892996e-03,-1.101819722143e+00
