x,y,z,Bx,By,Bz,Ex,Ey,Ez
0.000000000000e+00,0.000000000000e+00,1.000000000000e+00,1.031547122465e-18,2.590965969968e-16,5.546105831780e-18,-2.523938346128e+02,-5.328657473460e-03,-4.331285089627e+00
