x,y,z,Bx,By,Bz,Ex,Ey,Ez
0.000000000000e+00,0.000000000000e+00,1.000000000000e+00,-2.042876039696e-19,9.029964630277e-17,-3.417068951584e-17,1.248904711034e+02,-3.469207225614e-03,-1.508870849103e+00
