x,y,z,Bx,By,Bz,Ex,Ey,Ez
0.000000000000e+00,0.000000000000e+00,1.000000000000e+00,-8.374948483204e-16,3.779981426127e-14,-3.039253192563e-15,7.254433363038e+03,3.072708934597e+00,-6.320404439148e+02
