x,y,z,Bx,By,Bz,Ex,Ey,Ez
0.000000000000e+00,0.000000000000e+00,1.000000000000e+00,-1.425253017308e-18,3.006958872644e-16,-1.209605065348e-17,2.786826514697e+02,2.933624106770e-02,-5.024128754957e+00
