x,y,z,Bx,By,Bz,Ex,Ey,Ez
0.000000000000e+00,0.000000000000e+00,1.000000000000e+00,3.059248451071e-17,3.109404449533e-15,-3.160866469939e-16,-1.330751684763e+03,5.838514648538e-02,-5.197217333622e+01
