x,y,z,Bx,By,Bz,Ex,Ey,Ez
0.000000000000e+00,0.000000000000e+00,1.000000000000e+00,1.748826520542e-19,6.384580713177e-17,3.211654184087e-18,-9.907699915158e+01,-5.144355659773e-04,-1.066618084176e+00
