x,y,z,Bx,By,Bz,Ex,Ey,Ez
0.000000000000e+00,0.000000000000e+00,1.000000000000e+00,-1.906398027441e-15,6.842318140879e-14,-8.074421304978e-15,1.096389745928e+04,1.608701588387e-01,-1.141824953978e+03
