x,y,z,Bx,By,Bz,Ex,Ey,Ez
0.000000000000e+00,0.000000000000e+00,1.000000000000e+00,-2.639022100368e-19,9.541285781905e-17,1.755092217669e-17,1.294555024177e+02,-2.868350897688e-03,-1.592627676967e+00
