x,y,z,Bx,By,Bz,Ex,Ey,Ez
0.000000000000e+00,0.000000000000e+00,1.000000000000e+00,-1.358775203003e-18,2.675831061431e-16,4.754829938571e-19,2.578352738519e+02,3.743639616525e-03,-4.472788106006e+00
