x,y,z,Bx,By,Bz,Ex,Ey,Ez
0.000000000000e+00,0.000000000000e+00,1.000000000000e+00,-6.711683797721e-19,2.052702594388e-16,-1.062037940964e-16,2.160284127008e+02,1.418211256724e-03,-3.429056302445e+00
