x,y,z,Bx,By,Bz,Ex,Ey,Ez
0.000000000000e+00,0.000000000000e+00,1.000000000000e+00,8.226857266654e-19,1.720835611495e-16,-3.891377508926e-17,-1.920054576558e+02,7.297057956717e-03,-2.875107666509e+00
