x,y,z,Bx,By,Bz,Ex,Ey,Ez
0.000000000000e+00,0.000000000000e+00,1.000000000000e+00,-5.175377063312e-16,2.491446092384e-14,-1.093933820946e-15,5.437047309126e+03,-2.659146621656e-02,-4.162178153970e+02
