x,y,z,Bx,By,Bz,Ex,Ey,Ez
0.000000000000e+00,0.000000000000e+00,1.000000000000e+00,-1.781439251706e-16,1.111295068912e-14,-1.652796841450e-15,3.138057372934e+03,-2.541911170405e-01,-1.854202748274e+02
