x,y,z,Bx,By,Bz,Ex,Ey,Ez
0.000000000000e+00,0.000000000000e+00,1.000000000000e+00,4.515288202349e-18,6.418732123177e-16,3.690648101381e-17,-4.624227773949e+02,-7.574275286596e-03,-1.072613190216e+01
