x,y,z,Bx,By,Bz,Ex,Ey,Ez
0.000000000000e+00,0.000000000000e+00,1.000000000000e+00,-4.346704865318e-19,1.575141672436e-16,4.828379007263e-18,1.809687393515e+02,-6.947207595247e-03,-2.631218125574e+00
