x,y,z,Bx,By,Bz,Ex,Ey,Ez
0.000000000000e+00,0.000000000000e+00,1.000000000000e+00,-3.027144608032e-19,9.694544167535e-17,1.649137632818e-17,1.308321074014e+02,-5.859807550879e-04,-1.618114440623e+00
