x,y,z,Bx,By,Bz,Ex,Ey,Ez
0.000000000000e+00,0.000000000000e+00,1.000000000000e+00,1.451104143156e-18,2.904937255418e-16,-4.492890143312e-17,-2.720982877982e+02,4.136150027258e-03,-4.847164267776e+00
