x,y,z,Bx,By,Bz,Ex,Ey,Ez
0.000000000000e+00,0.000000000000e+00,1.000000000000e+00,1.928110534235e-15,7.050794686433e-14,-7.766030744864e-15,-1.120799666875e+04,-1.961026219488e+00,-1.177747659381e+03
