x,y,z,Bx,By,Bz,Ex,Ey,Ez
0.000000000000e+00,0.000000000000e+00,1.000000000000e+00,1.035274816785e-18,2.781775197642e-16,-1.241598028846e-17,-2.643864025279e+02,5.180725396677e-03,-4.642973193263e+00
