x,y,z,Bx,By,Bz,Ex,Ey,Ez
0.000000000000e+00,0.000000000000e+00,1.000000000000e+00,-1.151751818478e-18,2.425127509177e-16,3.223025709543e-17,2.411818945052e+02,-1.011586663121e-02,-4.047122415888e+00
