x,y,z,Bx,By,Bz,Ex,Ey,Ez
0.000000000000e+00,0.000000000000e+00,1.000000000000e+00,-3.733243538646e-18,6.317755218955e-16,-4.956478491220e-17,4.574535753684e+02,2.163523294443e-02,-1.054931270771e+01
