x,y,z,Bx,By,Bz,Ex,Ey,Ez
0.000000000000e+00,0.000000000000e+00,1.000000000000e+00,-3.088993813007e-16,1.759502623775e-14,-1.335388208736e-15,4.288926203267e+03,-1.188059715860e+00,-2.939627014267e+02
