x,y,z,Bx,By,Bz,Ex,Ey,Ez
0.000000000000e+00,0.000000000000e+00,1.000000000000e+00,1.827431721908e-19,6.747329144588e-17,1.740735265618e-18,-1.028428164384e+02,3.991517707131e-03,-1.127907441564e+00
