x,y,z,Bx,By,Bz,Ex,Ey,Ez
0.000000000000e+00,0.000000000000e+00,1.000000000000e+00,5.368368754823e-19,1.109666052058e-16,4.062210415388e-18,-1.432153618229e+02,5.599047167826e-03,-1.853139686551e+00
