x,y,z,Bx,By,Bz,Ex,Ey,Ez
0.000000000000e+00,0.000000000000e+00,1.000000000000e+00,2.638200567786e-19,7.677581832031e-17,1.712538938400e-18,-1.120174398617e+02,4.604945277246e-04,-1.282034244481e+00
