x,y,z,Bx,By,Bz,Ex,Ey,Ez
0.000000000000e+00,0.000000000000e+00,1.000000000000e+00,6.485002631884e-16,2.959931756171e-14,-2.686243222661e-15,-6.124370941708e+03,2.371620297940e+00,-4.944545226415e+02
