x,y,z,Bx,By,Bz,Ex,Ey,Ez
0.000000000000e+00,0.000000000000e+00,1.000000000000e+00,1.716142496029e-18,3.140908972247e-16,-3.278777444537e-17,-2.870238193012e+02,-6.221104889199e-03,-5.251047450982e+00
