x,y,z,Bx,By,Bz,Ex,Ey,Ez
0.000000000000e+00,0.000000000000e+00,1.000000000000e+00,-2.836794186706e-19,8.322074825692e-17,1.183214156934e-17,1.182486497035e+02,3.873828919716e-03,-1.390487620869e+00
