x,y,z,Bx,By,Bz,Ex,Ey,Ez
0.000000000000e+00,0.000000000000e+00,1.000000000000e+00,-7.071612124620e-18,9.915132507126e-16,-8.503754392788e-18,6.184603337131e+02,-4.054310683668e-02,-1.656762687866e+01
