x,y,z,Bx,By,Bz,Ex,Ey,Ez
0.000000000000e+00,0.000000000000e+00,1.000000000000e+00,1.804099688284e-19,6.032736139471e-17,-4.854200210921e-18,-9.542246499718e+01,-1.422683943865e-04,-1.008166342966e+00
