x,y,z,Bx,By,Bz,Ex,Ey,Ez
0.000000000000e+00,0.000000000000e+00,1.000000000000e+00,-2.707564091926e-18,4.614205026474e-16,8.994921898466e-17,3.709647977687e+02,1.888249293409e-03,-7.713959184210e+00
