x,y,z,Bx,By,Bz,Ex,Ey,Ez
0.000000000000e+00,0.000000000000e+00,1.000000000000e+00,-8.628688324402e-18,1.170808537576e-15,-6.699322511076e-17,6.908940744533e+02,1.115536821351e-02,-1.955035783522e+01
