x,y,z,Bx,By,Bz,Ex,Ey,Ez
0.000000000000e+00,0.000000000000e+00,1.000000000000e+00,-2.762049806111e-18,4.378375899794e-16,8.045845249710e-17,3.580651648458e+02,-3.655850293349e-02,-7.315612392011e+00
