x,y,z,Bx,By,Bz,Ex,Ey,Ez
0.000000000000e+00,0.000000000000e+00,1.000000000000e+00,2.068718937618e-17,2.273808981145e-15,-1.702375349504e-16,-1.077812552342e+03,4.623105219990e-02,-3.797022620416e+01
