x,y,z,Bx,By,Bz,Ex,Ey,Ez
0.000000000000e+00,0.000000000000e+00,1.000000000000e+00,6.003379299050e-17,5.091759961357e-15,-3.741735583459e-16,-1.852806970979e+03,-6.907410817384e-02,-8.504521508590e+01
