x,y,z,Bx,By,Bz,Ex,Ey,Ez
0.000000000000e+00,0.000000000000e+00,1.000000000000e+00,8.590193235524e-19,2.299816097198e-16,-3.432739099759e-17,-2.329565170450e+02,-6.255762973627e-03,-3.840662313729e+00
