x,y,z,Bx,By,Bz,Ex,Ey,Ez
0.000000000000e+00,0.000000000000e+00,1.000000000000e+00,5.533546974517e-16,2.636875709221e-14,-1.857015717582e-15,-5.654057517458e+03,2.000081689174e+00,-4.403378746530e+02
