x,y,z,Bx,By,Bz,Ex,Ey,Ez
0.000000000000e+00,0.000000000000e+00,1.000000000000e+00,-1.105840027330e-19,6.496301224384e-17,-7.984500717109e-18,1.002139634244e+02,1.055229124265e-03,-1.084829666507e+00
