x,y,z,Bx,By,Bz,Ex,Ey,Ez
0.000000000000e+00,0.000000000000e+00,1.000000000000e+00,-3.745034749299e-17,3.371306751563e-15,2.410878074724e-16,1.402880348784e+03,-1.063089227307e-01,-5.628277464123e+01
