x,y,z,Bx,By,Bz,Ex,Ey,Ez
0.000000000000e+00,0.000000000000e+00,1.000000000000e+00,-3.438102553625e-18,6.113269123094e-16,-4.946895110745e-17,4.475241041022e+02,2.020378996523e-02,-1.020857151229e+01
