x,y,z,Bx,By,Bz,Ex,Ey,Ez
0.000000000000e+00,0.000000000000e+00,1.000000000000e+00,-1.427685973754e-17,1.768272525031e-15,-2.981069646262e-16,9.106725909801e+02,3.189313629079e-02,-2.951370028828e+01
