x,y,z,Bx,By,Bz,Ex,Ey,Ez
0.000000000000e+00,0.000000000000e+00,1.000000000000e+00,-6.828110193742e-19,2.062127798379e-16,-1.086824384552e-16,2.166850687789e+02,-8.606642722547e-04,-3.444669595266e+00
