x,y,z,Bx,By,Bz,Ex,Ey,Ez
0.000000000000e+00,0.000000000000e+00,1.000000000000e+00,-4.725160134712e-19,1.377671441564e-16,-1.382426494524e-17,1.654905158542e+02,3.273976051381e-03,-2.301047604699e+00
