x,y,z,Bx,By,Bz,Ex,Ey,Ez
0.000000000000e+00,0.000000000000e+00,1.000000000000e+00,-5.276145499285e-15,1.477944162632e-13,-1.467666266460e-14,1.902140466644e+04,3.074793564844e+00,-2.470358163081e+03
