x,y,z,Bx,By,Bz,Ex,Ey,Ez
0.000000000000e+00,0.000000000000e+00,1.000000000000e+00,-6.069632177278e-19,1.658648784499e-16,1.056036419414e-17,1.871381785727e+02,-1.626909973685e-04,-2.767038115012e+00
