x,y,z,Bx,By,Bz,Ex,Ey,Ez
0.000000000000e+00,0.000000000000e+00,1.000000000000e+00,-1.162768792188e-19,6.538107245821e-17,-1.083302596771e-17,1.006294131382e+02,9.261128066898e-04,-1.091572610884e+00
