x,y,z,Bx,By,Bz,Ex,Ey,Ez
0.000000000000e+00,0.000000000000e+00,1.000000000000e+00,1.165874499107e-17,1.461835404313e-15,-2.720389149109e-16,-8.022966075873e+02,-7.397743215629e-03,-2.443005988594e+01
