x,y,z,Bx,By,Bz,Ex,Ey,Ez
0.000000000000e+00,0.000000000000e+00,1.000000000000e+00,1.073387239888e-18,2.796094646897e-16,-1.636766157225e-17,-2.652766530953e+02,5.470586676452e-03,-4.666388277071e+00
