x,y,z,Bx,By,Bz,Ex,Ey,Ez
0.000000000000e+00,0.000000000000e+00,1.000000000000e+00,-2.748151161513e-19,7.048030944338e-17,-4.702491442358e-19,1.058100386292e+02,-3.407202780934e-03,-1.177067689628e+00
