x,y,z,Bx,By,Bz,Ex,Ey,Ez
0.000000000000e+00,0.000000000000e+00,1.000000000000e+00,-2.723063129671e-19,9.575186436059e-17,1.822805518955e-17,1.297592792994e+02,-2.363923405795e-03,-1.598244735736e+00
