x,y,z,Bx,By,Bz,Ex,Ey,Ez
0.000000000000e+00,0.000000000000e+00,1.000000000000e+00,-7.849871530818e-19,2.204869428394e-16,-4.418657344765e-17,2.265051708679e+02,-2.825187441709e-02,-3.682142239956e+00
