x,y,z,Bx,By,Bz,Ex,Ey,Ez
0.000000000000e+00,0.000000000000e+00,1.000000000000e+00,1.573254165982e-17,1.886620227590e-15,-3.832188604322e-17,-9.513230996324e+02,-4.921930506185e-02,-3.152063489131e+01
