x,y,z,Bx,By,Bz,Ex,Ey,Ez
0.000000000000e+00,0.000000000000e+00,1.000000000000e+00,-8.909900603896e-19,2.317432293369e-16,3.204272788679e-17,2.340229706726e+02,-2.417252403578e-02,-3.867976819074e+00
