x,y,z,Bx,By,Bz,Ex,Ey,Ez
0.000000000000e+00,0.000000000000e+00,1.000000000000e+00,8.222333355133e-19,1.713676817489e-16,-3.753960197899e-17,-1.914572436019e+02,7.835286101751e-03,-2.862836681476e+00
