x,y,z,Bx,By,Bz,Ex,Ey,Ez
0.000000000000e+00,0.000000000000e+00,1.000000000000e+00,6.564396171188e-19,1.881248019065e-16,-5.952487037141e-18,-2.037571289526e+02,1.276791693839e-03,-3.142771975230e+00
