x,y,z,Bx,By,Bz,Ex,Ey,Ez
0.000000000000e+00,0.000000000000e+00,1.000000000000e+00,-1.082072289790e-17,1.513601485625e-15,-1.282079652679e-16,8.212539786321e+02,1.113086590926e-01,-2.530066972847e+01
