x,y,z,Bx,By,Bz,Ex,Ey,Ez
0.000000000000e+00,0.000000000000e+00,1.000000000000e+00,3.365748152315e-16,1.870041734299e-14,-7.652267830195e-16,-4.467630482493e+03,-3.534555946980e-02,-3.122071089421e+02
