x,y,z,Bx,By,Bz,Ex,Ey,Ez
0.000000000000e+00,0.000000000000e+00,1.000000000000e+00,-4.844958830512e-17,4.415734390972e-15,-5.914252537683e-16,1.684270876929e+03,4.328023364877e-01,-7.379485436828e+01
