x,y,z,Bx,By,Bz,Ex,Ey,Ez
0.000000000000e+00,0.000000000000e+00,1.000000000000e+00,-1.136227314068e-18,2.419352189206e-16,3.376370809896e-17,2.407962460308e+02,-1.081207962945e-02,-4.037420985328e+00
