x,y,z,Bx,By,Bz,Ex,Ey,Ez
0.000000000000e+00,0.000000000000e+00,1.000000000000e+00,-2.015850310839e-16,1.200704993456e-14,-1.660546831144e-15,3.308163610221e+03,-5.660889699683e-01,-2.004654527889e+02
