x,y,z,Bx,By,Bz,Ex,Ey,Ez
0.000000000000e+00,0.000000000000e+00,1.000000000000e+00,-3.942319229295e-19,1.016738291306e-16,-1.728580126833e-17,1.351062483972e+02,1.719195436700e-03,-1.697899875387e+00
