x,y,z,Bx,By,Bz,Ex,Ey,Ez
0.000000000000e+00,0.000000000000e+00,1.000000000000e+00,2.678831758071e-18,4.737447323526e-16,-7.848668656360e-17,-3.778438105290e+02,6.419307075031e-03,-7.923635043483e+00
