x,y,z,Bx,By,Bz,Ex,Ey,Ez
0.000000000000e+00,0.000000000000e+00,1.000000000000e+00,-4.336978129763e-17,3.765003266144e-15,1.664664865405e-16,1.512073786894e+03,2.464535008675e-01,-6.291958281669e+01
