x,y,z,Bx,By,Bz,Ex,Ey,Ez
0.000000000000e+00,0.000000000000e+00,1.000000000000e+00,-4.468845996082e-17,3.925951562517e-15,2.804041035927e-18,1.555703392508e+03,3.536622341072e-01,-6.562526083473e+01
