x,y,z,Bx,By,Bz,Ex,Ey,Ez
0.000000000000e+00,0.000000000000e+00,1.000000000000e+00,-2.679958822588e-18,4.669294834166e-16,7.921363778934e-17,3.739346628821e+02,1.021802765891e-02,-7.806363157934e+00
