x,y,z,Bx,By,Bz,Ex,Ey,Ez
0.000000000000e+00,0.000000000000e+00,1.000000000000e+00,5.312800477365e-19,1.579664235697e-16,2.328045601822e-17,-1.812071756065e+02,4.703180376582e-03,-2.636734550811e+00
