x,y,z,Bx,By,Bz,Ex,Ey,Ez
0.000000000000e+00,0.000000000000e+00,1.000000000000e+00,-2.705239907272e-19,7.191229221043e-17,9.645329340935e-18,1.072803503211e+02,-2.099315382937e-03,-1.201726201316e+00
