x,y,z,Bx,By,Bz,Ex,Ey,Ez
0.000000000000e+00,0.000000000000e+00,1.000000000000e+00,1.150331155909e-17,1.430398557711e-15,-2.616968149677e-16,-7.906986329795e+02,9.718173739024e-03,-2.390487722003e+01
