x,y,z,Bx,By,Bz,Ex,Ey,Ez
0.000000000000e+00,0.000000000000e+00,1.000000000000e+00,3.331749626367e-17,3.387416805884e-15,-3.729376932087e-16,-1.409282458274e+03,3.227800597825e-02,-5.659948453860e+01
