x,y,z,Bx,By,Bz,Ex,Ey,Ez
0.000000000000e+00,0.000000000000e+00,1.000000000000e+00,3.007552621122e-17,3.040605458414e-15,-2.979296006068e-16,-1.310914149036e+03,6.288966902150e-02,-5.082407952959e+01
