x,y,z,Bx,By,Bz,Ex,Ey,Ez
0.000000000000e+00,0.000000000000e+00,1.000000000000e+00,4.060939946264e-18,7.003983710637e-16,1.056174905741e-17,-4.903145844680e+02,3.871837920447e-02,-1.170670281329e+01
