x,y,z,Bx,By,Bz,Ex,Ey,Ez
0.000000000000e+00,0.000000000000e+00,1.000000000000e+00,5.563946046014e-17,4.800565918822e-15,-3.833749390896e-16,-1.780886514013e+03,-8.080225007210e-02,-8.018294244077e+01
