x,y,z,Bx,By,Bz,Ex,Ey,Ez
0.000000000000e+00,0.000000000000e+00,1.000000000000e+00,1.665411979308e-11,8.240393013249e-11,1.771089376668e-10,1.419331743090e+06,-2.965217894569e+04,-1.379204970701e+06
