x,y,z,Bx,By,Bz,Ex,Ey,Ez
0.000000000000e+00,0.000000000000e+00,1.000000000000e+00,5.221575662366e-18,7.866568772114e-16,-1.484605399230e-16,-5.295972743416e+02,3.803778299798e-02,-1.313252884865e+01
