x,y,z,Bx,By,Bz,Ex,Ey,Ez
0.000000000000e+00,0.000000000000e+00,1.000000000000e+00,-3.361652432007e-15,1.034905769057e-13,-8.878841090552e-15,1.470345750148e+04,-4.146262402785e-02,-1.729028339703e+03
