x,y,z,Bx,By,Bz,Ex,Ey,Ez
0.000000000000e+00,0.000000000000e+00,1.000000000000e+00,-2.754144641152e-18,4.507024260241e-16,9.806137548605e-17,3.651389509779e+02,-1.579734801024e-02,-7.533462432864e+00
