x,y,z,Bx,By,Bz,Ex,Ey,Ez
0.000000000000e+00,0.000000000000e+00,1.000000000000e+00,2.718076431485e-19,8.921242785968e-17,6.719304943489e-18,-1.238765616003e+02,-1.214498513616e-03,-1.490835538868e+00
