x,y,z,Bx,By,Bz,Ex,Ey,Ez
0.000000000000e+00,0.000000000000e+00,1.000000000000e+00,-1.332104631996e-18,3.457113182445e-16,-7.856515368065e-17,3.060271333067e+02,8.120131191335e-03,-5.777624928773e+00
