x,y,z,Bx,By,Bz,Ex,Ey,Ez
0.000000000000e+00,0.000000000000e+00,1.000000000000e+00,2.559371191911e-18,4.822964393067e-16,-8.635787328797e-17,-3.824328478797e+02,2.240343068491e-03,-8.067799226814e+00
