x,y,z,Bx,By,Bz,Ex,Ey,Ez
0.000000000000e+00,0.000000000000e+00,1.000000000000e+00,-5.593442894602e-19,1.436618645273e-16,-4.039679377228e-17,1.702051555467e+02,-7.510333686912e-04,-2.399825718281e+00
