x,y,z,Bx,By,Bz,Ex,Ey,Ez
0.000000000000e+00,0.000000000000e+00,1.000000000000e+00,4.571331861345e-16,2.307770389666e-14,-1.141744725630e-15,-5.158377861685e+03,1.232043514581e+00,-3.852899691260e+02
