x,y,z,Bx,By,Bz,Ex,Ey,Ez
0.000000000000e+00,0.000000000000e+00,1.000000000000e+00,-3.238046933167e-12,1.910138261106e-11,-1.070893243906e-11,1.720953885431e+06,1.918545093017e+03,-3.190079844835e+05
