x,y,z,Bx,By,Bz,Ex,Ey,Ez
0.000000000000e+00,0.000000000000e+00,1.000000000000e+00,-4.465999154538e-19,1.249262324741e-16,-1.562830902267e-17,1.550420220112e+02,-3.742836434369e-03,-2.086775171723e+00
