x,y,z,Bx,By,Bz,Ex,Ey,Ez
0.000000000000e+00,0.000000000000e+00,1.000000000000e+00,-2.089368686647e-16,1.232606574374e-14,-1.644328154674e-15,3.367911101806e+03,-6.645008150118e-01,-2.058379525512e+02
