x,y,z,Bx,By,Bz,Ex,Ey,Ez
0.000000000000e+00,0.000000000000e+00,1.000000000000e+00,4.501047989217e-19,1.441972302439e-16,4.203663401566e-18,-1.706427726978e+02,-1.307650340457e-02,-2.409436920334e+00
