x,y,z,Bx,By,Bz,Ex,Ey,Ez
0.000000000000e+00,0.000000000000e+00,1.000000000000e+00,-5.478896522074e-19,1.498282935841e-16,-3.006260683260e-17,1.751095418128e+02,-6.990430143480e-03,-2.504290656958e+00
