x,y,z,Bx,By,Bz,Ex,Ey,Ez
0.000000000000e+00,0.000000000000e+00,1.000000000000e+00,-1.236764535913e-17,1.672581748368e-15,-2.830449261864e-16,8.775551063786e+02,7.689001315087e-02,-2.792608091661e+01
