x,y,z,Bx,By,Bz,Ex,Ey,Ez
0.000000000000e+00,0.000000000000e+00,1.000000000000e+00,1.017139132088e-16,7.277626351553e-15,-6.096139908286e-16,-2.357437256224e+03,1.758970854862e-01,-1.215667634713e+02
