x,y,z,Bx,By,Bz,Ex,Ey,Ez
0.000000000000e+00,0.000000000000e+00,1.000000000000e+00,-4.596484651669e-18,7.775096893091e-16,-1.465790606228e-16,5.258808449260e+02,-2.298262611878e-02,-1.299283896560e+01
