x,y,z,Bx,By,Bz,Ex,Ey,Ez
0.000000000000e+00,0.000000000000e+00,1.000000000000e+00,-7.722576779917e-18,1.115411314546e-15,-5.166892396657e-17,6.689449017333e+02,1.379428401476e-03,-1.862939554686e+01
