x,y,z,Bx,By,Bz,Ex,Ey,Ez
0.000000000000e+00,0.000000000000e+00,1.000000000000e+00,-8.922925710157e-19,1.726317963055e-16,5.719984380299e-18,1.922564190936e+02,4.862409369413e-03,-2.881323944529e+00
