x,y,z,Bx,By,Bz,Ex,Ey,Ez
0.000000000000e+00,0.000000000000e+00,1.000000000000e+00,2.030453232794e-19,7.387354028555e-17,-9.053034014974e-18,-1.091439654268e+02,-5.934263794038e-04,-1.232972532018e+00
