x,y,z,Bx,By,Bz,Ex,Ey,Ez
0.000000000000e+00,0.000000000000e+00,1.000000000000e+00,-2.092572893332e-19,8.966622224498e-17,-3.916106873068e-17,1.243185262549e+02,-2.335119035692e-03,-1.498501614507e+00
