x,y,z,Bx,By,Bz,Ex,Ey,Ez
0.000000000000e+00,0.000000000000e+00,1.000000000000e+00,-3.520281341803e-18,6.173745460097e-16,-4.844500193743e-17,4.504682109304e+02,2.056952378906e-02,-1.030923117212e+01
