x,y,z,Bx,By,Bz,Ex,Ey,Ez
0.000000000000e+00,0.000000000000e+00,1.000000000000e+00,-4.351316647687e-19,1.588716419017e-16,8.501094381847e-18,1.819745255885e+02,-6.026979518704e-03,-2.653214055438e+00
