x,y,z,Bx,By,Bz,Ex,Ey,Ez
0.000000000000e+00,0.000000000000e+00,1.000000000000e+00,-1.238596201892e-13,1.705474128724e-12,-3.024279690074e-13,1.365709257880e+05,-6.881530209969e+01,-2.847495161968e+04
