x,y,z,Bx,By,Bz,Ex,Ey,Ez
0.000000000000e+00,0.000000000000e+00,1.000000000000e+00,-1.808928129230e-19,5.988327094660e-17,-1.564511493761e-17,9.494903039260e+01,3.045994190691e-03,-1.000577519741e+00
