x,y,z,Bx,By,Bz,Ex,Ey,Ez
0.000000000000e+00,0.000000000000e+00,1.000000000000e+00,-4.570036744676e-19,1.266094424458e-16,-4.944857585690e-18,1.564408758100e+02,-3.722698832019e-03,-2.115127701720e+00
