x,y,z,Bx,By,Bz,Ex,Ey,Ez
0.000000000000e+00,0.000000000000e+00,1.000000000000e+00,-2.288322092419e-17,2.669382012597e-15,-4.687924495110e-16,1.200905264809e+03,-2.223413440693e-01,-4.459266842328e+01
