x,y,z,Bx,By,Bz,Ex,Ey,Ez
0.000000000000e+00,0.000000000000e+00,1.000000000000e+00,1.170661190724e-18,2.498567867986e-16,-1.042784506134e-17,-2.463142013062e+02,-9.207770980504e-03,-4.175822783938e+00
