x,y,z,Bx,By,Bz,Ex,Ey,Ez
0.000000000000e+00,0.000000000000e+00,1.000000000000e+00,-1.186960514939e-16,9.108286833621e-15,-1.060944006353e-15,2.742797590370e+03,3.504655231424e-01,-1.519891536957e+02
