x,y,z,Bx,By,Bz,Ex,Ey,Ez
0.000000000000e+00,0.000000000000e+00,1.000000000000e+00,9.300241883471e-19,2.663286605266e-16,8.385825532672e-18,-2.570016879965e+02,-6.535762061146e-04,-4.450244102782e+00
