x,y,z,Bx,By,Bz,Ex,Ey,Ez
0.000000000000e+00,0.000000000000e+00,1.000000000000e+00,9.723038972138e-15,2.369358223827e-13,-2.528668508019e-14,-2.690359719453e+04,-1.025096486291e+01,-3.957998735349e+03
