x,y,z,Bx,By,Bz,Ex,Ey,Ez
0.000000000000e+00,0.000000000000e+00,1.000000000000e+00,1.976771206263e-19,6.573327653427e-17,1.187097742904e-17,-1.010357445900e+02,1.882779083379e-03,-1.098401640617e+00
