x,y,z,Bx,By,Bz,Ex,Ey,Ez
0.000000000000e+00,0.000000000000e+00,1.000000000000e+00,-1.754452620940e-16,1.101899549889e-14,-1.645287034293e-15,3.119958833455e+03,-2.194511454407e-01,-1.838419554322e+02
