x,y,z,Bx,By,Bz,Ex,Ey,Ez
0.000000000000e+00,0.000000000000e+00,1.000000000000e+00,-1.740280484491e-15,6.434185935982e-14,-7.923646506432e-15,1.050086443172e+04,7.642165524114e-01,-1.073674377215e+03
