x,y,z,Bx,By,Bz,Ex,Ey,Ez
0.000000000000e+00,0.000000000000e+00,1.000000000000e+00,-2.668933774606e-16,1.549498359305e-14,-1.412779203245e-15,3.935234373150e+03,-1.190562350664e+00,-2.589866016325e+02
