x,y,z,Bx,By,Bz,Ex,Ey,Ez
0.000000000000e+00,0.000000000000e+00,1.000000000000e+00,2.676085232104e-18,4.455435433693e-16,-3.562720206604e-17,-3.624061080598e+02,1.284166464334e-02,-7.445048520678e+00
