x,y,z,Bx,By,Bz,Ex,Ey,Ez
0.000000000000e+00,0.000000000000e+00,1.000000000000e+00,3.547560708415e-19,1.206245321314e-16,-1.794304324917e-17,-1.515280155410e+02,8.060149845510e-03,-2.016164162724e+00
