x,y,z,Bx,By,Bz,Ex,Ey,Ez
0.000000000000e+00,0.000000000000e+00,1.000000000000e+00,2.150803318528e-15,7.634786185784e-14,-8.348887487494e-15,-1.185304351491e+04,-2.520101423098e+00,-1.275111520484e+03
