x,y,z,Bx,By,Bz,Ex,Ey,Ez
0.000000000000e+00,0.000000000000e+00,1.000000000000e+00,1.437938649524e-18,3.478024857099e-16,-5.132263457952e-18,-3.070514480123e+02,6.572601654996e-03,-5.809230597532e+00
