x,y,z,Bx,By,Bz,Ex,Ey,Ez
0.000000000000e+00,0.000000000000e+00,1.000000000000e+00,9.115339068790e-16,3.880422949243e-14,-4.519639405517e-15,-7.390350287760e+03,2.027470088857e+00,-6.486889618427e+02
