x,y,z,Bx,By,Bz,Ex,Ey,Ez
0.000000000000e+00,0.000000000000e+00,1.000000000000e+00,1.421262141872e-16,9.701017575719e-15,-1.258924982151e-15,-2.865596444676e+03,-1.101370577837e-01,-1.621884318646e+02
