x,y,z,Bx,By,Bz,Ex,Ey,Ez
0.000000000000e+00,0.000000000000e+00,1.000000000000e+00,9.202389114061e-19,2.683672338304e-16,6.914997816129e-18,-2.582813208103e+02,6.585731999279e-04,-4.483453639275e+00
