x,y,z,Bx,By,Bz,Ex,Ey,Ez
0.000000000000e+00,0.000000000000e+00,1.000000000000e+00,-1.498278834567e-18,3.077379394812e-16,-3.587442574612e-17,2.830670818191e+02,3.013472126973e-02,-5.142479717357e+00
