x,y,z,Bx,By,Bz,Ex,Ey,Ez
0.000000000000e+00,0.000000000000e+00,1.000000000000e+00,9.249544231588e-19,2.711244683634e-16,3.345232236586e-18,-2.600031012515e+02,2.294175601785e-03,-4.528259504557e+00
