x,y,z,Bx,By,Bz,Ex,Ey,Ez
0.000000000000e+00,0.000000000000e+00,1.000000000000e+00,-1.087224001619e-17,1.534034641653e-15,-1.510383536616e-16,8.286101690097e+02,1.119258924554e-01,-2.563857119155e+01
