x,y,z,Bx,By,Bz,Ex,Ey,Ez
0.000000000000e+00,0.000000000000e+00,1.000000000000e+00,-8.597892228541e-14,1.284709443287e-12,-2.034268496615e-13,1.056326256126e+05,-5.688508329147e+01,-2.145637560492e+04
