x,y,z,Bx,By,Bz,Ex,Ey,Ez
0.000000000000e+00,0.000000000000e+00,1.000000000000e+00,-1.326796769229e-19,6.273902175194e-17,-6.187170875072e-18,9.797634662364e+01,9.250691386787e-04,-1.048742945034e+00
