x,y,z,Bx,By,Bz,Ex,Ey,Ez
0.000000000000e+00,0.000000000000e+00,1.000000000000e+00,3.567440385996e-14,6.407194860650e-13,-8.237931499702e-14,-5.835147868651e+04,-4.867075951130e+00,-1.070024074033e+04
