x,y,z,Bx,By,Bz,Ex,Ey,Ez
0.000000000000e+00,0.000000000000e+00,1.000000000000e+00,2.149846692577e-18,5.380447192001e-16,-8.070703150850e-17,-4.109000629130e+02,-2.633885180268e-02,-8.983029335058e+00
