x,y,z,Bx,By,Bz,Ex,Ey,Ez
0.000000000000e+00,0.000000000000e+00,1.000000000000e+00,1.667165982742e-15,6.328215090296e-14,-7.132250472159e-15,-1.039033767132e+04,-1.197006627627e+00,-1.057338626459e+03
