x,y,z,Bx,By,Bz,Ex,Ey,Ez
0.000000000000e+00,0.000000000000e+00,1.000000000000e+00,4.925468878443e-19,1.318666469436e-16,-4.807995337854e-17,-1.607873607188e+02,-5.318795319965e-03,-2.203322714570e+00
