x,y,z,Bx,By,Bz,Ex,Ey,Ez
0.000000000000e+00,0.000000000000e+00,1.000000000000e+00,3.010160026056e-18,5.701339635078e-16,-5.459945346929e-17,-4.267703476576e+02,-3.366541532118e-02,-9.509049047804e+00
