x,y,z,Bx,By,Bz,Ex,Ey,Ez
0.000000000000e+00,0.000000000000e+00,1.000000000000e+00,-1.640266218544e-19,6.150549176334e-17,-1.380294245573e-17,9.669040802130e+01,1.418592192613e-03,-1.028178963229e+00
