x,y,z,Bx,By,Bz,Ex,Ey,Ez
0.000000000000e+00,0.000000000000e+00,1.000000000000e+00,-4.335815643381e-19,1.581905263359e-16,6.812289938869e-18,1.814705347681e+02,-6.510285157609e-03,-2.642184863800e+00
