x,y,z,Bx,By,Bz,Ex,Ey,Ez
0.000000000000e+00,0.000000000000e+00,1.000000000000e+00,-1.799499482991e-19,5.970701623916e-17,-1.459945609019e-17,9.475817219746e+01,3.205915378436e-03,-9.975710309669e-01
