x,y,z,Bx,By,Bz,Ex,Ey,Ez
0.000000000000e+00,0.000000000000e+00,1.000000000000e+00,-1.305979514514e-15,5.308790540357e-14,-6.708896538239e-15,9.181759029673e+03,2.611873212453e+00,-8.862075653228e+02
