x,y,z,Bx,By,Bz,Ex,Ey,Ez
0.000000000000e+00,0.000000000000e+00,1.000000000000e+00,-3.843380606613e-19,1.200228545330e-16,-3.446060581850e-17,1.509524095686e+02,1.622320684246e-04,-2.004688596378e+00
