x,y,z,Bx,By,Bz,Ex,Ey,Ez
0.000000000000e+00,0.000000000000e+00,1.000000000000e+00,1.532879136157e-17,1.842490379240e-15,-4.528327848399e-17,-9.363810732564e+02,-6.459933921257e-02,-3.078384082972e+01
