x,y,z,Bx,By,Bz,Ex,Ey,Ez
0.000000000000e+00,0.000000000000e+00,1.000000000000e+00,-4.099735554598e-19,1.042320835956e-16,-1.973527331434e-17,1.374023243433e+02,1.640519001565e-04,-1.741318980784e+00
