x,y,z,Bx,By,Bz,Ex,Ey,Ez
0.000000000000e+00,0.000000000000e+00,1.000000000000e+00,-9.398854460281e-17,7.718779881896e-15,-3.620176468759e-16,2.454818618375e+03,2.498472651184e-01,-1.290469720606e+02
