x,y,z,Bx,By,Bz,Ex,Ey,Ez
0.000000000000e+00,0.000000000000e+00,1.000000000000e+00,-1.513486804342e-19,6.664701457969e-17,-1.964049122686e-17,1.018911208099e+02,-9.280248070415e-05,-1.112147765689e+00
