x,y,z,Bx,By,Bz,Ex,Ey,Ez
0.000000000000e+00,0.000000000000e+00,1.000000000000e+00,2.040796493468e-18,5.261023435605e-16,-8.751136497399e-17,-4.049635273825e+02,-2.135381204191e-02,-8.789122052283e+00
