x,y,z,Bx,By,Bz,Ex,Ey,Ez
0.000000000000e+00,0.000000000000e+00,1.000000000000e+00,4.508286932107e-18,6.439687251384e-16,3.855646393486e-17,-4.634490733046e+02,-5.880742932240e-03,-1.076178997427e+01
