x,y,z,Bx,By,Bz,Ex,Ey,Ez
0.000000000000e+00,0.000000000000e+00,1.000000000000e+00,1.019927353361e-18,2.597376077799e-16,6.261165802964e-18,-2.528073641039e+02,-4.944198326259e-03,-4.341921305119e+00
