x,y,z,Bx,By,Bz,Ex,Ey,Ez
0.000000000000e+00,0.000000000000e+00,1.000000000000e+00,2.175423357386e-18,4.028460361152e-16,-2.943448742631e-17,-3.387253090414e+02,3.440068416982e-03,-6.728986673624e+00
