x,y,z,Bx,By,Bz,Ex,Ey,Ez
0.000000000000e+00,0.000000000000e+00,1.000000000000e+00,1.806721416131e-19,6.757840087293e-17,7.153885757769e-19,-1.029507306994e+02,4.057776469839e-03,-1.129675515228e+00
