x,y,z,Bx,By,Bz,Ex,Ey,Ez
0.000000000000e+00,0.000000000000e+00,1.000000000000e+00,-9.695243950764e-19,1.758753149138e-16,7.212395780714e-18,1.947551749989e+02,7.236220427882e-03,-2.937617121595e+00
