x,y,z,Bx,By,Bz,Ex,Ey,Ez
0.000000000000e+00,0.000000000000e+00,1.000000000000e+00,-2.187572593074e-17,2.544139051719e-15,-4.701812320833e-16,1.163241609710e+03,-1.508637192618e-01,-4.252049249185e+01
