x,y,z,Bx,By,Bz,Ex,Ey,Ez
0.000000000000e+00,0.000000000000e+00,1.000000000000e+00,6.287444860019e-14,9.911334166876e-13,-1.405872648636e-13,-8.404981889707e+04,3.192069549796e+00,-1.655338390609e+04
