x,y,z,Bx,By,Bz,Ex,Ey,Ez
0.000000000000e+00,0.000000000000e+00,1.000000000000e+00,9.753899592587e-18,1.225042501184e-15,-5.378350440902e-17,-7.120526804940e+02,4.639772040592e-02,-2.044837236281e+01
