x,y,z,Bx,By,Bz,Ex,Ey,Ez
0.000000000000e+00,0.000000000000e+00,1.000000000000e+00,-8.139803440498e-16,3.684621885704e-14,-2.789313250159e-15,7.127179174622e+03,2.938631552440e+00,-6.161443568287e+02
