x,y,z,Bx,By,Bz,Ex,Ey,Ez
0.000000000000e+00,0.000000000000e+00,1.000000000000e+00,-1.476995129917e-18,3.053704325040e-16,-2.818175437338e-17,2.815942323487e+02,3.021079500339e-02,-5.102622198482e+00
