x,y,z,Bx,By,Bz,Ex,Ey,Ez
0.000000000000e+00,0.000000000000e+00,1.000000000000e+00,-8.872260472329e-19,1.834006942682e-16,1.224011619500e-17,2.004897054002e+02,1.374966327139e-02,-3.067904321088e+00
