x,y,z,Bx,By,Bz,Ex,Ey,Ez
0.000000000000e+00,0.000000000000e+00,1.000000000000e+00,-2.379417469809e-17,2.742622218158e-15,-4.320223010966e-16,1.222593644275e+03,-2.587168917156e-01,-4.580274051635e+01
