x,y,z,Bx,By,Bz,Ex,Ey,Ez
0.000000000000e+00,0.000000000000e+00,1.000000000000e+00,-1.504443816129e-18,3.085318502756e-16,-3.832190536611e-17,2.835605610276e+02,3.003615345138e-02,-5.155857224606e+00
