x,y,z,Bx,By,Bz,Ex,Ey,Ez
0.000000000000e+00,0.000000000000e+00,1.000000000000e+00,-2.850617989646e-19,8.377280810816e-17,6.624041401611e-18,1.187822972616e+02,4.510125026892e-03,-1.399872324625e+00
