x,y,z,Bx,By,Bz,Ex,Ey,Ez
0.000000000000e+00,0.000000000000e+00,1.000000000000e+00,1.849684111849e-19,5.917313530006e-17,6.164382339174e-18,-9.418385421903e+01,-7.539028259750e-04,-9.886443183179e-01
