x,y,z,Bx,By,Bz,Ex,Ey,Ez
0.000000000000e+00,0.000000000000e+00,1.000000000000e+00,3.397025054840e-19,1.059279128194e-16,1.468044268949e-17,-1.387260106297e+02,2.081465675529e-04,-1.766738495410e+00
