x,y,z,Bx,By,Bz,Ex,Ey,Ez
0.000000000000e+00,0.000000000000e+00,1.000000000000e+00,-3.362159533651e-18,6.053538228308e-16,-5.132532820353e-17,4.446091510922e+02,1.996073282936e-02,-1.010922109709e+01
