x,y,z,Bx,By,Bz,Ex,Ey,Ez
0.000000000000e+00,0.000000000000e+00,1.000000000000e+00,2.745253276838e-19,8.117127675169e-17,-2.115413724855e-17,-1.162958988241e+02,-2.353800579131e-04,-1.356050708103e+00
