x,y,z,Bx,By,Bz,Ex,Ey,Ez
0.000000000000e+00,0.000000000000e+00,1.000000000000e+00,4.242618639286e-18,6.096841352165e-16,-3.941892518321e-18,-4.464699555939e+02,-2.769962282608e-02,-1.017609553736e+01
