x,y,z,Bx,By,Bz,Ex,Ey,Ez
0.000000000000e+00,0.000000000000e+00,1.000000000000e+00,2.609317575346e-17,2.613401419835e-15,-2.112025334120e-16,-1.183700069759e+03,5.668529082509e-02,-4.366095699726e+01
