x,y,z,Bx,By,Bz,Ex,Ey,Ez
0.000000000000e+00,0.000000000000e+00,1.000000000000e+00,-4.725340653147e-18,8.059445322904e-16,-1.428288085304e-16,5.385259635189e+02,-3.939484901136e-02,-1.346335395823e+01
