x,y,z,Bx,By,Bz,Ex,Ey,Ez
0.000000000000e+00,0.000000000000e+00,1.000000000000e+00,1.500800363474e-19,6.898141134208e-17,-1.338700278687e-17,-1.043693626579e+02,4.065286467970e-03,-1.153000764238e+00
