x,y,z,Bx,By,Bz,Ex,Ey,Ez
0.000000000000e+00,0.000000000000e+00,1.000000000000e+00,-8.368591253409e-18,1.156656450284e-15,-6.526919868132e-17,6.853072064513e+02,8.886490460658e-03,-1.931451031704e+01
