x,y,z,Bx,By,Bz,Ex,Ey,Ez
0.000000000000e+00,0.000000000000e+00,1.000000000000e+00,-9.732801183687e-18,1.229460460419e-15,-5.822803849131e-17,7.139346307774e+02,2.223759662339e-02,-2.053304458817e+01
