x,y,z,Bx,By,Bz,Ex,Ey,Ez
0.000000000000e+00,0.000000000000e+00,1.000000000000e+00,-8.637575645987e-19,2.300875985783e-16,2.522280363118e-17,2.329246622773e+02,-2.596500473225e-02,-3.840668026290e+00
