x,y,z,Bx,By,Bz,Ex,Ey,Ez
0.000000000000e+00,0.000000000000e+00,1.000000000000e+00,-3.999253706212e-18,6.487331051112e-16,-5.690367815561e-17,4.656407798394e+02,2.251151284198e-02,-1.083290581560e+01
