x,y,z,Bx,By,Bz,Ex,Ey,Ez
0.000000000000e+00,0.000000000000e+00,1.000000000000e+00,2.720186493958e-19,8.936666596279e-17,6.514380035925e-18,-1.240188109208e+02,-1.079660272031e-03,-1.493401282302e+00
