x,y,z,Bx,By,Bz,Ex,Ey,Ez
0.000000000000e+00,0.000000000000e+00,1.000000000000e+00,1.051022693137e-15,4.367615684588e-14,-5.223685227952e-15,-8.023747881906e+03,1.484159180742e+00,-7.302040350891e+02
