x,y,z,Bx,By,Bz,Ex,Ey,Ez
0.000000000000e+00,0.000000000000e+00,1.000000000000e+00,3.519124774008e-16,1.928258509558e-14,-7.730853253579e-16,-4.561919709784e+03,1.238021854753e-01,-3.219194255475e+02
