x,y,z,Bx,By,Bz,Ex,Ey,Ez
0.000000000000e+00,0.000000000000e+00,1.000000000000e+00,4.870347517213e-16,2.411133962867e-14,-1.335332165748e-15,-5.316008057948e+03,1.509187586126e+00,-4.025688541912e+02
