x,y,z,Bx,By,Bz,Ex,Ey,Ez
0.000000000000e+00,0.000000000000e+00,1.000000000000e+00,-1.391572780885e-18,3.373532188445e-16,-7.265119509260e-17,3.011135698709e+02,1.421247484244e-02,-5.639528075754e+00
