x,y,z,Bx,By,Bz,Ex,Ey,Ez
0.000000000000e+00,0.000000000000e+00,1.000000000000e+00,2.337329813877e-18,4.205195099187e-16,-1.439629249985e-17,-3.485734714610e+02,7.207804186619e-03,-7.024125284209e+00
