x,y,z,Bx,By,Bz,Ex,Ey,Ez
0.000000000000e+00,0.000000000000e+00,1.000000000000e+00,3.036040840291e-15,9.817592402389e-14,-1.075715006048e-14,-1.416424897410e+04,-4.642027552347e+00,-1.639489765832e+03
