x,y,z,Bx,By,Bz,Ex,Ey,Ez
0.000000000000e+00,0.000000000000e+00,1.000000000000e+00,2.225062636037e-18,4.097930658608e-16,-2.122166565262e-17,-3.426128392583e+02,4.398120412756e-03,-6.845019846996e+00
