x,y,z,Bx,By,Bz,Ex,Ey,Ez
0.000000000000e+00,0.000000000000e+00,1.000000000000e+00,6.953262442210e-17,5.670903443231e-15,-3.627248366058e-16,-1.991947176067e+03,-9.774771558162e-03,-9.470605144475e+01
