x,y,z,Bx,By,Bz,Ex,Ey,Ez
0.000000000000e+00,0.000000000000e+00,1.000000000000e+00,9.742241287556e-17,7.066189940719e-15,-5.573409755600e-16,-2.310746849586e+03,1.652778868058e-01,-1.180213466967e+02
