x,y,z,Bx,By,Bz,Ex,Ey,Ez
0.000000000000e+00,0.000000000000e+00,1.000000000000e+00,-2.281476946197e-19,7.423713354883e-17,-1.882167691655e-20,1.096091420605e+02,2.975623105352e-04,-1.241003888521e+00
