x,y,z,Bx,By,Bz,Ex,Ey,Ez
0.000000000000e+00,0.000000000000e+00,1.000000000000e+00,-7.133449910279e-18,1.022504486300e-15,-1.006628852117e-17,6.313397768181e+02,-2.800277937989e-02,-1.708632904147e+01
