x,y,z,Bx,By,Bz,Ex,Ey,Ez
0.000000000000e+00,0.000000000000e+00,1.000000000000e+00,4.700605710160e-19,1.537108215023e-16,3.024585070225e-17,-1.779787207317e+02,-1.498756151486e-03,-2.566678851619e+00
