x,y,z,Bx,By,Bz,Ex,Ey,Ez
0.000000000000e+00,0.000000000000e+00,1.000000000000e+00,2.723433388264e-18,4.507431893777e-16,-4.422943306950e-17,-3.652732166256e+02,1.278486205140e-02,-7.533210813616e+00
