x,y,z,Bx,By,Bz,Ex,Ey,Ez
0.000000000000e+00,0.000000000000e+00,1.000000000000e+00,6.519519013256e-18,8.598276372206e-16,-1.600118634184e-16,-5.624907161915e+02,-8.205620882724e-03,-1.437066155856e+01
