x,y,z,Bx,By,Bz,Ex,Ey,Ez
0.000000000000e+00,0.000000000000e+00,1.000000000000e+00,-5.662449426825e-16,2.665029871126e-14,-1.111630460655e-15,5.695511209142e+03,4.414810693701e-01,-4.453749407940e+02
