x,y,z,Bx,By,Bz,Ex,Ey,Ez
0.000000000000e+00,0.000000000000e+00,1.000000000000e+00,-1.000100825727e-14,2.423813909561e-13,-3.166310596526e-14,2.741842340602e+04,-1.124956838357e+00,-4.050444962895e+03
