x,y,z,Bx,By,Bz,Ex,Ey,Ez
0.000000000000e+00,0.000000000000e+00,1.000000000000e+00,-9.434562834167e-19,1.744277622300e-16,6.210410087146e-18,1.936385799053e+02,6.153296997296e-03,-2.912423739817e+00
