x,y,z,Bx,By,Bz,Ex,Ey,Ez
0.000000000000e+00,0.000000000000e+00,1.000000000000e+00,2.644194675844e-18,4.765663684867e-16,-8.142918495209e-17,-3.793644918806e+02,5.111288984557e-03,-7.971307780847e+00
