x,y,z,Bx,By,Bz,Ex,Ey,Ez
0.000000000000e+00,0.000000000000e+00,1.000000000000e+00,-2.739226730794e-18,4.546755964235e-16,9.727716473520e-17,3.673059810847e+02,-9.112744662595e-03,-7.600486006613e+00
