x,y,z,Bx,By,Bz,Ex,Ey,Ez
0.000000000000e+00,0.000000000000e+00,1.000000000000e+00,1.569343692692e-19,7.232828899221e-17,-1.947266715986e-17,-1.076343165067e+02,3.972262732882e-04,-1.207436390926e+00
