x,y,z,Bx,By,Bz,Ex,Ey,Ez
0.000000000000e+00,0.000000000000e+00,1.000000000000e+00,-4.468651581675e-19,1.321300375157e-16,1.084192650770e-17,1.609688989999e+02,3.449993412811e-04,-2.207632837414e+00
