x,y,z,Bx,By,Bz,Ex,Ey,Ez
0.000000000000e+00,0.000000000000e+00,1.000000000000e+00,-7.090475841570e-18,9.991279708548e-16,-7.910237503359e-18,6.216421529372e+02,-3.748192254538e-02,-1.669531621482e+01
