x,y,z,Bx,By,Bz,Ex,Ey,Ez
0.000000000000e+00,0.000000000000e+00,1.000000000000e+00,-9.905981931356e-18,1.239566721138e-15,-5.485738377293e-17,7.178863142138e+02,2.472359717830e-02,-2.070315873766e+01
