x,y,z,Bx,By,Bz,Ex,Ey,Ez
0.000000000000e+00,0.000000000000e+00,1.000000000000e+00,-2.243991750442e-19,9.356500534592e-17,4.803759966245e-18,1.278060298128e+02,-5.006804511396e-03,-1.562203635443e+00
