x,y,z,Bx,By,Bz,Ex,Ey,Ez
0.000000000000e+00,0.000000000000e+00,1.000000000000e+00,-7.280240795468e-18,1.067529614477e-15,-2.725697452285e-17,6.497300314053e+02,-1.141491689962e-02,-1.783553369816e+01
