x,y,z,Bx,By,Bz,Ex,Ey,Ez
0.000000000000e+00,0.000000000000e+00,1.000000000000e+00,-1.405935955543e-18,2.592561419220e-16,-8.734681407268e-18,2.523761182608e+02,6.681467306183e-04,-4.331702239373e+00
