x,y,z,Bx,By,Bz,Ex,Ey,Ez
0.000000000000e+00,0.000000000000e+00,1.000000000000e+00,-3.057299234402e-18,5.747542383986e-16,-7.098570243211e-17,4.295366127464e+02,2.210480414833e-02,-9.600621710170e+00
