x,y,z,Bx,By,Bz,Ex,Ey,Ez
0.000000000000e+00,0.000000000000e+00,1.000000000000e+00,9.356443369849e-19,2.725183213646e-16,9.028990528395e-19,-2.608707243440e+02,3.032655087002e-03,-4.550891220036e+00
