x,y,z,Bx,By,Bz,Ex,Ey,Ez
0.000000000000e+00,0.000000000000e+00,1.000000000000e+00,-6.883890061725e-17,5.444251918258e-15,-8.546707372556e-16,1.938715400296e+03,-2.983711273085e-02,-9.092347316667e+01
