x,y,z,Bx,By,Bz,Ex,Ey,Ez
0.000000000000e+00,0.000000000000e+00,1.000000000000e+00,-2.841064141258e-16,1.641941181119e-14,-1.371712202225e-15,4.092780143380e+03,-1.214775390982e+00,-2.743979582364e+02
