x,y,z,Bx,By,Bz,Ex,Ey,Ez
0.000000000000e+00,0.000000000000e+00,1.000000000000e+00,-4.603464238690e-18,7.584655290812e-16,-1.417228699236e-16,5.172857672562e+02,-1.173543397147e-02,-1.267652294287e+01
