x,y,z,Bx,By,Bz,Ex,Ey,Ez
0.000000000000e+00,0.000000000000e+00,1.000000000000e+00,-4.449204769125e-19,1.331775948063e-16,8.798207275325e-18,1.618149239550e+02,1.274554325445e-03,-2.225028528731e+00
