x,y,z,Bx,By,Bz,Ex,Ey,Ez
0.000000000000e+00,0.000000000000e+00,1.000000000000e+00,-5.689605423291e-17,4.928042831653e-15,-9.322861648274e-16,1.812996374771e+03,2.240729846887e-01,-8.229868059406e+01
