x,y,z,Bx,By,Bz,Ex,Ey,Ez
0.000000000000e+00,0.000000000000e+00,1.000000000000e+00,-1.322502676012e-18,3.543985300237e-16,-8.981068506338e-17,3.110607578459e+02,8.067942230617e-04,-5.920318271685e+00
