x,y,z,Bx,By,Bz,Ex,Ey,Ez
0.000000000000e+00,0.000000000000e+00,1.000000000000e+00,-6.629712508470e-17,5.335844887310e-15,-8.980989317487e-16,1.912580210810e+03,1.569200024522e-02,-8.910555029612e+01
