x,y,z,Bx,By,Bz,Ex,Ey,Ez
0.000000000000e+00,0.000000000000e+00,1.000000000000e+00,1.298450727171e-17,1.619257154970e-15,-2.049890908895e-16,-8.589693113115e+02,-8.004323881464e-02,-2.705487739936e+01
