x,y,z,Bx,By,Bz,Ex,Ey,Ez
0.000000000000e+00,0.000000000000e+00,1.000000000000e+00,-1.029847810000e-17,1.265276933307e-15,-4.547407745653e-17,7.279108806300e+02,3.202506012494e-02,-2.113668469304e+01
