x,y,z,Bx,By,Bz,Ex,Ey,Ez
0.000000000000e+00,0.000000000000e+00,1.000000000000e+00,-1.268374083467e-18,2.834811818139e-16,2.405479686192e-17,2.679411604065e+02,1.634254473267e-02,-4.737734002729e+00
