x,y,z,Bx,By,Bz,Ex,Ey,Ez
0.000000000000e+00,0.000000000000e+00,1.000000000000e+00,-5.489066330953e-19,1.428067176903e-16,-3.851895878424e-17,1.695201234781e+02,1.664999905114e-04,-2.385374305121e+00
