x,y,z,Bx,By,Bz,Ex,Ey,Ez
0.000000000000e+00,0.000000000000e+00,1.000000000000e+00,5.713031193528e-16,2.697622818945e-14,-2.011475206863e-15,-5.743660606283e+03,2.100005222595e+00,-4.505088391150e+02
