x,y,z,Bx,By,Bz,Ex,Ey,Ez
0.000000000000e+00,0.000000000000e+00,1.000000000000e+00,3.927230931420e-17,3.789269208051e-15,-4.197476044084e-16,-1.519102399017e+03,-1.626030804042e-02,-6.328654879298e+01
