x,y,z,Bx,By,Bz,Ex,Ey,Ez
0.000000000000e+00,0.000000000000e+00,1.000000000000e+00,3.621042840850e-19,1.196905319554e-16,-1.473464235786e-17,-1.507598310724e+02,8.283401272298e-03,-2.000915526524e+00
