x,y,z,Bx,By,Bz,Ex,Ey,Ez
0.000000000000e+00,0.000000000000e+00,1.000000000000e+00,8.436365387894e-16,3.640851511605e-14,-4.124871919269e-15,-7.070312219561e+03,2.230239385643e+00,-6.085701478503e+02
