x,y,z,Bx,By,Bz,Ex,Ey,Ez
0.000000000000e+00,0.000000000000e+00,1.000000000000e+00,-2.605757969611e-18,4.929863809846e-16,-9.433756560912e-20,3.877753190961e+02,3.628257757002e-02,-8.240956042993e+00
