x,y,z,Bx,By,Bz,Ex,Ey,Ez
0.000000000000e+00,0.000000000000e+00,1.000000000000e+00,8.128032227178e-19,2.272462496668e-16,-3.560348544026e-17,-2.311363050536e+02,-5.201863949110e-03,-3.795743088187e+00
