x,y,z,Bx,By,Bz,Ex,Ey,Ez
0.000000000000e+00,0.000000000000e+00,1.000000000000e+00,2.490875537908e-18,4.315845910981e-16,-1.792867396856e-17,-3.546957559577e+02,1.051805001811e-02,-7.209526733320e+00
