x,y,z,Bx,By,Bz,Ex,Ey,Ez
0.000000000000e+00,0.000000000000e+00,1.000000000000e+00,-4.048886027222e-19,1.068841743227e-16,-6.414100331469e-18,1.397535574613e+02,-5.314952303663e-04,-1.786214113710e+00
