x,y,z,Bx,By,Bz,Ex,Ey,Ez
0.000000000000e+00,0.000000000000e+00,1.000000000000e+00,-1.251965396765e-19,6.580154821920e-17,-1.395305375747e-17,1.010474565220e+02,6.926528372824e-04,-1.098372983638e+00
