x,y,z,Bx,By,Bz,Ex,Ey,Ez
0.000000000000e+00,0.000000000000e+00,1.000000000000e+00,4.478394702485e-13,4.545018349572e-12,-1.232434089582e-12,-3.630147170925e+05,5.649619264256e+02,-7.597815352574e+04
