x,y,z,Bx,By,Bz,Ex,Ey,Ez
0.000000000000e+00,0.000000000000e+00,1.000000000000e+00,-4.699831771614e-14,8.033069106823e-13,-1.100860852029e-13,7.047696741123e+04,-5.243933577917e+01,-1.342224832543e+04
