x,y,z,Bx,By,Bz,Ex,Ey,Ez
0.000000000000e+00,0.000000000000e+00,1.000000000000e+00,2.306781237160e-19,7.483048150295e-17,-2.691334979109e-18,-1.100887268369e+02,-5.765694251774e-04,-1.249046461844e+00
