x,y,z,Bx,By,Bz,Ex,Ey,Ez
0.000000000000e+00,0.000000000000e+00,1.000000000000e+00,7.508531082886e-19,1.937091313899e-16,-2.229764036845e-18,-2.077106505372e+02,3.526822543258e-03,-3.234616857473e+00
