x,y,z,Bx,By,Bz,Ex,Ey,Ez
0.000000000000e+00,0.000000000000e+00,1.000000000000e+00,-2.020538485968e-18,3.931538916148e-16,-1.053793839446e-16,3.330612708941e+02,-4.624050098649e-02,-6.559630643650e+00
