x,y,z,Bx,By,Bz,Ex,Ey,Ez
0.000000000000e+00,0.000000000000e+00,1.000000000000e+00,-4.289406200955e-19,1.232694949130e-16,-2.549567542021e-17,1.536616350063e+02,-2.977348988547e-03,-2.058924310316e+00
