x,y,z,Bx,By,Bz,Ex,Ey,Ez
0.000000000000e+00,0.000000000000e+00,1.000000000000e+00,1.711075948881e-17,2.028051138825e-15,-6.783537020849e-17,-9.984153837692e+02,4.735275676466e-04,-3.387722130492e+01
