x,y,z,Bx,By,Bz,Ex,Ey,Ez
0.000000000000e+00,0.000000000000e+00,1.000000000000e+00,-1.167977335879e-14,2.728904940202e-13,-3.689770531575e-14,2.998031106601e+04,-5.094075973783e+00,-4.560240265022e+03
