x,y,z,Bx,By,Bz,Ex,Ey,Ez
0.000000000000e+00,0.000000000000e+00,1.000000000000e+00,4.795935115781e-19,1.546798404308e-16,2.984656512918e-17,-1.787154568999e+02,-1.260676904277e-05,-2.582620837367e+00
