x,y,z,Bx,By,Bz,Ex,Ey,Ez
0.000000000000e+00,0.000000000000e+00,1.000000000000e+00,-2.104707754837e-17,2.271026631612e-15,-2.673622709596e-16,1.078110319110e+03,-3.874095338155e-02,-3.797015796552e+01
