x,y,z,Bx,By,Bz,Ex,Ey,Ez
0.000000000000e+00,0.000000000000e+00,1.000000000000e+00,8.507856549253e-19,1.976430037142e-16,-7.803543945503e-18,-2.105184583461e+02,5.000624046231e-03,-3.300322327142e+00
