x,y,z,Bx,By,Bz,Ex,Ey,Ez
0.000000000000e+00,0.000000000000e+00,1.000000000000e+00,2.647982712979e-19,7.689953745918e-17,1.483059636640e-18,-1.121397874820e+02,5.372544250222e-04,-1.284133893519e+00
