x,y,z,Bx,By,Bz,Ex,Ey,Ez
0.000000000000e+00,0.000000000000e+00,1.000000000000e+00,-4.338427899225e-15,1.265560847677e-13,-1.137775478540e-14,1.699491011776e+04,1.864041111575e+00,-2.115192132425e+03
