x,y,z,Bx,By,Bz,Ex,Ey,Ez
0.000000000000e+00,0.000000000000e+00,1.000000000000e+00,9.639203784959e-19,2.075330202128e-16,-3.221970947883e-17,-2.176308112119e+02,4.402105850538e-03,-3.468530388124e+00
