x,y,z,Bx,By,Bz,Ex,Ey,Ez
0.000000000000e+00,0.000000000000e+00,1.000000000000e+00,-4.984961971000e-18,8.297054240007e-16,-1.298781117498e-16,5.489650482367e+02,-5.100691579151e-02,-1.385638082006e+01
