x,y,z,Bx,By,Bz,Ex,Ey,Ez
0.000000000000e+00,0.000000000000e+00,1.000000000000e+00,-3.049813469219e-16,1.742029732394e-14,-1.340115980647e-15,4.260046598905e+03,-1.195529932261e+00,-2.910562032973e+02
