x,y,z,Bx,By,Bz,Ex,Ey,Ez
0.000000000000e+00,0.000000000000e+00,1.000000000000e+00,2.616418856578e-19,9.662683916784e-17,-2.397131210782e-17,-1.306882370450e+02,-2.205168749020e-03,-1.615213625502e+00
