x,y,z,Bx,By,Bz,Ex,Ey,Ez
0.000000000000e+00,0.000000000000e+00,1.000000000000e+00,1.048737041936e-18,2.377684370952e-16,-2.907981332073e-17,-2.381674797000e+02,-8.720190978631e-03,-3.970294754642e+00
