x,y,z,Bx,By,Bz,Ex,Ey,Ez
0.000000000000e+00,0.000000000000e+00,1.000000000000e+00,2.851766659251e-19,8.406145712892e-17,-1.642170305716e-17,-1.190563711709e+02,-2.988959606196e-03,-1.404620399034e+00
