x,y,z,Bx,By,Bz,Ex,Ey,Ez
0.000000000000e+00,0.000000000000e+00,1.000000000000e+00,2.156755680539e-14,4.358917487255e-13,-5.080697088537e-14,-4.287707526089e+04,-6.612279920210e+00,-7.279293978810e+03
