x,y,z,Bx,By,Bz,Ex,Ey,Ez
0.000000000000e+00,0.000000000000e+00,1.000000000000e+00,1.169441081673e-17,1.468238766574e-15,-2.730185027921e-16,-8.046457919181e+02,-1.095594571184e-02,-2.453693813713e+01
