x,y,z,Bx,By,Bz,Ex,Ey,Ez
0.000000000000e+00,0.000000000000e+00,1.000000000000e+00,2.040447810811e-19,9.981398935628e-17,-1.081063853704e-17,-1.334994438788e+02,-4.159379015825e-03,-1.667645446289e+00
