x,y,z,Bx,By,Bz,Ex,Ey,Ez
0.000000000000e+00,0.000000000000e+00,1.000000000000e+00,4.502194330178e-18,6.295247550458e-16,2.396963897512e-17,-4.563387488630e+02,-1.677422896517e-02,-1.051540860438e+01
