x,y,z,Bx,By,Bz,Ex,Ey,Ez
0.000000000000e+00,0.000000000000e+00,1.000000000000e+00,1.761407142645e-18,3.654693912062e-16,-3.928081216362e-17,-3.173005010736e+02,9.176639211954e-03,-6.101687941580e+00
