x,y,z,Bx,By,Bz,Ex,Ey,Ez
0.000000000000e+00,0.000000000000e+00,1.000000000000e+00,-7.136792110397e-17,5.555411488871e-15,-8.004608849308e-16,1.965377660952e+03,-6.954967963771e-02,-9.279091632231e+01
