x,y,z,Bx,By,Bz,Ex,Ey,Ez
0.000000000000e+00,0.000000000000e+00,1.000000000000e+00,1.777406991952e-19,6.404304053888e-17,4.810869573868e-18,-9.928029369615e+01,-3.521992573784e-04,-1.069905724289e+00
