x,y,z,Bx,By,Bz,Ex,Ey,Ez
0.000000000000e+00,0.000000000000e+00,1.000000000000e+00,2.776584799308e-19,9.076930976243e-17,1.821023957926e-18,-1.253109493870e+02,-2.557266337836e-05,-1.516760909430e+00
