x,y,z,Bx,By,Bz,Ex,Ey,Ez
0.000000000000e+00,0.000000000000e+00,1.000000000000e+00,8.227624918852e-19,1.717250576908e-16,-3.827547573131e-17,-1.917310759277e+02,7.570346003268e-03,-2.868963593550e+00
