x,y,z,Bx,By,Bz,Ex,Ey,Ez
0.000000000000e+00,0.000000000000e+00,1.000000000000e+00,1.777157354956e-18,3.054394906262e-16,-5.037926198017e-17,-2.815956969225e+02,-3.410754925485e-03,-5.102872089532e+00
