x,y,z,Bx,By,Bz,Ex,Ey,Ez
0.000000000000e+00,0.000000000000e+00,1.000000000000e+00,-9.088480436691e-18,1.194844054290e-15,-6.621792632584e-17,7.003574303879e+02,1.517132491620e-02,-1.995204249009e+01
