x,y,z,Bx,By,Bz,Ex,Ey,Ez
0.000000000000e+00,0.000000000000e+00,1.000000000000e+00,-2.130281044414e-17,2.389676515570e-15,-3.736689990704e-16,1.115628676659e+03,-7.289734911674e-02,-3.995350127164e+01
