x,y,z,Bx,By,Bz,Ex,Ey,Ez
0.000000000000e+00,0.000000000000e+00,1.000000000000e+00,-6.838407731503e-19,1.676403612161e-16,8.739197333456e-18,1.884647853100e+02,1.243867397734e-03,-2.796522479820e+00
