x,y,z,Bx,By,Bz,Ex,Ey,Ez
0.000000000000e+00,0.000000000000e+00,1.000000000000e+00,-3.494089118819e-19,1.135869186919e-16,-2.886348446284e-18,1.455485092585e+02,3.661347707376e-03,-1.898285546044e+00
