x,y,z,Bx,By,Bz,Ex,Ey,Ez
0.000000000000e+00,0.000000000000e+00,1.000000000000e+00,-2.680758916937e-19,9.558224957063e-17,1.795680284619e-17,1.296072390015e+02,-2.618061785753e-03,-1.595432892225e+00
