x,y,z,Bx,By,Bz,Ex,Ey,Ez
0.000000000000e+00,0.000000000000e+00,1.000000000000e+00,-3.747357000166e-19,1.002483176950e-16,-7.958400154631e-18,1.338181592016e+02,2.035279293903e-03,-1.673727986778e+00
