x,y,z,Bx,By,Bz,Ex,Ey,Ez
0.000000000000e+00,0.000000000000e+00,1.000000000000e+00,-5.450166597837e-19,1.425227000003e-16,-3.770769000706e-17,1.692926288422e+02,4.564992834915e-04,-2.380582745099e+00
