x,y,z,Bx,By,Bz,Ex,Ey,Ez
0.000000000000e+00,0.000000000000e+00,1.000000000000e+00,2.796204287938e-19,9.108420129012e-17,1.827667552539e-19,-1.256009958589e+02,1.445646008471e-04,-1.522018124426e+00
