x,y,z,Bx,By,Bz,Ex,Ey,Ez
0.000000000000e+00,0.000000000000e+00,1.000000000000e+00,-7.705183374551e-16,3.503464480376e-14,-2.338280323226e-15,6.882598101829e+03,2.623885610888e+00,-5.859124530419e+02
