x,y,z,Bx,By,Bz,Ex,Ey,Ez
0.000000000000e+00,0.000000000000e+00,1.000000000000e+00,2.190214850061e-18,4.051429368614e-16,-2.652386884930e-17,-3.400136779748e+02,3.660490871916e-03,-6.767371040394e+00
