x,y,z,Bx,By,Bz,Ex,Ey,Ez
0.000000000000e+00,0.000000000000e+00,1.000000000000e+00,-1.872206113299e-17,1.980204758825e-15,-1.934114975498e-16,9.826649224335e+02,-2.565698347008e-02,-3.306877616022e+01
