x,y,z,Bx,By,Bz,Ex,Ey,Ez
0.000000000000e+00,0.000000000000e+00,1.000000000000e+00,-1.093128355651e-17,1.547875711001e-15,-1.668324774773e-16,8.335693820162e+02,1.114336791545e-01,-2.586721551542e+01
