x,y,z,Bx,By,Bz,Ex,Ey,Ez
0.000000000000e+00,0.000000000000e+00,1.000000000000e+00,3.264663869144e-12,1.919344620359e-11,-1.093234661633e-11,-1.731903067924e+06,2.481495771872e+03,-3.208986050064e+05
