x,y,z,Bx,By,Bz,Ex,Ey,Ez
0.000000000000e+00,0.000000000000e+00,1.000000000000e+00,7.854472226880e-19,2.218845884703e-16,-3.803656039405e-17,-2.275584945754e+02,-2.889058715958e-03,-3.708014516765e+00
