x,y,z,Bx,By,Bz,Ex,Ey,Ez
0.000000000000e+00,0.000000000000e+00,1.000000000000e+00,1.139829103257e-17,1.405934771061e-15,-2.473670888701e-16,-7.815947283641e+02,2.213726230953e-02,-2.349550969013e+01
