x,y,z,Bx,By,Bz,Ex,Ey,Ez
0.000000000000e+00,0.000000000000e+00,1.000000000000e+00,1.409326150071e-16,9.622182806098e-15,-1.244110835613e-15,-2.849794017822e+03,-9.104988201322e-02,-1.608700473236e+02
