x,y,z,Bx,By,Bz,Ex,Ey,Ez
0.000000000000e+00,0.000000000000e+00,1.000000000000e+00,5.010051648622e-11,1.566768854838e-10,2.770003925485e-11,-2.236919551855e+06,-3.501243643296e+05,-2.620953773507e+06
