x,y,z,Bx,By,Bz,Ex,Ey,Ez
0.000000000000e+00,0.000000000000e+00,1.000000000000e+00,-4.075312563632e-19,1.063073140209e-16,-9.901827121395e-18,1.392448138760e+02,-5.547164422957e-04,-1.776466171220e+00
