x,y,z,Bx,By,Bz,Ex,Ey,Ez
0.000000000000e+00,0.000000000000e+00,1.000000000000e+00,-2.557633766549e-19,9.507474841026e-17,1.633698361363e-17,1.291529362845e+02,-3.352125615460e-03,-1.587037073817e+00
