x,y,z,Bx,By,Bz,Ex,Ey,Ez
0.000000000000e+00,0.000000000000e+00,1.000000000000e+00,-1.452285157724e-18,3.030233891165e-16,-2.016173116368e-17,2.801327565884e+02,2.994587090471e-02,-5.063173437351e+00
