x,y,z,Bx,By,Bz,Ex,Ey,Ez
0.000000000000e+00,0.000000000000e+00,1.000000000000e+00,7.118981600870e-19,1.919763482896e-16,-1.820670575805e-18,-2.064814710173e+02,2.766456135231e-03,-3.205975809785e+00
