x,y,z,Bx,By,Bz,Ex,Ey,Ez
0.000000000000e+00,0.000000000000e+00,1.000000000000e+00,-5.733762252519e-19,1.471388434666e-16,-3.919736944282e-17,1.729838596448e+02,-4.630980404155e-03,-2.458800121219e+00
