x,y,z,Bx,By,Bz,Ex,Ey,Ez
0.000000000000e+00,0.000000000000e+00,1.000000000000e+00,4.590983178785e-19,1.521147335471e-16,2.944784107454e-17,-1.767616976657e+02,-3.942204365901e-03,-2.540402253904e+00
