x,y,z,Bx,By,Bz,Ex,Ey,Ez
0.000000000000e+00,0.000000000000e+00,1.000000000000e+00,-3.518298665430e-19,1.131606162256e-16,-4.820381176956e-19,1.451864292388e+02,3.486362150349e-03,-1.891230110611e+00
