x,y,z,Bx,By,Bz,Ex,Ey,Ez
0.000000000000e+00,0.000000000000e+00,1.000000000000e+00,-2.528598523669e-19,6.929992173210e-17,-1.323900628879e-17,1.045904926542e+02,-3.280402569202e-03,-1.156714696029e+00
