x,y,z,Bx,By,Bz,Ex,Ey,Ez
0.000000000000e+00,0.000000000000e+00,1.000000000000e+00,2.851262789014e-19,8.476858046668e-17,-1.205048427999e-17,-1.197272219883e+02,-3.335605873590e-03,-1.416523671452e+00
