x,y,z,Bx,By,Bz,Ex,Ey,Ez
0.000000000000e+00,0.000000000000e+00,1.000000000000e+00,1.722226036981e-19,6.364893090002e-17,1.559168477685e-18,-9.887434902956e+01,-6.477644476656e-04,-1.063343934575e+00
