x,y,z,Bx,By,Bz,Ex,Ey,Ez
0.000000000000e+00,0.000000000000e+00,1.000000000000e+00,-2.808991156489e-19,9.609176161112e-17,1.836947042863e-17,1.300642739822e+02,-1.849358352841e-03,-1.603888364911e+00
