x,y,z,Bx,By,Bz,Ex,Ey,Ez
0.000000000000e+00,0.000000000000e+00,1.000000000000e+00,5.190250246736e-19,1.099917699459e-16,6.840998944813e-18,-1.423346377667e+02,4.809143104152e-03,-1.836104324028e+00
