x,y,z,Bx,By,Bz,Ex,Ey,Ez
0.000000000000e+00,0.000000000000e+00,1.000000000000e+00,-1.182469462544e-18,2.436712323613e-16,2.885274563017e-17,2.419561482362e+02,-8.781184995333e-03,-4.066618173076e+00
