x,y,z,Bx,By,Bz,Ex,Ey,Ez
0.000000000000e+00,0.000000000000e+00,1.000000000000e+00,-2.733257054257e-18,4.316081671776e-16,6.107205656160e-17,3.546119385303e+02,-4.499114142471e-02,-7.209797180458e+00
