x,y,z,Bx,By,Bz,Ex,Ey,Ez
0.000000000000e+00,0.000000000000e+00,1.000000000000e+00,3.018750174932e-19,1.051516557586e-16,1.405643783564e-17,-1.380551395744e+02,-7.479338069637e-04,-1.753920758446e+00
