x,y,z,Bx,By,Bz,Ex,Ey,Ez
0.000000000000e+00,0.000000000000e+00,1.000000000000e+00,-6.586882859746e-19,1.916656317665e-16,-1.630978710970e-17,2.064959283204e+02,1.875891086486e-02,-3.205900915028e+00
