x,y,z,Bx,By,Bz,Ex,Ey,Ez
0.000000000000e+00,0.000000000000e+00,1.000000000000e+00,7.458796711979e-19,1.783929841337e-16,-3.474393741394e-17,-1.967554946274e+02,2.497392366212e-03,-2.982252667474e+00
