x,y,z,Bx,By,Bz,Ex,Ey,Ez
0.000000000000e+00,0.000000000000e+00,1.000000000000e+00,-2.021620211589e-19,9.126339282396e-17,-2.363007778963e-17,1.257549418550e+02,-4.740564719904e-03,-1.524607861575e+00
