x,y,z,Bx,By,Bz,Ex,Ey,Ez
0.000000000000e+00,0.000000000000e+00,1.000000000000e+00,1.085631924853e-15,4.486859676532e-14,-5.379690956469e-15,-8.175530109499e+03,1.329606998226e+00,-7.501408646163e+02
