x,y,z,Bx,By,Bz,Ex,Ey,Ez
0.000000000000e+00,0.000000000000e+00,1.000000000000e+00,4.253591426331e-19,1.263895517875e-16,-4.139352832199e-17,-1.562613562111e+02,3.292546753500e-03,-2.111041243695e+00
