x,y,z,Bx,By,Bz,Ex,Ey,Ez
0.000000000000e+00,0.000000000000e+00,1.000000000000e+00,2.481471864162e-19,9.731503908034e-17,-2.271527760120e-17,-1.313057168494e+02,-2.818995734530e-03,-1.626671250504e+00
