x,y,z,Bx,By,Bz,Ex,Ey,Ez
0.000000000000e+00,0.000000000000e+00,1.000000000000e+00,1.508952171009e-16,1.027818451646e-14,-1.341768392101e-15,-2.979945695679e+03,-2.565536559110e-01,-1.718321631100e+02
