x,y,z,Bx,By,Bz,Ex,Ey,Ez
0.000000000000e+00,0.000000000000e+00,1.000000000000e+00,6.168878856654e-15,1.670325274855e-13,-1.765317184215e-14,-2.077814927265e+04,-8.889702400181e+00,-2.789855458679e+03
