x,y,z,Bx,By,Bz,Ex,Ey,Ez
0.000000000000e+00,0.000000000000e+00,1.000000000000e+00,2.911241992516e-19,9.315607510060e-17,-1.287909589452e-17,-1.275116820006e+02,3.742017599609e-04,-1.556788168061e+00
