x,y,z,Bx,By,Bz,Ex,Ey,Ez
0.000000000000e+00,0.000000000000e+00,1.000000000000e+00,-2.358868966086e-17,2.727761556201e-15,-4.414682448773e-16,1.218210883013e+03,-2.519073750343e-01,-4.555722851346e+01
