x,y,z,Bx,By,Bz,Ex,Ey,Ez
0.000000000000e+00,0.000000000000e+00,1.000000000000e+00,1.618797874424e-19,6.843346776408e-17,-8.067363156909e-18,-1.038203241366e+02,4.253587739653e-03,-1.143953849233e+00
