x,y,z,Bx,By,Bz,Ex,Ey,Ez
0.000000000000e+00,0.000000000000e+00,1.000000000000e+00,2.454696603304e-18,4.290978305582e-16,-1.617815456328e-17,-3.533209597584e+02,9.824514541122e-03,-7.167769325889e+00
