x,y,z,Bx,By,Bz,Ex,Ey,Ez
0.000000000000e+00,0.000000000000e+00,1.000000000000e+00,1.597735415836e-18,2.949101001402e-16,-5.190442684690e-17,-2.748987107106e+02,2.159441280580e-03,-4.922079599824e+00
