x,y,z,Bx,By,Bz,Ex,Ey,Ez
0.000000000000e+00,0.000000000000e+00,1.000000000000e+00,1.099554666910e-18,2.400242537535e-16,-2.666158232728e-17,-2.396880174995e+02,-9.208345062448e-03,-4.008399377923e+00
