x,y,z,Bx,By,Bz,Ex,Ey,Ez
0.000000000000e+00,0.000000000000e+00,1.000000000000e+00,2.793987601962e-19,8.650250798922e-17,-5.576485201564e-19,-1.213603964680e+02,-3.252841143248e-03,-1.445642844253e+00
