x,y,z,Bx,By,Bz,Ex,Ey,Ez
0.000000000000e+00,0.000000000000e+00,1.000000000000e+00,-4.608141659076e-18,7.558028562052e-16,-1.406186980616e-16,5.160747013585e+02,-1.020446151711e-02,-1.263217910985e+01
