x,y,z,Bx,By,Bz,Ex,Ey,Ez
0.000000000000e+00,0.000000000000e+00,1.000000000000e+00,-4.644461017443e-18,7.102248252492e-16,-1.096072817212e-16,4.949696620792e+02,1.200703980844e-02,-1.186815017251e+01
