x,y,z,Bx,By,Bz,Ex,Ey,Ez
0.000000000000e+00,0.000000000000e+00,1.000000000000e+00,-3.548991196573e-18,6.194069818687e-16,-4.829909236392e-17,4.514561334045e+02,2.071094913016e-02,-1.034307893101e+01
