x,y,z,Bx,By,Bz,Ex,Ey,Ez
0.000000000000e+00,0.000000000000e+00,1.000000000000e+00,1.992944181804e-19,1.014930420567e-16,-4.286243837934e-19,-1.349380385296e+02,-3.944456392701e-03,-1.694730464385e+00
