x,y,z,Bx,By,Bz,Ex,Ey,Ez
0.000000000000e+00,0.000000000000e+00,1.000000000000e+00,-2.126606051607e-19,8.935242882427e-17,-4.088572363355e-17,1.240338097425e+02,-1.709388791535e-03,-1.493353136515e+00
