x,y,z,Bx,By,Bz,Ex,Ey,Ez
0.000000000000e+00,0.000000000000e+00,1.000000000000e+00,-1.550186716233e-18,3.737365098734e-16,-1.195434928948e-16,3.220927218872e+02,-2.112565653414e-02,-6.237587585517e+00
