x,y,z,Bx,By,Bz,Ex,Ey,Ez
0.000000000000e+00,0.000000000000e+00,1.000000000000e+00,4.762777113680e-18,7.673739033023e-16,-1.197463126026e-16,-5.208845481828e+02,4.676684742786e-02,-1.281135061992e+01
