x,y,z,Bx,By,Bz,Ex,Ey,Ez
0.000000000000e+00,0.000000000000e+00,1.000000000000e+00,-9.643567375372e-19,1.755122971322e-16,6.917750220344e-18,1.944751111575e+02,6.959911611997e-03,-2.931292456978e+00
