x,y,z,Bx,By,Bz,Ex,Ey,Ez
0.000000000000e+00,0.000000000000e+00,1.000000000000e+00,-3.070410223213e-15,9.649403735133e-14,-8.462065827239e-15,1.398556878429e+04,-5.363643608600e-01,-1.611810273658e+03
