x,y,z,Bx,By,Bz,Ex,Ey,Ez
0.000000000000e+00,0.000000000000e+00,1.000000000000e+00,1.643296512877e-19,6.832514762667e-17,-6.955552136174e-18,-1.037110221497e+02,4.262725600332e-03,-1.142155920243e+00
