x,y,z,Bx,By,Bz,Ex,Ey,Ez
0.000000000000e+00,0.000000000000e+00,1.000000000000e+00,-1.101204757941e-17,1.561891972457e-15,-1.828254803675e-16,8.385730806745e+02,1.101787753854e-01,-2.609861027243e+01
