x,y,z,Bx,By,Bz,Ex,Ey,Ez
0.000000000000e+00,0.000000000000e+00,1.000000000000e+00,2.168514103173e-18,4.017047024318e-16,-3.092024030652e-17,-3.380838882563e+02,3.368159893426e-03,-6.709903230985e+00
