x,y,z,Bx,By,Bz,Ex,Ey,Ez
0.000000000000e+00,0.000000000000e+00,1.000000000000e+00,6.497636898169e-19,1.860230704772e-16,-1.089891673100e-17,-2.022677174723e+02,7.908587058425e-04,-3.108385840163e+00
