x,y,z,Bx,By,Bz,Ex,Ey,Ez
0.000000000000e+00,0.000000000000e+00,1.000000000000e+00,3.433604956720e-17,3.467187343604e-15,-3.853688770713e-16,-1.431394194970e+03,2.362295420290e-02,-5.792587036589e+01
