x,y,z,Bx,By,Bz,Ex,Ey,Ez
0.000000000000e+00,0.000000000000e+00,1.000000000000e+00,-7.869380587935e-19,2.210043210219e-16,-3.974492149942e-17,2.268546024839e+02,-2.858588234276e-02,-3.690716191636e+00
