x,y,z,Bx,By,Bz,Ex,Ey,Ez
0.000000000000e+00,0.000000000000e+00,1.000000000000e+00,4.495159145802e-19,1.486885904210e-16,2.232153071807e-17,-1.741309799631e+02,-8.775438992257e-03,-2.483855103114e+00
