x,y,z,Bx,By,Bz,Ex,Ey,Ez
0.000000000000e+00,0.000000000000e+00,1.000000000000e+00,7.237215609094e-17,5.829298054912e-15,-3.667110877889e-16,-2.029202724239e+03,1.311459094381e-02,-9.734773834646e+01
