x,y,z,Bx,By,Bz,Ex,Ey,Ez
0.000000000000e+00,0.000000000000e+00,1.000000000000e+00,-3.638741241606e-18,6.255539638310e-16,-4.846873784237e-17,4.544397818675e+02,2.116843639960e-02,-1.044551670700e+01
