x,y,z,Bx,By,Bz,Ex,Ey,Ez
0.000000000000e+00,0.000000000000e+00,1.000000000000e+00,-1.000145804058e-18,2.367887021986e-16,4.086733354652e-17,2.373698527750e+02,-1.761711332572e-02,-3.951484579600e+00
