x,y,z,Bx,By,Bz,Ex,Ey,Ez
0.000000000000e+00,0.000000000000e+00,1.000000000000e+00,1.475458647579e-17,1.783034198343e-15,-7.057576403995e-17,-9.160609831542e+02,-8.150908556419e-02,-2.979039173197e+01
