x,y,z,Bx,By,Bz,Ex,Ey,Ez
0.000000000000e+00,0.000000000000e+00,1.000000000000e+00,5.194337862129e-19,1.135643831227e-16,-1.622871426631e-18,-1.455443234649e+02,7.130983787823e-03,-1.898395551689e+00
