x,y,z,Bx,By,Bz,Ex,Ey,Ez
0.000000000000e+00,0.000000000000e+00,1.000000000000e+00,1.391504129465e-18,3.347117950340e-16,5.667261351886e-18,-2.994266179635e+02,-3.343891509137e-04,-5.594688192343e+00
