x,y,z,Bx,By,Bz,Ex,Ey,Ez
0.000000000000e+00,0.000000000000e+00,1.000000000000e+00,-1.660650594593e-19,6.141309706883e-17,-1.433392136509e-17,9.659251550803e+01,1.491361874551e-03,-1.026619430647e+00
