x,y,z,Bx,By,Bz,Ex,Ey,Ez
0.000000000000e+00,0.000000000000e+00,1.000000000000e+00,-1.100688462946e-17,1.369610735795e-15,-2.900066684077e-17,7.680127655774e+02,7.172729763968e-02,-2.289795044718e+01
