x,y,z,Bx,By,Bz,Ex,Ey,Ez
0.000000000000e+00,0.000000000000e+00,1.000000000000e+00,-5.541421879170e-18,8.637875028659e-16,-1.003858538228e-16,5.638129556572e+02,-6.184568117387e-02,-1.442231794420e+01
