x,y,z,Bx,By,Bz,Ex,Ey,Ez
0.000000000000e+00,0.000000000000e+00,1.000000000000e+00,1.314403287098e-17,1.633984836960e-15,-1.921811114036e-16,-8.641729180757e+02,-8.374564107733e-02,-2.730059452065e+01
