x,y,z,Bx,By,Bz,Ex,Ey,Ez
0.000000000000e+00,0.000000000000e+00,1.000000000000e+00,3.611073279483e-17,3.591558094168e-15,-4.020886445451e-16,-1.465546633158e+03,9.148404564916e-03,-5.999448630507e+01
