x,y,z,Bx,By,Bz,Ex,Ey,Ez
0.000000000000e+00,0.000000000000e+00,1.000000000000e+00,8.806598774254e-17,6.618889612860e-15,-4.610849142026e-16,-2.210662112352e+03,1.253147808181e-01,-1.105316723038e+02
