x,y,z,Bx,By,Bz,Ex,Ey,Ez
0.000000000000e+00,0.000000000000e+00,1.000000000000e+00,2.188187819177e-19,1.028292786006e-16,6.781927196061e-18,-1.360733937388e+02,-3.136096750169e-03,-1.716215103782e+00
