x,y,z,Bx,By,Bz,Ex,Ey,Ez
0.000000000000e+00,0.000000000000e+00,1.000000000000e+00,-5.099102737733e-19,1.402677072182e-16,-2.831530485737e-17,1.674879673376e+02,2.355221012115e-03,-2.342705850304e+00
