x,y,z,Bx,By,Bz,Ex,Ey,Ez
0.000000000000e+00,0.000000000000e+00,1.000000000000e+00,4.631916334957e-17,4.203012247096e-15,-4.138054425529e-16,-1.628558369547e+03,-6.432724063332e-02,-7.019314534307e+01
