x,y,z,Bx,By,Bz,Ex,Ey,Ez
0.000000000000e+00,0.000000000000e+00,1.000000000000e+00,1.121451251551e-18,2.411583202755e-16,-2.524641344291e-17,-2.404536861599e+02,-9.398492858226e-03,-4.027632798639e+00
