x,y,z,Bx,By,Bz,Ex,Ey,Ez
0.000000000000e+00,0.000000000000e+00,1.000000000000e+00,-9.296235014483e-17,7.601875025251e-15,-3.222362902276e-16,2.429814725407e+03,2.184999179984e-01,-1.271110157397e+02
