x,y,z,Bx,By,Bz,Ex,Ey,Ez
0.000000000000e+00,0.000000000000e+00,1.000000000000e+00,-1.074163469885e-18,2.396363780636e-16,3.858071088482e-17,2.392635266768e+02,-1.375096769631e-02,-3.998922712328e+00
