x,y,z,Bx,By,Bz,Ex,Ey,Ez
0.000000000000e+00,0.000000000000e+00,1.000000000000e+00,8.289457594932e-19,2.283368046780e-16,-3.510408458559e-17,-2.318618534366e+02,-5.631607212360e-03,-3.813625190513e+00
