x,y,z,Bx,By,Bz,Ex,Ey,Ez
0.000000000000e+00,0.000000000000e+00,1.000000000000e+00,9.484621208598e-19,2.094030249698e-16,-3.539165228069e-17,-2.189621683818e+02,3.587820833255e-03,-3.500316113800e+00
