x,y,z,Bx,By,Bz,Ex,Ey,Ez
0.000000000000e+00,0.000000000000e+00,1.000000000000e+00,-4.160690988791e-17,3.613130221077e-15,2.615817738489e-16,1.470327177511e+03,1.166589728582e-01,-6.035972000637e+01
