x,y,z,Bx,By,Bz,Ex,Ey,Ez
0.000000000000e+00,0.000000000000e+00,1.000000000000e+00,1.895084234663e-18,3.725783979035e-16,-4.785937611112e-17,-3.214236883983e+02,8.001750323448e-03,-6.220735685218e+00
