x,y,z,Bx,By,Bz,Ex,Ey,Ez
0.000000000000e+00,0.000000000000e+00,1.000000000000e+00,4.890701135607e-19,1.344579380919e-16,-4.202649364507e-17,-1.629050939285e+02,-9.103107122550e-03,-2.247034693297e+00
