x,y,z,Bx,By,Bz,Ex,Ey,Ez
0.000000000000e+00,0.000000000000e+00,1.000000000000e+00,-7.219985081807e-17,5.593094830817e-15,-7.803947050277e-16,1.974385215864e+03,-8.126499589725e-02,-9.342468141537e+01
