x,y,z,Bx,By,Bz,Ex,Ey,Ez
0.000000000000e+00,0.000000000000e+00,1.000000000000e+00,2.235102717499e-18,4.109671513426e-16,-2.005980047627e-17,-3.432673662795e+02,4.640352667703e-03,-6.864617507253e+00
