x,y,z,Bx,By,Bz,Ex,Ey,Ez
0.000000000000e+00,0.000000000000e+00,1.000000000000e+00,5.831620187977e-18,8.121733720037e-16,-1.690200975049e-16,-5.411115201303e+02,2.223625950729e-02,-1.356141219025e+01
