x,y,z,Bx,By,Bz,Ex,Ey,Ez
0.000000000000e+00,0.000000000000e+00,1.000000000000e+00,1.536552979363e-12,1.127715467075e-11,-5.104735096332e-12,-9.913285601326e+05,1.621575566514e+03,-1.884893417628e+05
