x,y,z,Bx,By,Bz,Ex,Ey,Ez
0.000000000000e+00,0.000000000000e+00,1.000000000000e+00,9.938507678339e-18,1.235074844792e-15,-6.318367305141e-17,-7.159978674191e+02,4.890815523546e-02,-2.061763936584e+01
