x,y,z,Bx,By,Bz,Ex,Ey,Ez
0.000000000000e+00,0.000000000000e+00,1.000000000000e+00,1.671072056767e-16,1.128329362886e-14,-1.383876011651e-15,-3.173803180496e+03,-5.035022463651e-01,-1.885917276156e+02
