x,y,z,Bx,By,Bz,Ex,Ey,Ez
0.000000000000e+00,0.000000000000e+00,1.000000000000e+00,5.894397771326e-18,8.150608013550e-16,-1.700484985421e-16,-5.424130397761e+02,2.030215177280e-02,-1.361020489829e+01
