x,y,z,Bx,By,Bz,Ex,Ey,Ez
0.000000000000e+00,0.000000000000e+00,1.000000000000e+00,6.976337987963e-18,1.107306055844e-15,-1.062367326158e-17,-6.654247984309e+02,5.890861246737e-04,-1.848002072735e+01
