x,y,z,Bx,By,Bz,Ex,Ey,Ez
0.000000000000e+00,0.000000000000e+00,1.000000000000e+00,1.516161279424e-14,3.333528574398e-13,-3.664482216532e-14,-3.482758238136e+04,-9.082566950544e+00,-5.567527714052e+03
