x,y,z,Bx,By,Bz,Ex,Ey,Ez
0.000000000000e+00,0.000000000000e+00,1.000000000000e+00,5.339002490846e-19,1.127522051178e-16,-1.262010458625e-19,-1.448216573210e+02,6.725701211508e-03,-1.884319971454e+00
