x,y,z,Bx,By,Bz,Ex,Ey,Ez
0.000000000000e+00,0.000000000000e+00,1.000000000000e+00,8.897769900372e-15,2.212293576344e-13,-2.355752466874e-14,-2.556272385113e+04,-1.009628974449e+01,-3.695629474024e+03
