x,y,z,Bx,By,Bz,Ex,Ey,Ez
0.000000000000e+00,0.000000000000e+00,1.000000000000e+00,-3.838302843787e-13,4.063297929658e-12,-1.062836879124e-12,3.214157306307e+05,-1.705837517594e+02,-6.778479421890e+04
