x,y,z,Bx,By,Bz,Ex,Ey,Ez
0.000000000000e+00,0.000000000000e+00,1.000000000000e+00,4.055812713883e-18,7.151456389314e-16,-1.537167216435e-17,-4.971237901104e+02,4.597659044502e-02,-1.194987906068e+01
