x,y,z,Bx,By,Bz,Ex,Ey,Ez
0.000000000000e+00,0.000000000000e+00,1.000000000000e+00,-1.392503538621e-15,5.544117847846e-14,-7.078685157300e-15,9.463329708593e+03,2.251438775707e+00,-9.253526278132e+02
