x,y,z,Bx,By,Bz,Ex,Ey,Ez
0.000000000000e+00,0.000000000000e+00,1.000000000000e+00,-2.621462562285e-19,8.131980061821e-17,1.503278595378e-17,1.164125262671e+02,9.162084880860e-04,-1.358286796892e+00
