x,y,z,Bx,By,Bz,Ex,Ey,Ez
0.000000000000e+00,0.000000000000e+00,1.000000000000e+00,-1.969546918150e-17,2.047879466375e-15,-1.744460654403e-16,1.005279963074e+03,-2.837629409884e-02,-3.421173975029e+01
