x,y,z,Bx,By,Bz,Ex,Ey,Ez
0.000000000000e+00,0.000000000000e+00,1.000000000000e+00,-7.367642576482e-13,6.617717174533e-12,-2.231996382679e-12,5.440862613227e+05,-1.938200705246e+02,-1.103897421394e+05
