x,y,z,Bx,By,Bz,Ex,Ey,Ez
0.000000000000e+00,0.000000000000e+00,1.000000000000e+00,-2.464567938617e-19,6.908698176873e-17,-1.528354961336e-17,1.043709734064e+02,-3.126299724037e-03,-1.153063523984e+00
