x,y,z,Bx,By,Bz,Ex,Ey,Ez
0.000000000000e+00,0.000000000000e+00,1.000000000000e+00,-2.006794594219e-19,7.659305615216e-17,-1.555144714250e-17,1.118942533151e+02,-1.338004579134e-04,-1.279920588038e+00
