x,y,z,Bx,By,Bz,Ex,Ey,Ez
0.000000000000e+00,0.000000000000e+00,1.000000000000e+00,-1.715345309976e-19,6.113780680753e-17,-1.571532598455e-17,9.629967439923e+01,1.733954714045e-03,-1.021959550070e+00
