x,y,z,Bx,By,Bz,Ex,Ey,Ez
0.000000000000e+00,0.000000000000e+00,1.000000000000e+00,1.190105648239e-17,1.500843881586e-15,-2.722558551646e-16,-8.165427326159e+02,-2.895710164510e-02,-2.508079363148e+01
