x,y,z,Bx,By,Bz,Ex,Ey,Ez
0.000000000000e+00,0.000000000000e+00,1.000000000000e+00,-3.562418278266e-16,1.947716676015e-14,-1.283471218182e-15,4.594748612022e+03,-1.042079153038e+00,-3.252761078194e+02
