x,y,z,Bx,By,Bz,Ex,Ey,Ez
0.000000000000e+00,0.000000000000e+00,1.000000000000e+00,-2.975418335620e-16,1.707775322995e-14,-1.349892441935e-15,4.203161706206e+03,-1.206797532786e+00,-2.853571996940e+02
