x,y,z,Bx,By,Bz,Ex,Ey,Ez
0.000000000000e+00,0.000000000000e+00,1.000000000000e+00,1.072482544693e-17,1.292203816342e-15,-1.277277483033e-16,-7.383011972711e+02,5.470921013751e-02,-2.158247890772e+01
