x,y,z,Bx,By,Bz,Ex,Ey,Ez
0.000000000000e+00,0.000000000000e+00,1.000000000000e+00,-1.088918086816e-17,1.442017491397e-15,-6.153756549163e-17,7.951101501346e+02,9.777868322865e-02,-2.411158515065e+01
