x,y,z,Bx,By,Bz,Ex,Ey,Ez
0.000000000000e+00,0.000000000000e+00,1.000000000000e+00,2.664316818473e-19,7.714790709196e-17,8.446589015968e-19,-1.123851282855e+02,6.841667933683e-04,-1.288346804528e+00
