x,y,z,Bx,By,Bz,Ex,Ey,Ez
0.000000000000e+00,0.000000000000e+00,1.000000000000e+00,-2.723491185516e-19,8.199391096516e-17,1.663606428152e-17,1.170626548148e+02,1.990586601931e-03,-1.369672999834e+00
