x,y,z,Bx,By,Bz,Ex,Ey,Ez
0.000000000000e+00,0.000000000000e+00,1.000000000000e+00,1.398771103997e-17,1.710300019503e-15,-1.237676353480e-16,-8.909114426336e+02,-9.130066941090e-02,-2.857487762966e+01
