x,y,z,Bx,By,Bz,Ex,Ey,Ez
0.000000000000e+00,0.000000000000e+00,1.000000000000e+00,-1.409161814908e-16,9.883834374935e-15,-1.402654261878e-15,2.898028533056e+03,1.783273943043e-01,-1.648542006814e+02
