x,y,z,Bx,By,Bz,Ex,Ey,Ez
0.000000000000e+00,0.000000000000e+00,1.000000000000e+00,1.756653150026e-18,3.108947834640e-16,-4.042081162763e-17,-2.850324226790e+02,-5.524741267670e-03,-5.196521654299e+00
