x,y,z,Bx,By,Bz,Ex,Ey,Ez
0.000000000000e+00,0.000000000000e+00,1.000000000000e+00,6.108533855074e-17,5.159683890461e-15,-3.719877120789e-16,-1.869383005617e+03,-6.460044550549e-02,-8.617875370483e+01
