x,y,z,Bx,By,Bz,Ex,Ey,Ez
0.000000000000e+00,0.000000000000e+00,1.000000000000e+00,-7.257748666558e-18,1.063318089024e-15,-2.516900488398e-17,6.480246977343e+02,-1.280073731249e-02,-1.776562931262e+01
