x,y,z,Bx,By,Bz,Ex,Ey,Ez
0.000000000000e+00,0.000000000000e+00,1.000000000000e+00,1.441681231718e-17,1.750211779923e-15,-9.202562202356e-17,-9.047515190786e+02,-8.773684931473e-02,-2.924182473748e+01
