x,y,z,Bx,By,Bz,Ex,Ey,Ez
0.000000000000e+00,0.000000000000e+00,1.000000000000e+00,-4.777766399267e-15,1.366292954919e-13,-1.286308874297e-14,1.796485223996e+04,2.540151660739e+00,-2.283689331702e+03
