x,y,z,Bx,By,Bz,Ex,Ey,Ez
0.000000000000e+00,0.000000000000e+00,1.000000000000e+00,1.483791471820e-17,1.791368051966e-15,-6.593403544158e-17,-9.189221669924e+02,-7.952441336043e-02,-2.992967214732e+01
