x,y,z,Bx,By,Bz,Ex,Ey,Ez
0.000000000000e+00,0.000000000000e+00,1.000000000000e+00,-4.570968052570e-19,1.609401210751e-16,1.173451690953e-17,1.834998426307e+02,-4.371748886868e-03,-2.686681195781e+00
