x,y,z,Bx,By,Bz,Ex,Ey,Ez
0.000000000000e+00,0.000000000000e+00,1.000000000000e+00,-1.514684044364e-14,3.330718740275e-13,-4.619633505213e-14,3.489541565745e+04,-1.483496234669e+01,-5.566127021102e+03
