x,y,z,Bx,By,Bz,Ex,Ey,Ez
0.000000000000e+00,0.000000000000e+00,1.000000000000e+00,1.978995259996e-16,1.287871932025e-14,-1.270721109740e-15,-3.469915601701e+03,-7.606849917917e-01,-2.151523929477e+02
