x,y,z,Bx,By,Bz,Ex,Ey,Ez
0.000000000000e+00,0.000000000000e+00,1.000000000000e+00,8.100437345026e-19,1.742608741410e-16,-4.062810782099e-17,-1.936633480949e+02,5.546059145822e-03,-2.912336275495e+00
