x,y,z,Bx,By,Bz,Ex,Ey,Ez
0.000000000000e+00,0.000000000000e+00,1.000000000000e+00,-1.740596824324e-18,3.822419280640e-16,-1.219898233815e-16,3.269046114755e+02,-3.258902435209e-02,-6.378041261478e+00
