x,y,z,Bx,By,Bz,Ex,Ey,Ez
0.000000000000e+00,0.000000000000e+00,1.000000000000e+00,2.753163022540e-19,8.739113815420e-17,3.929991782022e-18,-1.221899437374e+02,-2.746854765977e-03,-1.460501323245e+00
