x,y,z,Bx,By,Bz,Ex,Ey,Ez
0.000000000000e+00,0.000000000000e+00,1.000000000000e+00,-4.934851133873e-19,1.529317623130e-16,-1.499780495571e-17,1.775157020261e+02,-8.235279287847e-03,-2.556154587315e+00
