x,y,z,Bx,By,Bz,Ex,Ey,Ez
0.000000000000e+00,0.000000000000e+00,1.000000000000e+00,8.322810485486e-17,6.386210856459e-15,-4.212321586711e-16,-2.157865108622e+03,9.602714496008e-02,-1.066423749821e+02
