x,y,z,Bx,By,Bz,Ex,Ey,Ez
0.000000000000e+00,0.000000000000e+00,1.000000000000e+00,-2.557578132512e-17,2.849652854127e-15,-3.385414602716e-16,1.253925744556e+03,-2.962979799255e-01,-4.757208639130e+01
