x,y,z,Bx,By,Bz,Ex,Ey,Ez
0.000000000000e+00,0.000000000000e+00,1.000000000000e+00,1.733883040220e-17,2.047991597767e-15,-7.590352386525e-17,-1.004962699160e+03,6.462854151045e-03,-3.420902280662e+01
