x,y,z,Bx,By,Bz,Ex,Ey,Ez
0.000000000000e+00,0.000000000000e+00,1.000000000000e+00,5.153002481721e-18,7.838722504217e-16,-1.449645225226e-16,-5.283397406016e+02,3.952085201588e-02,-1.308599322321e+01
