x,y,z,Bx,By,Bz,Ex,Ey,Ez
0.000000000000e+00,0.000000000000e+00,1.000000000000e+00,4.512136548178e-19,1.433222073447e-16,-1.470671697512e-19,-1.699582393807e+02,-1.351290121709e-02,-2.394913223464e+00
