x,y,z,Bx,By,Bz,Ex,Ey,Ez
0.000000000000e+00,0.000000000000e+00,1.000000000000e+00,-2.448382550312e-17,2.787846459269e-15,-3.976223516536e-16,1.235880178017e+03,-2.772336666112e-01,-4.655002417610e+01
