x,y,z,Bx,By,Bz,Ex,Ey,Ez
0.000000000000e+00,0.000000000000e+00,1.000000000000e+00,-7.404437009625e-16,3.375453260315e-14,-2.046238639444e-15,6.707416577680e+03,2.356389759630e+00,-5.645202404007e+02
