x,y,z,Bx,By,Bz,Ex,Ey,Ez
0.000000000000e+00,0.000000000000e+00,1.000000000000e+00,1.792183225641e-19,6.414178014330e-17,5.579180662961e-18,-9.938218613862e+01,-2.605855421054e-04,-1.071554617365e+00
