x,y,z,Bx,By,Bz,Ex,Ey,Ez
0.000000000000e+00,0.000000000000e+00,1.000000000000e+00,-1.281504219560e-18,2.477636238819e-16,1.516316241436e-17,2.446969452103e+02,-4.828822840202e-03,-4.135838917230e+00
