x,y,z,Bx,By,Bz,Ex,Ey,Ez
0.000000000000e+00,0.000000000000e+00,1.000000000000e+00,5.397493705626e-19,1.121513248602e-16,1.132507896713e-18,-1.442832100865e+02,6.386565576834e-03,-1.873851864339e+00
