x,y,z,Bx,By,Bz,Ex,Ey,Ez
0.000000000000e+00,0.000000000000e+00,1.000000000000e+00,-2.615505668659e-18,4.840698181219e-16,2.917319906228e-17,3.830748490072e+02,3.012490440334e-02,-8.092579814579e+00
