x,y,z,Bx,By,Bz,Ex,Ey,Ez
0.000000000000e+00,0.000000000000e+00,1.000000000000e+00,8.000988158146e-19,2.261610584921e-16,-3.609708981425e-17,-2.304141144088e+02,-4.761468471671e-03,-3.777974220164e+00
