x,y,z,Bx,By,Bz,Ex,Ey,Ez
0.000000000000e+00,0.000000000000e+00,1.000000000000e+00,-1.742263856153e-13,2.220458805095e-12,-4.399106803969e-13,1.751463641219e+05,-9.162626428688e+01,-3.706196967034e+04
