x,y,z,Bx,By,Bz,Ex,Ey,Ez
0.000000000000e+00,0.000000000000e+00,1.000000000000e+00,-1.934109186246e-18,3.898476936924e-16,-1.129372502253e-16,3.311974608182e+02,-4.241706580543e-02,-6.504437006350e+00
