x,y,z,Bx,By,Bz,Ex,Ey,Ez
0.000000000000e+00,0.000000000000e+00,1.000000000000e+00,-1.195614410005e-19,6.332977043598e-17,-4.040035753606e-18,9.857869150374e+01,9.516809391852e-04,-1.058420573561e+00
