x,y,z,Bx,By,Bz,Ex,Ey,Ez
0.000000000000e+00,0.000000000000e+00,1.000000000000e+00,-1.223732376216e-17,1.664896680462e-15,-2.786149618892e-16,8.748746640649e+02,8.023455689572e-02,-2.779899349601e+01
