x,y,z,Bx,By,Bz,Ex,Ey,Ez
0.000000000000e+00,0.000000000000e+00,1.000000000000e+00,-2.029834793829e-19,7.608625302591e-17,-1.393435175191e-17,1.114076229147e+02,1.653948030860e-04,-1.271592456365e+00
