x,y,z,Bx,By,Bz,Ex,Ey,Ez
0.000000000000e+00,0.000000000000e+00,1.000000000000e+00,-2.727310834613e-18,4.573549183704e-16,9.521984612358e-17,3.687624090809e+02,-4.666452127210e-03,-7.645607794741e+00
