x,y,z,Bx,By,Bz,Ex,Ey,Ez
0.000000000000e+00,0.000000000000e+00,1.000000000000e+00,-2.747923732555e-18,5.309725231010e-16,-8.223035440364e-17,4.074570500887e+02,3.642587890632e-02,-8.872262248551e+00
