x,y,z,Bx,By,Bz,Ex,Ey,Ez
0.000000000000e+00,0.000000000000e+00,1.000000000000e+00,-1.617501221437e-17,1.853079831422e-15,-2.629538012305e-16,9.396834395423e+02,-1.430329925691e-03,-3.093008227068e+01
