x,y,z,Bx,By,Bz,Ex,Ey,Ez
0.000000000000e+00,0.000000000000e+00,1.000000000000e+00,-5.053822475650e-19,1.399879203265e-16,-2.684212569632e-17,1.672643031783e+02,2.527637895207e-03,-2.338027699528e+00
