x,y,z,Bx,By,Bz,Ex,Ey,Ez
0.000000000000e+00,0.000000000000e+00,1.000000000000e+00,-3.354459186151e-16,1.869390848460e-14,-1.306507808577e-15,4.468582981553e+03,-1.116713154310e+00,-3.122407655647e+02
