x,y,z,Bx,By,Bz,Ex,Ey,Ez
0.000000000000e+00,0.000000000000e+00,1.000000000000e+00,-7.408284186259e-19,1.882629245511e-16,1.535350604083e-18,2.040594677518e+02,1.758429422631e-02,-3.149725839029e+00
