x,y,z,Bx,By,Bz,Ex,Ey,Ez
0.000000000000e+00,0.000000000000e+00,1.000000000000e+00,1.403646940955e-15,5.536604254682e-14,-6.484697872937e-15,-9.464705028713e+03,-1.785814352910e-01,-9.253997144328e+02
