x,y,z,Bx,By,Bz,Ex,Ey,Ez
0.000000000000e+00,0.000000000000e+00,1.000000000000e+00,1.268150208850e-17,1.590316942464e-15,-2.283304830753e-16,-8.487003753898e+02,-7.078122059662e-02,-2.657222534730e+01
