x,y,z,Bx,By,Bz,Ex,Ey,Ez
0.000000000000e+00,0.000000000000e+00,1.000000000000e+00,-3.725168048977e-19,1.191106431514e-16,-3.335640606717e-17,1.501903923910e+02,1.163191651593e-03,-1.989543704235e+00
