x,y,z,Bx,By,Bz,Ex,Ey,Ez
0.000000000000e+00,0.000000000000e+00,1.000000000000e+00,4.910608532356e-19,1.339331907651e-16,-4.363224145222e-17,-1.624784257954e+02,-8.399786399211e-03,-2.238201027141e+00
