x,y,z,Bx,By,Bz,Ex,Ey,Ez
0.000000000000e+00,0.000000000000e+00,1.000000000000e+00,3.536752310010e-19,1.210954718148e-16,-1.969187233435e-17,-1.519143192462e+02,7.894930641542e-03,-2.023847677151e+00
