x,y,z,Bx,By,Bz,Ex,Ey,Ez
0.000000000000e+00,0.000000000000e+00,1.000000000000e+00,-2.546009637577e-19,8.676933851254e-17,-3.271051177735e-17,1.216463530305e+02,3.519736387982e-03,-1.450537167502e+00
