x,y,z,Bx,By,Bz,Ex,Ey,Ez
0.000000000000e+00,0.000000000000e+00,1.000000000000e+00,4.474143494249e-18,6.503239814735e-16,4.243260813073e-17,-4.665494511867e+02,-5.827545030734e-04,-1.086970473245e+01
