x,y,z,Bx,By,Bz,Ex,Ey,Ez
0.000000000000e+00,0.000000000000e+00,1.000000000000e+00,-4.099755958767e-18,6.552314851469e-16,-6.115619471087e-17,4.687684818162e+02,2.254913012612e-02,-1.094186715919e+01
