x,y,z,Bx,By,Bz,Ex,Ey,Ez
0.000000000000e+00,0.000000000000e+00,1.000000000000e+00,5.081740659112e-19,1.096038498735e-16,7.986135789213e-18,-1.419846687903e+02,4.455250660593e-03,-1.829346741852e+00
