x,y,z,Bx,By,Bz,Ex,Ey,Ez
0.000000000000e+00,0.000000000000e+00,1.000000000000e+00,1.669000253567e-19,6.315863866489e-17,-2.559941268816e-18,-9.837046822113e+01,-8.526690879638e-04,-1.055217267006e+00
