x,y,z,Bx,By,Bz,Ex,Ey,Ez
0.000000000000e+00,0.000000000000e+00,1.000000000000e+00,6.565415969437e-17,5.443875508330e-15,-3.640384873978e-16,-1.937975480626e+03,-3.845696515582e-02,-9.091973614191e+01
