x,y,z,Bx,By,Bz,Ex,Ey,Ez
0.000000000000e+00,0.000000000000e+00,1.000000000000e+00,2.245731606790e-18,4.121457802118e-16,-1.898136124303e-17,-3.439238100413e+02,4.903661059808e-03,-6.884290071511e+00
