x,y,z,Bx,By,Bz,Ex,Ey,Ez
0.000000000000e+00,0.000000000000e+00,1.000000000000e+00,-7.308052070303e-16,3.334197255748e-14,-1.958076778754e-15,6.650525285183e+03,2.262805900857e+00,-5.576203595614e+02
