x,y,z,Bx,By,Bz,Ex,Ey,Ez
0.000000000000e+00,0.000000000000e+00,1.000000000000e+00,2.312547069692e-17,2.417263409656e-15,-2.014101487198e-16,-1.123049903677e+03,5.138490687347e-02,-4.036967369536e+01
