x,y,z,Bx,By,Bz,Ex,Ey,Ez
0.000000000000e+00,0.000000000000e+00,1.000000000000e+00,-2.882649786681e-14,5.487000833763e-13,-7.331363454233e-14,5.159354016956e+04,-4.304802116222e+01,-9.170245312381e+03
