x,y,z,Bx,By,Bz,Ex,Ey,Ez
0.000000000000e+00,0.000000000000e+00,1.000000000000e+00,2.402045466010e-18,4.253972578901e-16,-1.457922483282e-17,-3.512741499556e+02,8.714912037160e-03,-7.105733547238e+00
