x,y,z,Bx,By,Bz,Ex,Ey,Ez
0.000000000000e+00,0.000000000000e+00,1.000000000000e+00,-2.257263224571e-19,8.842331827169e-17,-4.262286802659e-17,1.231845417019e+02,2.743052113100e-04,-1.478050214107e+00
