x,y,z,Bx,By,Bz,Ex,Ey,Ez
0.000000000000e+00,0.000000000000e+00,1.000000000000e+00,2.136227530453e-16,1.360054554619e-14,-1.182642249937e-15,-3.600048417397e+03,-8.037039947013e-01,-2.271746720063e+02
