x,y,z,Bx,By,Bz,Ex,Ey,Ez
0.000000000000e+00,0.000000000000e+00,1.000000000000e+00,-9.347703529298e-19,1.740675565296e-16,6.040184913213e-18,1.933609479625e+02,5.890742733168e-03,-2.906169093866e+00
