x,y,z,Bx,By,Bz,Ex,Ey,Ez
0.000000000000e+00,0.000000000000e+00,1.000000000000e+00,-6.244061656804e-19,2.010797423216e-16,-8.554852361856e-17,2.131053430855e+02,1.039986764370e-02,-3.359961529988e+00
