x,y,z,Bx,By,Bz,Ex,Ey,Ez
0.000000000000e+00,0.000000000000e+00,1.000000000000e+00,-1.360079473243e-18,2.953379053659e-16,5.250845949615e-18,2.753432856831e+02,2.665647585842e-02,-4.934570567798e+00
