x,y,z,Bx,By,Bz,Ex,Ey,Ez
0.000000000000e+00,0.000000000000e+00,1.000000000000e+00,-1.085036821992e-17,1.527179815507e-15,-1.432875417762e-16,8.261471335562e+02,1.118957982336e-01,-2.552526726646e+01
