x,y,z,Bx,By,Bz,Ex,Ey,Ez
0.000000000000e+00,0.000000000000e+00,1.000000000000e+00,-2.873952455532e-18,5.496674988915e-16,-8.659274250568e-17,4.169635136343e+02,2.942201836903e-02,-9.183300637147e+00
