x,y,z,Bx,By,Bz,Ex,Ey,Ez
0.000000000000e+00,0.000000000000e+00,1.000000000000e+00,1.110403080301e-17,1.341683583330e-15,-1.871901757255e-16,-7.573338220024e+02,4.701989654761e-02,-2.241675711233e+01
