x,y,z,Bx,By,Bz,Ex,Ey,Ez
0.000000000000e+00,0.000000000000e+00,1.000000000000e+00,3.552189962104e-19,1.218061338367e-16,-2.247654875644e-17,-1.524965466491e+02,7.574756986850e-03,-2.035447665910e+00
