x,y,z,Bx,By,Bz,Ex,Ey,Ez
0.000000000000e+00,0.000000000000e+00,1.000000000000e+00,5.517731507203e-17,4.769610565839e-15,-3.844060476532e-16,-1.773155688518e+03,-8.136233658609e-02,-7.966576161302e+01
