x,y,z,Bx,By,Bz,Ex,Ey,Ez
0.000000000000e+00,0.000000000000e+00,1.000000000000e+00,1.177093471375e-18,2.486718518614e-16,-1.274177381062e-17,-2.455205000520e+02,-9.430140541817e-03,-4.155654817914e+00
