x,y,z,Bx,By,Bz,Ex,Ey,Ez
0.000000000000e+00,0.000000000000e+00,1.000000000000e+00,-3.654940617322e-19,9.971966674823e-17,-3.602037629496e-18,1.333397044787e+02,1.944103419336e-03,-1.664780552533e+00
