x,y,z,Bx,By,Bz,Ex,Ey,Ez
0.000000000000e+00,0.000000000000e+00,1.000000000000e+00,6.078492250934e-18,1.059579276244e-15,-2.158256564276e-17,-6.463785234480e+02,-1.764459205990e-02,-1.769407974248e+01
