x,y,z,Bx,By,Bz,Ex,Ey,Ez
0.000000000000e+00,0.000000000000e+00,1.000000000000e+00,-1.404090273855e-19,6.632947403147e-17,-1.771622489522e-17,1.015735808316e+02,2.485570680533e-04,-1.106954893660e+00
