x,y,z,Bx,By,Bz,Ex,Ey,Ez
0.000000000000e+00,0.000000000000e+00,1.000000000000e+00,-2.195232766029e-19,7.472171030676e-17,-4.266109880773e-18,1.100845601467e+02,4.565387512182e-04,-1.249063388472e+00
