x,y,z,Bx,By,Bz,Ex,Ey,Ez
0.000000000000e+00,0.000000000000e+00,1.000000000000e+00,2.411067757913e-14,4.745421043597e-13,-5.655555919413e-14,-4.584611921236e+04,-5.962131295260e+00,-7.924729967782e+03
