x,y,z,Bx,By,Bz,Ex,Ey,Ez
0.000000000000e+00,0.000000000000e+00,1.000000000000e+00,-2.647738656710e-18,4.739590883632e-16,6.087788372184e-17,3.777009223305e+02,1.960282639579e-02,-7.923952014343e+00
