x,y,z,Bx,By,Bz,Ex,Ey,Ez
0.000000000000e+00,0.000000000000e+00,1.000000000000e+00,2.109427201051e-19,1.024454054267e-16,4.885915746292e-18,-1.357474921332e+02,-3.420254527503e-03,-1.710038698913e+00
