x,y,z,Bx,By,Bz,Ex,Ey,Ez
0.000000000000e+00,0.000000000000e+00,1.000000000000e+00,-5.905143358929e-17,5.026258096222e-15,-9.465496454779e-16,1.837177408916e+03,1.714652208363e-01,-8.393357322758e+01
