x,y,z,Bx,By,Bz,Ex,Ey,Ez
0.000000000000e+00,0.000000000000e+00,1.000000000000e+00,1.424642427227e-18,2.897613622377e-16,-4.340331573007e-17,-2.716355532587e+02,4.402220888904e-03,-4.834824909509e+00
