x,y,z,Bx,By,Bz,Ex,Ey,Ez
0.000000000000e+00,0.000000000000e+00,1.000000000000e+00,-5.159119997721e-17,4.647641934736e-15,-8.000771198710e-16,1.743142643245e+03,3.606036681791e-01,-7.764232457665e+01
