x,y,z,Bx,By,Bz,Ex,Ey,Ez
0.000000000000e+00,0.000000000000e+00,1.000000000000e+00,-4.592196317246e-19,1.280771946371e-16,3.097867869531e-18,1.576554142915e+02,-3.091527294651e-03,-2.139837447225e+00
