x,y,z,Bx,By,Bz,Ex,Ey,Ez
0.000000000000e+00,0.000000000000e+00,1.000000000000e+00,2.545331231458e-18,4.353440499661e-16,-2.151772578854e-17,-3.567734665952e+02,1.144214175309e-02,-7.272770096073e+00
