x,y,z,Bx,By,Bz,Ex,Ey,Ez
0.000000000000e+00,0.000000000000e+00,1.000000000000e+00,3.681462818451e-16,1.988895684815e-14,-7.947208220256e-16,-4.659275918417e+03,2.964271747279e-01,-3.320378151870e+02
