x,y,z,Bx,By,Bz,Ex,Ey,Ez
0.000000000000e+00,0.000000000000e+00,1.000000000000e+00,-8.718674885622e-18,1.175570615610e-15,-6.720396904512e-17,6.927714423562e+02,1.192246155486e-02,-1.962982709099e+01
