x,y,z,Bx,By,Bz,Ex,Ey,Ez
0.000000000000e+00,0.000000000000e+00,1.000000000000e+00,-1.338223777642e-18,2.507268817321e-16,5.491727967371e-18,2.466838879468e+02,-2.746831975140e-03,-4.186235214971e+00
