x,y,z,Bx,By,Bz,Ex,Ey,Ez
0.000000000000e+00,0.000000000000e+00,1.000000000000e+00,-4.320679470131e-18,6.706992874088e-16,-7.351681732524e-17,4.761912613021e+02,2.165769045260e-02,-1.120183031262e+01
