x,y,z,Bx,By,Bz,Ex,Ey,Ez
0.000000000000e+00,0.000000000000e+00,1.000000000000e+00,-4.189967463886e-16,2.163077519004e-14,-1.200576112114e-15,4.934785019705e+03,-7.401415495881e-01,-3.611963253044e+02
