x,y,z,Bx,By,Bz,Ex,Ey,Ez
0.000000000000e+00,0.000000000000e+00,1.000000000000e+00,-2.639952933272e-19,7.236443114517e-17,1.016717455191e-17,1.077395541692e+02,-1.526852035385e-03,-1.209449040741e+00
