x,y,z,Bx,By,Bz,Ex,Ey,Ez
0.000000000000e+00,0.000000000000e+00,1.000000000000e+00,5.912878703355e-18,9.570624902178e-16,-8.128533445631e-17,-6.045329109283e+02,-3.694356290469e-02,-1.600747232982e+01
