x,y,z,Bx,By,Bz,Ex,Ey,Ez
0.000000000000e+00,0.000000000000e+00,1.000000000000e+00,-1.550227139453e-19,6.187845484045e-17,-1.145032065123e-17,9.708340443953e+01,1.174805345978e-03,-1.034448596253e+00
