x,y,z,Bx,By,Bz,Ex,Ey,Ez
0.000000000000e+00,0.000000000000e+00,1.000000000000e+00,-3.190459284722e-18,5.897901942957e-16,-5.967390007456e-17,4.369750982964e+02,2.019890281230e-02,-9.850531185152e+00
