x,y,z,Bx,By,Bz,Ex,Ey,Ez
0.000000000000e+00,0.000000000000e+00,1.000000000000e+00,2.338959433422e-19,9.801436843714e-17,-2.035185900873e-17,-1.319272530572e+02,-3.362906097428e-03,-1.638238094645e+00
