x,y,z,Bx,By,Bz,Ex,Ey,Ez
0.000000000000e+00,0.000000000000e+00,1.000000000000e+00,-2.765799514430e-19,7.080635627928e-17,2.749143081804e-18,1.061464290539e+02,-3.224041165467e-03,-1.182699195637e+00
