x,y,z,Bx,By,Bz,Ex,Ey,Ez
0.000000000000e+00,0.000000000000e+00,1.000000000000e+00,-6.332432736103e-19,2.020038884253e-16,-9.126918143888e-17,2.137503705503e+02,8.630663450863e-03,-3.375152730530e+00
