x,y,z,Bx,By,Bz,Ex,Ey,Ez
0.000000000000e+00,0.000000000000e+00,1.000000000000e+00,3.952943721138e-18,5.981349264776e-16,-2.079746766984e-17,-4.407041373748e+02,-3.150665518256e-02,-9.979372267389e+00
