x,y,z,Bx,By,Bz,Ex,Ey,Ez
0.000000000000e+00,0.000000000000e+00,1.000000000000e+00,4.925009537766e-19,1.334117853426e-16,-4.505176393617e-17,-1.620533311347e+02,-7.665713208928e-03,-2.229413328923e+00
