x,y,z,Bx,By,Bz,Ex,Ey,Ez
0.000000000000e+00,0.000000000000e+00,1.000000000000e+00,2.410376728427e-19,9.766327014687e-17,-2.166358364587e-17,-1.316159731445e+02,-3.102474388116e-03,-1.632440904993e+00
