x,y,z,Bx,By,Bz,Ex,Ey,Ez
0.000000000000e+00,0.000000000000e+00,1.000000000000e+00,-6.998006160197e-19,1.679959278248e-16,8.377902327574e-18,1.887318355530e+02,1.515428427373e-03,-2.802469623359e+00
