x,y,z,Bx,By,Bz,Ex,Ey,Ez
0.000000000000e+00,0.000000000000e+00,1.000000000000e+00,-1.640016216850e-18,3.779639906502e-16,-1.222236822151e-16,3.244862082412e+02,-2.679339081391e-02,-6.307289163634e+00
