x,y,z,Bx,By,Bz,Ex,Ey,Ez
0.000000000000e+00,0.000000000000e+00,1.000000000000e+00,1.006385315140e-16,7.223999646429e-15,-5.960063598374e-16,-2.345632227772e+03,1.737228498777e-01,-1.206672999211e+02
