x,y,z,Bx,By,Bz,Ex,Ey,Ez
0.000000000000e+00,0.000000000000e+00,1.000000000000e+00,1.429593365184e-15,5.617802123714e-14,-6.553850576625e-15,-9.561293742484e+03,-2.924280162954e-01,-9.389390101499e+02
