x,y,z,Bx,By,Bz,Ex,Ey,Ez
0.000000000000e+00,0.000000000000e+00,1.000000000000e+00,-1.409772004530e-17,1.760049771094e-15,-2.995526141322e-16,9.078439874255e+02,3.568287502671e-02,-2.937685568657e+01
