x,y,z,Bx,By,Bz,Ex,Ey,Ez
0.000000000000e+00,0.000000000000e+00,1.000000000000e+00,-4.198463268642e-19,1.225666074391e-16,-2.890302505535e-17,1.530754347305e+02,-2.440245042792e-03,-2.047139316551e+00
