x,y,z,Bx,By,Bz,Ex,Ey,Ez
0.000000000000e+00,0.000000000000e+00,1.000000000000e+00,5.400504260026e-19,1.113593420488e-16,3.026053628460e-18,-1.435699767014e+02,5.879441092286e-03,-1.860010822608e+00
