x,y,z,Bx,By,Bz,Ex,Ey,Ez
0.000000000000e+00,0.000000000000e+00,1.000000000000e+00,2.582311181721e-18,4.808527065277e-16,-8.524719887948e-17,-3.816623656518e+02,2.986948086506e-03,-8.043531722869e+00
