x,y,z,Bx,By,Bz,Ex,Ey,Ez
0.000000000000e+00,0.000000000000e+00,1.000000000000e+00,-2.030029184270e-19,9.158797601592e-17,-1.957344565316e-17,1.260449357863e+02,-5.021139062755e-03,-1.529903008095e+00
