x,y,z,Bx,By,Bz,Ex,Ey,Ez
0.000000000000e+00,0.000000000000e+00,1.000000000000e+00,-3.705144470919e-17,3.352111887671e-15,2.296584424530e-16,1.397482060659e+03,-1.226883820201e-01,-5.595967902195e+01
