x,y,z,Bx,By,Bz,Ex,Ey,Ez
0.000000000000e+00,0.000000000000e+00,1.000000000000e+00,-1.775976308684e-19,5.944355478306e-17,-1.256745745261e-17,9.447286140410e+01,3.407680607714e-03,-9.930835068608e-01
