x,y,z,Bx,By,Bz,Ex,Ey,Ez
0.000000000000e+00,0.000000000000e+00,1.000000000000e+00,-6.286641679883e-19,2.015413061558e-16,-8.847435614592e-17,2.134275293057e+02,9.533956493472e-03,-3.367545571646e+00
