x,y,z,Bx,By,Bz,Ex,Ey,Ez
0.000000000000e+00,0.000000000000e+00,1.000000000000e+00,-2.718481694252e-19,7.180018983893e-17,9.297494400499e-18,1.071660597021e+02,-2.236861884108e-03,-1.199805597699e+00
