x,y,z,Bx,By,Bz,Ex,Ey,Ez
0.000000000000e+00,0.000000000000e+00,1.000000000000e+00,-1.380884298423e-18,2.649726330244e-16,-4.192860145794e-18,2.561371665835e+02,2.572762380273e-03,-4.428739211136e+00
