x,y,z,Bx,By,Bz,Ex,Ey,Ez
0.000000000000e+00,0.000000000000e+00,1.000000000000e+00,-4.588689054771e-19,1.273401796527e-16,-7.001495220404e-19,1.570463078233e+02,-3.472878724133e-03,-2.127435031697e+00
