x,y,z,Bx,By,Bz,Ex,Ey,Ez
0.000000000000e+00,0.000000000000e+00,1.000000000000e+00,-4.600771277261e-18,7.802883936924e-16,-1.468094711049e-16,5.271257272192e+02,-2.463850631036e-02,-1.303888741491e+01
