x,y,z,Bx,By,Bz,Ex,Ey,Ez
0.000000000000e+00,0.000000000000e+00,1.000000000000e+00,-5.599414404663e-18,8.669657705400e-16,-9.725798940641e-17,5.651922705959e+02,-6.245208077090e-02,-1.447528884173e+01
