x,y,z,Bx,By,Bz,Ex,Ey,Ez
0.000000000000e+00,0.000000000000e+00,1.000000000000e+00,-1.369145419445e-18,2.960971765648e-16,2.993028424607e-18,2.758165504962e+02,2.713769728602e-02,-4.947233548951e+00
