x,y,z,Bx,By,Bz,Ex,Ey,Ez
0.000000000000e+00,0.000000000000e+00,1.000000000000e+00,2.886433121527e-17,2.877671141640e-15,-2.528609661933e-16,-1.263215941609e+03,6.709885179581e-02,-4.809794263279e+01
