x,y,z,Bx,By,Bz,Ex,Ey,Ez
0.000000000000e+00,0.000000000000e+00,1.000000000000e+00,-1.476570334485e-19,6.216192496388e-17,-9.585378327965e-18,9.737968566467e+01,1.045687919668e-03,-1.039184238940e+00
