x,y,z,Bx,By,Bz,Ex,Ey,Ez
0.000000000000e+00,0.000000000000e+00,1.000000000000e+00,-1.950444409694e-15,6.949602952894e-14,-8.096910535545e-15,1.108442881913e+04,2.071179904221e-02,-1.159752305089e+03
