x,y,z,Bx,By,Bz,Ex,Ey,Ez
0.000000000000e+00,0.000000000000e+00,1.000000000000e+00,1.837711432549e-19,5.987893498588e-17,-8.203840966783e-19,-9.494320435901e+01,-2.351823566010e-04,-1.000598105378e+00
