x,y,z,Bx,By,Bz,Ex,Ey,Ez
0.000000000000e+00,0.000000000000e+00,1.000000000000e+00,1.219745508793e-16,8.405072015364e-15,-9.320663498224e-16,-2.599847179243e+03,1.342689889886e-01,-1.404850741308e+02
