x,y,z,Bx,By,Bz,Ex,Ey,Ez
0.000000000000e+00,0.000000000000e+00,1.000000000000e+00,1.368030065692e-19,7.126736729533e-17,-2.307357213809e-17,-1.066063835553e+02,1.631266990748e-03,-1.190174640076e+00
