x,y,z,Bx,By,Bz,Ex,Ey,Ez
0.000000000000e+00,0.000000000000e+00,1.000000000000e+00,4.360820646242e-16,2.234050604131e-14,-1.026628335947e-15,-5.044778821569e+03,1.021110247351e+00,-3.729719919358e+02
