x,y,z,Bx,By,Bz,Ex,Ey,Ez
0.000000000000e+00,0.000000000000e+00,1.000000000000e+00,4.434833846118e-18,6.214879479839e-16,1.329583808521e-17,-4.523513949542e+02,-2.184384108937e-02,-1.037793232922e+01
