x,y,z,Bx,By,Bz,Ex,Ey,Ez
0.000000000000e+00,0.000000000000e+00,1.000000000000e+00,2.405195308602e-18,4.911249989250e-16,-9.132063200290e-17,-3.871038170869e+02,-2.560032779831e-03,-8.215470207737e+00
