x,y,z,Bx,By,Bz,Ex,Ey,Ez
0.000000000000e+00,0.000000000000e+00,1.000000000000e+00,-5.738400806132e-19,1.456776512387e-16,-4.138075552963e-17,1.718185015782e+02,-3.035148275485e-03,-2.433997906835e+00
