x,y,z,Bx,By,Bz,Ex,Ey,Ez
0.000000000000e+00,0.000000000000e+00,1.000000000000e+00,1.399471858833e-18,3.439969851810e-16,6.875646994990e-19,-3.048422788439e+02,4.830059904907e-03,-5.746813543152e+00
