x,y,z,Bx,By,Bz,Ex,Ey,Ez
0.000000000000e+00,0.000000000000e+00,1.000000000000e+00,-7.619919429728e-17,5.786441732225e-15,-6.694706135283e-16,2.020354648848e+03,-1.266563657776e-01,-9.668095336254e+01
