x,y,z,Bx,By,Bz,Ex,Ey,Ez
0.000000000000e+00,0.000000000000e+00,1.000000000000e+00,-8.255723124998e-16,3.731889226801e-14,-2.912367026706e-15,7.190380744294e+03,3.007856952279e+00,-6.240250666082e+02
