x,y,z,Bx,By,Bz,Ex,Ey,Ez
0.000000000000e+00,0.000000000000e+00,1.000000000000e+00,-4.787161338686e-17,4.360228711540e-15,-5.303826966818e-16,1.670006540739e+03,4.414483648593e-01,-7.287304145591e+01
