x,y,z,Bx,By,Bz,Ex,Ey,Ez
0.000000000000e+00,0.000000000000e+00,1.000000000000e+00,-3.814594544773e-19,1.098453678594e-16,6.559804687285e-18,1.423408875886e+02,1.045354906617e-03,-1.836031425050e+00
