x,y,z,Bx,By,Bz,Ex,Ey,Ez
0.000000000000e+00,0.000000000000e+00,1.000000000000e+00,-3.908359249008e-19,1.088434144117e-16,3.794041168567e-18,1.414700915287e+02,2.942603153279e-04,-1.819223136062e+00
