x,y,z,Bx,By,Bz,Ex,Ey,Ez
0.000000000000e+00,0.000000000000e+00,1.000000000000e+00,-1.279711970932e-19,6.293443917210e-17,-5.290698546336e-18,9.817648491679e+01,9.208478227227e-04,-1.051955467188e+00
