x,y,z,Bx,By,Bz,Ex,Ey,Ez
0.000000000000e+00,0.000000000000e+00,1.000000000000e+00,-4.361373870670e-19,1.571778644130e-16,3.731102945758e-18,1.807186585978e+02,-7.146126840281e-03,-2.625758016031e+00
