x,y,z,Bx,By,Bz,Ex,Ey,Ez
0.000000000000e+00,0.000000000000e+00,1.000000000000e+00,9.341944195072e-19,2.016280760351e-16,-1.770611346285e-17,-2.133852297366e+02,5.616764870024e-03,-3.367809246483e+00
