x,y,z,Bx,By,Bz,Ex,Ey,Ez
0.000000000000e+00,0.000000000000e+00,1.000000000000e+00,-2.987314843471e-18,5.656198138283e-16,-7.801709319026e-17,4.249829662458e+02,2.420990509883e-02,-9.448721478706e+00
