x,y,z,Bx,By,Bz,Ex,Ey,Ez
0.000000000000e+00,0.000000000000e+00,1.000000000000e+00,4.382709396002e-18,6.175218999434e-16,7.626085696023e-18,-4.503778035921e+02,-2.403076466453e-02,-1.031007585823e+01
