x,y,z,Bx,By,Bz,Ex,Ey,Ez
0.000000000000e+00,0.000000000000e+00,1.000000000000e+00,-1.267330376829e-18,2.827598068362e-16,2.401011082747e-17,2.674890020905e+02,1.563959178725e-02,-4.725783954607e+00
