x,y,z,Bx,By,Bz,Ex,Ey,Ez
0.000000000000e+00,0.000000000000e+00,1.000000000000e+00,1.146763692406e-18,2.522566091082e-16,-5.710386172612e-18,-2.479133115763e+02,-8.553545662873e-03,-4.216546980257e+00
