x,y,z,Bx,By,Bz,Ex,Ey,Ez
0.000000000000e+00,0.000000000000e+00,1.000000000000e+00,-3.579448157378e-19,1.177556089105e-16,-2.874666512736e-17,1.490572279989e+02,2.487375319528e-03,-1.967112645218e+00
