x,y,z,Bx,By,Bz,Ex,Ey,Ez
0.000000000000e+00,0.000000000000e+00,1.000000000000e+00,4.513656819246e-19,1.499209511017e-16,2.566077018237e-17,-1.750802871932e+02,-7.138819399404e-03,-2.504219977502e+00
