x,y,z,Bx,By,Bz,Ex,Ey,Ez
0.000000000000e+00,0.000000000000e+00,1.000000000000e+00,-4.560316344039e-19,1.263671778872e-16,-6.430794905583e-18,1.562398675499e+02,-3.774707526861e-03,-2.111046223997e+00
