x,y,z,Bx,By,Bz,Ex,Ey,Ez
0.000000000000e+00,0.000000000000e+00,1.000000000000e+00,-1.098773135819e-19,6.403511511408e-17,-3.987213428585e-18,9.928887760741e+01,1.058209377427e-03,-1.069865174255e+00
