x,y,z,Bx,By,Bz,Ex,Ey,Ez
0.000000000000e+00,0.000000000000e+00,1.000000000000e+00,-2.098909126090e-17,2.248319284198e-15,-2.486774982200e-16,1.070833673772e+03,-3.519013421353e-02,-3.758931050486e+01
