x,y,z,Bx,By,Bz,Ex,Ey,Ez
0.000000000000e+00,0.000000000000e+00,1.000000000000e+00,-3.516837045689e-19,9.901933101387e-17,2.397825404319e-18,1.327057469344e+02,1.622032104383e-03,-1.652948631238e+00
