x,y,z,Bx,By,Bz,Ex,Ey,Ez
0.000000000000e+00,0.000000000000e+00,1.000000000000e+00,2.296702694407e-18,4.971766057311e-16,-9.305480036470e-17,-3.902642210641e+02,-5.979426934830e-03,-8.315930075371e+00
