x,y,z,Bx,By,Bz,Ex,Ey,Ez
0.000000000000e+00,0.000000000000e+00,1.000000000000e+00,3.912601884339e-16,2.073727951241e-14,-8.484737575082e-16,-4.794092422833e+03,5.456630627444e-01,-3.461976960336e+02
