x,y,z,Bx,By,Bz,Ex,Ey,Ez
0.000000000000e+00,0.000000000000e+00,1.000000000000e+00,-2.478583532812e-14,4.877391011693e-13,-6.579348248792e-14,4.697238519782e+04,-3.742890517387e+01,-8.151555463846e+03
