x,y,z,Bx,By,Bz,Ex,Ey,Ez
0.000000000000e+00,0.000000000000e+00,1.000000000000e+00,6.540725863239e-19,1.847784796203e-16,-1.451603243903e-17,-2.013820981313e+02,6.704236167521e-04,-3.087998349439e+00
