x,y,z,Bx,By,Bz,Ex,Ey,Ez
0.000000000000e+00,0.000000000000e+00,1.000000000000e+00,1.539997046040e-19,7.220991334243e-17,-2.007916734995e-17,-1.075194288272e+02,5.188265173770e-04,-1.205501694255e+00
