x,y,z,Bx,By,Bz,Ex,Ey,Ez
0.000000000000e+00,0.000000000000e+00,1.000000000000e+00,-3.582179349102e-17,3.295347545868e-15,1.880261360470e-16,1.381482523777e+03,-1.684348611276e-01,-5.500500924558e+01
