x,y,z,Bx,By,Bz,Ex,Ey,Ez
0.000000000000e+00,0.000000000000e+00,1.000000000000e+00,4.498993620706e-18,6.460755519447e-16,4.003365209992e-17,-4.644789371984e+02,-4.148778176825e-03,-1.079760414646e+01
