x,y,z,Bx,By,Bz,Ex,Ey,Ez
0.000000000000e+00,0.000000000000e+00,1.000000000000e+00,-1.676168410728e-14,3.601020380761e-13,-4.993697002879e-14,3.705499253563e+04,-1.942741232750e+01,-6.017984684268e+03
