x,y,z,Bx,By,Bz,Ex,Ey,Ez
0.000000000000e+00,0.000000000000e+00,1.000000000000e+00,1.124812839978e-17,1.370351444780e-15,-2.175381739885e-16,-7.682227015872e+02,3.764453367564e-02,-2.289876333843e+01
