x,y,z,Bx,By,Bz,Ex,Ey,Ez
0.000000000000e+00,0.000000000000e+00,1.000000000000e+00,1.739694374008e-19,6.789602465075e-17,-2.502129805441e-18,-1.032755281015e+02,4.202435662440e-03,-1.135001884999e+00
