x,y,z,Bx,By,Bz,Ex,Ey,Ez
0.000000000000e+00,0.000000000000e+00,1.000000000000e+00,1.515963613589e-18,3.249463630109e-16,-6.239173961478e-18,-2.936416394160e+02,-5.045251585518e-03,-5.433564593903e+00
