x,y,z,Bx,By,Bz,Ex,Ey,Ez
0.000000000000e+00,0.000000000000e+00,1.000000000000e+00,8.823855712857e-19,1.989648616584e-16,-1.078947450342e-17,-2.114674756609e+02,5.326968758629e-03,-3.322617984103e+00
