x,y,z,Bx,By,Bz,Ex,Ey,Ez
0.000000000000e+00,0.000000000000e+00,1.000000000000e+00,-3.306427963332e-16,1.850457677030e-14,-1.311613150649e-15,4.437859495879e+03,-1.131860641559e+00,-3.090911449361e+02
