x,y,z,Bx,By,Bz,Ex,Ey,Ez
0.000000000000e+00,0.000000000000e+00,1.000000000000e+00,-1.484520661490e-18,3.061572750416e-16,-3.079543613043e-17,2.820839180415e+02,3.022274929814e-02,-5.115862384939e+00
