x,y,z,Bx,By,Bz,Ex,Ey,Ez
0.000000000000e+00,0.000000000000e+00,1.000000000000e+00,1.121762838292e-15,4.610498311592e-14,-5.534749755164e-15,-8.331654512262e+03,1.162316450828e+00,-7.708062584307e+02
