x,y,z,Bx,By,Bz,Ex,Ey,Ez
0.000000000000e+00,0.000000000000e+00,1.000000000000e+00,2.275242102284e-19,7.471049280483e-17,-3.393084582992e-18,-1.099699414812e+02,-6.038033907358e-04,-1.247022087243e+00
