x,y,z,Bx,By,Bz,Ex,Ey,Ez
0.000000000000e+00,0.000000000000e+00,1.000000000000e+00,-3.464818721839e-18,6.133345100216e-16,-4.903188459897e-17,4.485022122155e+02,2.031421997496e-02,-1.024197823592e+01
