x,y,z,Bx,By,Bz,Ex,Ey,Ez
0.000000000000e+00,0.000000000000e+00,1.000000000000e+00,-9.345589143185e-17,7.660013715512e-15,-3.413022594602e-16,2.442267587618e+03,2.343915701845e-01,-1.280740887050e+02
