x,y,z,Bx,By,Bz,Ex,Ey,Ez
0.000000000000e+00,0.000000000000e+00,1.000000000000e+00,-3.476526602457e-19,1.161965278544e-16,-2.000706045499e-17,1.477502658012e+02,3.532335560891e-03,-1.941370475679e+00
