x,y,z,Bx,By,Bz,Ex,Ey,Ez
0.000000000000e+00,0.000000000000e+00,1.000000000000e+00,8.157137021178e-15,2.068679842596e-13,-2.198100929395e-14,-2.432046028411e+04,-9.866948167417e+00,-3.455665735365e+03
