x,y,z,Bx,By,Bz,Ex,Ey,Ez
0.000000000000e+00,0.000000000000e+00,1.000000000000e+00,1.096859701886e-11,7.323072908759e-11,1.689222230818e-10,1.013472063252e+06,-2.381849446996e+04,-1.224069529580e+06
