x,y,z,Bx,By,Bz,Ex,Ey,Ez
0.000000000000e+00,0.000000000000e+00,1.000000000000e+00,-4.451965672126e-19,1.329144270270e-16,9.459389720841e-18,1.616027447163e+02,1.049859827285e-03,-2.220662438384e+00
