x,y,z,Bx,By,Bz,Ex,Ey,Ez
0.000000000000e+00,0.000000000000e+00,1.000000000000e+00,-5.333839378811e-19,1.507453260324e-16,-2.588487407225e-17,1.758263668573e+02,-7.542659382907e-03,-2.519701492477e+00
