x,y,z,Bx,By,Bz,Ex,Ey,Ez
0.000000000000e+00,0.000000000000e+00,1.000000000000e+00,-1.370365207602e-18,2.662722437139e-16,-2.003572768815e-18,2.569841359195e+02,3.123721604659e-03,-4.450691539533e+00
