x,y,z,Bx,By,Bz,Ex,Ey,Ez
0.000000000000e+00,0.000000000000e+00,1.000000000000e+00,1.692081543592e-19,6.810976284724e-17,-4.720769175453e-18,-1.034929306376e+02,4.251890101881e-03,-1.138571396031e+00
