x,y,z,Bx,By,Bz,Ex,Ey,Ez
0.000000000000e+00,0.000000000000e+00,1.000000000000e+00,-3.315085279050e-18,6.014132007718e-16,-5.298732031917e-17,4.426818283903e+02,1.988696009833e-02,-1.004370464982e+01
