x,y,z,Bx,By,Bz,Ex,Ey,Ez
0.000000000000e+00,0.000000000000e+00,1.000000000000e+00,4.908683460295e-19,1.313575493061e-16,-4.864372639741e-17,-1.603684357366e+02,-4.502757673211e-03,-2.194715603393e+00
