x,y,z,Bx,By,Bz,Ex,Ey,Ez
0.000000000000e+00,0.000000000000e+00,1.000000000000e+00,1.634235838042e-15,6.233112825781e-14,-7.054589258455e-15,-1.028091197308e+04,-1.085889741873e+00,-1.041492187874e+03
