x,y,z,Bx,By,Bz,Ex,Ey,Ez
0.000000000000e+00,0.000000000000e+00,1.000000000000e+00,-1.680008937091e-19,6.132102421132e-17,-1.483256213036e-17,9.649476316652e+01,1.568386927648e-03,-1.025063025029e+00
