x,y,z,Bx,By,Bz,Ex,Ey,Ez
0.000000000000e+00,0.000000000000e+00,1.000000000000e+00,4.248595211648e-18,6.745737194602e-16,4.022739861958e-17,-4.782008075933e+02,2.016897984576e-02,-1.127785837084e+01
