x,y,z,Bx,By,Bz,Ex,Ey,Ez
0.000000000000e+00,0.000000000000e+00,1.000000000000e+00,-5.650190814052e-19,1.648022422909e-16,1.150288405768e-17,1.863491104676e+02,-1.044675038265e-03,-2.749547486661e+00
