x,y,z,Bx,By,Bz,Ex,Ey,Ez
0.000000000000e+00,0.000000000000e+00,1.000000000000e+00,-1.784995345186e-19,5.953126360645e-17,-1.330376647618e-17,9.456783441714e+01,3.346162072943e-03,-9.945763948273e-01
