x,y,z,Bx,By,Bz,Ex,Ey,Ez
0.000000000000e+00,0.000000000000e+00,1.000000000000e+00,5.013852046526e-19,1.563128339406e-16,2.758883497493e-17,-1.799543640711e+02,2.422874894746e-03,-2.609488737975e+00
