x,y,z,Bx,By,Bz,Ex,Ey,Ez
0.000000000000e+00,0.000000000000e+00,1.000000000000e+00,3.406886483183e-17,3.447013008857e-15,-3.823476040107e-16,-1.425817903079e+03,2.585403155088e-02,-5.759041073339e+01
