x,y,z,Bx,By,Bz,Ex,Ey,Ez
0.000000000000e+00,0.000000000000e+00,1.000000000000e+00,-1.714587252730e-18,3.811677681059e-16,-1.223565462531e-16,3.262976649557e+02,-3.113833274010e-02,-6.360253811710e+00
