x,y,z,Bx,By,Bz,Ex,Ey,Ez
0.000000000000e+00,0.000000000000e+00,1.000000000000e+00,-2.758239275387e-18,4.365814462786e-16,7.708317225878e-17,3.573701570722e+02,-3.838065264595e-02,-7.294286590042e+00
