x,y,z,Bx,By,Bz,Ex,Ey,Ez
0.000000000000e+00,0.000000000000e+00,1.000000000000e+00,-7.157163811857e-18,1.034501564903e-15,-1.325582740515e-17,6.362757491014e+02,-2.326288858128e-02,-1.728641919174e+01
