x,y,z,Bx,By,Bz,Ex,Ey,Ez
0.000000000000e+00,0.000000000000e+00,1.000000000000e+00,7.837493647145e-19,2.229430004449e-16,-3.756440647908e-17,-2.282674732382e+02,-3.374441725111e-03,-3.725338831894e+00
