x,y,z,Bx,By,Bz,Ex,Ey,Ez
0.000000000000e+00,0.000000000000e+00,1.000000000000e+00,-2.015462568542e-19,7.633900659870e-17,-1.491165790629e-17,1.116505758740e+02,2.346172628670e-05,-1.275747346789e+00
