x,y,z,Bx,By,Bz,Ex,Ey,Ez
0.000000000000e+00,0.000000000000e+00,1.000000000000e+00,-1.451437329896e-19,6.225715768142e-17,-8.971783346492e-18,9.747874531301e+01,1.013145290002e-03,-1.040769218821e+00
