x,y,z,Bx,By,Bz,Ex,Ey,Ez
0.000000000000e+00,0.000000000000e+00,1.000000000000e+00,-4.541116646058e-18,6.912529020378e-16,-9.237267799408e-17,4.859975646803e+02,1.797271731772e-02,-1.154823492184e+01
