x,y,z,Bx,By,Bz,Ex,Ey,Ez
0.000000000000e+00,0.000000000000e+00,1.000000000000e+00,4.853666408660e-15,1.394020178545e-13,-1.483848568010e-14,-1.821699044871e+04,-7.808384733785e+00,-2.328118621520e+03
