x,y,z,Bx,By,Bz,Ex,Ey,Ez
0.000000000000e+00,0.000000000000e+00,1.000000000000e+00,3.626328861063e-16,1.968406790066e-14,-7.858622173264e-16,-4.626474784035e+03,2.374434284062e-01,-3.286186106635e+02
