x,y,z,Bx,By,Bz,Ex,Ey,Ez
0.000000000000e+00,0.000000000000e+00,1.000000000000e+00,-4.575406841955e-19,1.363967921310e-16,-5.606307269044e-18,1.643960934180e+02,3.145751085904e-03,-2.278331834307e+00
