x,y,z,Bx,By,Bz,Ex,Ey,Ez
0.000000000000e+00,0.000000000000e+00,1.000000000000e+00,4.504332452590e-19,1.439047250097e-16,2.769985118015e-18,-1.704141228528e+02,-1.323918257021e-02,-2.404582606071e+00
