x,y,z,Bx,By,Bz,Ex,Ey,Ez
0.000000000000e+00,0.000000000000e+00,1.000000000000e+00,7.469127810904e-19,1.661123151782e-16,-1.686880352158e-17,-1.874154356589e+02,1.015030737646e-02,-2.772953092846e+00
