x,y,z,Bx,By,Bz,Ex,Ey,Ez
0.000000000000e+00,0.000000000000e+00,1.000000000000e+00,1.493370268933e-18,3.516540216723e-16,-1.239027187903e-17,-3.092853845201e+02,7.943420188609e-03,-5.872566212017e+00
