x,y,z,Bx,By,Bz,Ex,Ey,Ez
0.000000000000e+00,0.000000000000e+00,1.000000000000e+00,-4.189010850831e-17,3.634306418217e-15,2.527580656668e-16,1.476178989212e+03,1.359178715815e-01,-6.071687160336e+01
