x,y,z,Bx,By,Bz,Ex,Ey,Ez
0.000000000000e+00,0.000000000000e+00,1.000000000000e+00,2.766313395713e-19,8.709326004809e-17,2.614046612159e-18,-1.219124325869e+02,-2.944353153532e-03,-1.455525976589e+00
