x,y,z,Bx,By,Bz,Ex,Ey,Ez
0.000000000000e+00,0.000000000000e+00,1.000000000000e+00,-2.587896166338e-17,2.865375223495e-15,-3.216328726718e-16,1.258497538806e+03,-2.998605670324e-01,-4.783229812680e+01
