x,y,z,Bx,By,Bz,Ex,Ey,Ez
0.000000000000e+00,0.000000000000e+00,1.000000000000e+00,4.836268298553e-13,4.819195921304e-12,-1.350464265223e-12,-3.865655134242e+05,6.137763570030e+02,-8.056030794435e+04
