x,y,z,Bx,By,Bz,Ex,Ey,Ez
0.000000000000e+00,0.000000000000e+00,1.000000000000e+00,1.326130624224e-19,7.056835110886e-17,-2.274122436942e-17,-1.059284940968e+02,2.521631142980e-03,-1.178853125980e+00
