x,y,z,Bx,By,Bz,Ex,Ey,Ez
0.000000000000e+00,0.000000000000e+00,1.000000000000e+00,1.972237457134e-19,6.563296940945e-17,1.191506961637e-17,-1.009310739571e+02,1.729104143805e-03,-1.096697834900e+00
