x,y,z,Bx,By,Bz,Ex,Ey,Ez
0.000000000000e+00,0.000000000000e+00,1.000000000000e+00,-3.775893920899e-19,1.004252193212e-16,-9.339414145856e-18,1.339782049525e+02,2.038057404076e-03,-1.676724560547e+00
