x,y,z,Bx,By,Bz,Ex,Ey,Ez
0.000000000000e+00,0.000000000000e+00,1.000000000000e+00,9.199018356599e-19,2.697405322699e-16,5.356206766630e-18,-2.591399727420e+02,1.498378549359e-03,-4.505780766702e+00
