x,y,z,Bx,By,Bz,Ex,Ey,Ez
0.000000000000e+00,0.000000000000e+00,1.000000000000e+00,-1.318765066778e-18,3.504976540611e-16,-8.414570112592e-17,3.088085566607e+02,4.253055817116e-03,-5.856318165787e+00
