x,y,z,Bx,By,Bz,Ex,Ey,Ez
0.000000000000e+00,0.000000000000e+00,1.000000000000e+00,4.379165258259e-15,1.290511125826e-13,-1.383822640187e-14,-1.722953687862e+04,-7.218001848877e+00,-2.155201395792e+03
