x,y,z,Bx,By,Bz,Ex,Ey,Ez
0.000000000000e+00,0.000000000000e+00,1.000000000000e+00,9.404566266399e-16,3.982153417963e-14,-4.676189240685e-15,-7.524466197221e+03,1.927233459438e+00,-6.657179320225e+02
