x,y,z,Bx,By,Bz,Ex,Ey,Ez
0.000000000000e+00,0.000000000000e+00,1.000000000000e+00,-4.662804733455e-15,1.340140009743e-13,-1.246115097964e-14,1.771462588372e+04,2.381007624117e+00,-2.239950826585e+03
