x,y,z,Bx,By,Bz,Ex,Ey,Ez
0.000000000000e+00,0.000000000000e+00,1.000000000000e+00,2.198201637014e-18,4.062984682849e-16,-2.511884013337e-17,-3.406606485501e+02,3.808572636664e-03,-6.786672689540e+00
