x,y,z,Bx,By,Bz,Ex,Ey,Ez
0.000000000000e+00,0.000000000000e+00,1.000000000000e+00,-3.154036652557e-18,5.859820056715e-16,-6.234211583209e-17,4.350974841947e+02,2.050655160786e-02,-9.787245395091e+00
