x,y,z,Bx,By,Bz,Ex,Ey,Ez
0.000000000000e+00,0.000000000000e+00,1.000000000000e+00,1.331309347558e-19,7.080037855143e-17,-2.311591991208e-17,-1.061538100396e+02,2.228347522865e-03,-1.182610571594e+00
