x,y,z,Bx,By,Bz,Ex,Ey,Ez
0.000000000000e+00,0.000000000000e+00,1.000000000000e+00,-7.949167788749e-19,1.701319354420e-16,6.551699497074e-18,1.903462997370e+02,3.088501608425e-03,-2.838506779552e+00
