x,y,z,Bx,By,Bz,Ex,Ey,Ez
0.000000000000e+00,0.000000000000e+00,1.000000000000e+00,8.180576133762e-16,3.550557482129e-14,-3.964266140288e-15,-6.948081114011e+03,2.292391150721e+00,-5.934437359656e+02
