x,y,z,Bx,By,Bz,Ex,Ey,Ez
0.000000000000e+00,0.000000000000e+00,1.000000000000e+00,-2.761920954454e-19,7.069742189010e-17,1.716123357021e-18,1.060341105607e+02,-3.294763184428e-03,-1.180818142440e+00
