x,y,z,Bx,By,Bz,Ex,Ey,Ez
0.000000000000e+00,0.000000000000e+00,1.000000000000e+00,3.285825872540e-17,3.348447545324e-15,-3.663671183664e-16,-1.398417546671e+03,3.635282495055e-02,-5.595149856532e+01
