x,y,z,Bx,By,Bz,Ex,Ey,Ez
0.000000000000e+00,0.000000000000e+00,1.000000000000e+00,-1.131598640388e-17,1.597697832170e-15,-2.220172786933e-16,8.512792594256e+02,1.036058937430e-01,-2.668940966327e+01
