x,y,z,Bx,By,Bz,Ex,Ey,Ez
0.000000000000e+00,0.000000000000e+00,1.000000000000e+00,1.975304364738e-18,3.777510079956e-16,-5.048243872252e-17,-3.244168498458e+02,6.776628305696e-03,-6.307665334449e+00
