x,y,z,Bx,By,Bz,Ex,Ey,Ez
0.000000000000e+00,0.000000000000e+00,1.000000000000e+00,-8.611680684062e-15,2.161965972258e-13,-2.697410542327e-14,2.517221061337e+04,1.403421792623e+00,-3.613011885124e+03
