x,y,z,Bx,By,Bz,Ex,Ey,Ez
0.000000000000e+00,0.000000000000e+00,1.000000000000e+00,-1.217338252094e-12,9.541810348726e-12,-3.922012516777e-12,8.181472077298e+05,-5.790443796572e+01,-1.592022459602e+05
