x,y,z,Bx,By,Bz,Ex,Ey,Ez
0.000000000000e+00,0.000000000000e+00,1.000000000000e+00,-8.713882732540e-17,6.654823545943e-15,-2.675634106063e-16,2.221384588244e+03,-6.335523193654e-02,-1.113162997587e+02
