x,y,z,Bx,By,Bz,Ex,Ey,Ez
0.000000000000e+00,0.000000000000e+00,1.000000000000e+00,2.774728612423e-19,8.184851654462e-17,-2.242994048864e-17,-1.169450391683e+02,-9.355908999136e-04,-1.367410104281e+00
