x,y,z,Bx,By,Bz,Ex,Ey,Ez
0.000000000000e+00,0.000000000000e+00,1.000000000000e+00,1.018047830584e-18,2.774638001635e-16,-1.050667120395e-17,-2.639429787255e+02,4.995559891015e-03,-4.631325319564e+00
