x,y,z,Bx,By,Bz,Ex,Ey,Ez
0.000000000000e+00,0.000000000000e+00,1.000000000000e+00,-2.619376930440e-17,2.881206436322e-15,-3.039512515995e-16,1.263093950684e+03,-3.028854878631e-01,-4.809442172623e+01
