x,y,z,Bx,By,Bz,Ex,Ey,Ez
0.000000000000e+00,0.000000000000e+00,1.000000000000e+00,-7.213330070021e-16,3.293623892849e-14,-1.874567088174e-15,6.594364406036e+03,2.167493146522e+00,-5.508319859110e+02
