x,y,z,Bx,By,Bz,Ex,Ey,Ez
0.000000000000e+00,0.000000000000e+00,1.000000000000e+00,1.240498301684e-17,1.562050054926e-15,-2.476847269079e-16,-8.386113028126e+02,-5.942539614306e-02,-2.610099748554e+01
