x,y,z,Bx,By,Bz,Ex,Ey,Ez
0.000000000000e+00,0.000000000000e+00,1.000000000000e+00,-1.096886414163e-17,1.554861950353e-15,-1.748191580517e-16,8.360656485943e+02,1.109031518147e-01,-2.598256644430e+01
