x,y,z,Bx,By,Bz,Ex,Ey,Ez
0.000000000000e+00,0.000000000000e+00,1.000000000000e+00,-1.616452579361e-18,3.769023451513e-16,-1.218002740343e-16,3.238855068546e+02,-2.535763592778e-02,-6.289765953693e+00
