x,y,z,Bx,By,Bz,Ex,Ey,Ez
0.000000000000e+00,0.000000000000e+00,1.000000000000e+00,-8.835533428419e-17,6.850014026703e-15,-2.344593495577e-16,2.265256599130e+03,-1.004508415508e-02,-1.145898147298e+02
