x,y,z,Bx,By,Bz,Ex,Ey,Ez
0.000000000000e+00,0.000000000000e+00,1.000000000000e+00,-1.268525186247e-18,2.471752028861e-16,1.718789031006e-17,2.443024709459e+02,-5.319566756193e-03,-4.125855577403e+00
