x,y,z,Bx,By,Bz,Ex,Ey,Ez
0.000000000000e+00,0.000000000000e+00,1.000000000000e+00,9.859628509483e-16,4.141543917550e-14,-4.910794991156e-15,-7.732579318798e+03,1.755452383784e+00,-6.923904672800e+02
