x,y,z,Bx,By,Bz,Ex,Ey,Ez
0.000000000000e+00,0.000000000000e+00,1.000000000000e+00,7.080989402105e-15,1.855482855261e-13,-1.964699808518e-14,-2.244391607741e+04,-9.400928963232e+00,-3.099345562700e+03
