x,y,z,Bx,By,Bz,Ex,Ey,Ez
0.000000000000e+00,0.000000000000e+00,1.000000000000e+00,6.689971730293e-17,5.518182179039e-15,-3.628744415073e-16,-1.955717643820e+03,-2.973775098183e-02,-9.215905111183e+01
