x,y,z,Bx,By,Bz,Ex,Ey,Ez
0.000000000000e+00,0.000000000000e+00,1.000000000000e+00,2.509079108269e-18,4.328338389878e-16,-1.900089773803e-17,-3.553862511838e+02,1.084383522975e-02,-7.230526540409e+00
