x,y,z,Bx,By,Bz,Ex,Ey,Ez
0.000000000000e+00,0.000000000000e+00,1.000000000000e+00,1.087366187297e-17,1.308405907593e-15,-1.476062835787e-16,-7.445655146351e+02,5.347868679968e-02,-2.185593595647e+01
