x,y,z,Bx,By,Bz,Ex,Ey,Ez
0.000000000000e+00,0.000000000000e+00,1.000000000000e+00,6.302177236265e-18,9.181987024321e-16,-1.140172630388e-16,-5.880522435401e+02,-3.172012356839e-02,-1.535884809527e+01
