x,y,z,Bx,By,Bz,Ex,Ey,Ez
0.000000000000e+00,0.000000000000e+00,1.000000000000e+00,8.796851885516e-18,1.181098593693e-15,-2.298558748566e-17,-6.947043779784e+02,3.154967244813e-02,-1.970901536754e+01
