x,y,z,Bx,By,Bz,Ex,Ey,Ez
0.000000000000e+00,0.000000000000e+00,1.000000000000e+00,-3.113172864686e-17,3.097117272856e-15,-2.940376628583e-17,1.325202573230e+03,-2.830324367450e-01,-5.168386679249e+01
