x,y,z,Bx,By,Bz,Ex,Ey,Ez
0.000000000000e+00,0.000000000000e+00,1.000000000000e+00,2.624813816136e-18,4.779878144619e-16,-8.278230194528e-17,-3.801281954185e+02,4.423620137879e-03,-7.995286565247e+00
