x,y,z,Bx,By,Bz,Ex,Ey,Ez
0.000000000000e+00,0.000000000000e+00,1.000000000000e+00,-8.799384638648e-19,1.722738773819e-16,5.732569518150e-18,1.919817764628e+02,4.608896955160e-03,-2.875155813104e+00
