x,y,z,Bx,By,Bz,Ex,Ey,Ez
0.000000000000e+00,0.000000000000e+00,1.000000000000e+00,1.434197162062e-18,3.302095711781e-16,2.300044213424e-18,-2.967752041317e+02,-2.775809012357e-03,-5.520663466968e+00
