x,y,z,Bx,By,Bz,Ex,Ey,Ez
0.000000000000e+00,0.000000000000e+00,1.000000000000e+00,4.108523330493e-18,6.038807019644e-16,-1.252243381032e-17,-4.435728542869e+02,-2.984810839482e-02,-1.007710384805e+01
