x,y,z,Bx,By,Bz,Ex,Ey,Ez
0.000000000000e+00,0.000000000000e+00,1.000000000000e+00,-2.052515760374e-17,2.139540380163e-15,-1.844246498108e-16,1.035544452998e+03,-2.837254647249e-02,-3.575924657749e+01
