x,y,z,Bx,By,Bz,Ex,Ey,Ez
0.000000000000e+00,0.000000000000e+00,1.000000000000e+00,9.134848460762e-18,1.195536949464e-15,-3.111085619305e-17,-7.004144567373e+02,3.700184326052e-02,-1.995147350432e+01
