x,y,z,Bx,By,Bz,Ex,Ey,Ez
0.000000000000e+00,0.000000000000e+00,1.000000000000e+00,3.876482452032e-19,1.244453455752e-16,-3.367698864631e-17,-1.546598961122e+02,5.582465957806e-03,-2.078759534322e+00
