x,y,z,Bx,By,Bz,Ex,Ey,Ez
0.000000000000e+00,0.000000000000e+00,1.000000000000e+00,-6.328612846879e-16,2.922423035884e-14,-1.290665854008e-15,6.070358447562e+03,1.178093812880e+00,-4.886091424157e+02
