x,y,z,Bx,By,Bz,Ex,Ey,Ez
0.000000000000e+00,0.000000000000e+00,1.000000000000e+00,1.360775467957e-19,6.987949950049e-17,-2.006082760848e-17,-1.052564096511e+02,3.325532108592e-03,-1.167678019038e+00
