x,y,z,Bx,By,Bz,Ex,Ey,Ez
0.000000000000e+00,0.000000000000e+00,1.000000000000e+00,-4.471915772897e-19,1.347737236301e-16,2.911384430130e-18,1.630974389821e+02,2.439990770363e-03,-2.251468405494e+00
