x,y,z,Bx,By,Bz,Ex,Ey,Ez
0.000000000000e+00,0.000000000000e+00,1.000000000000e+00,1.689661591316e-17,2.008372437580e-15,-6.046713400752e-17,-9.919328057126e+02,-5.785841124129e-03,-3.354970640276e+01
