x,y,z,Bx,By,Bz,Ex,Ey,Ez
0.000000000000e+00,0.000000000000e+00,1.000000000000e+00,2.833140445319e-19,8.322320550152e-17,-2.036161434049e-17,-1.182584304088e+02,-2.336043081906e-03,-1.390510911898e+00
