x,y,z,Bx,By,Bz,Ex,Ey,Ez
0.000000000000e+00,0.000000000000e+00,1.000000000000e+00,-8.205620000201e-18,1.147333411572e-15,-6.324874711485e-17,6.816199301528e+02,7.355149807064e-03,-1.915938577047e+01
