x,y,z,Bx,By,Bz,Ex,Ey,Ez
0.000000000000e+00,0.000000000000e+00,1.000000000000e+00,1.268959222576e-13,1.707011687905e-12,-2.873436628967e-13,-1.365059433636e+05,7.137618405681e+01,-2.852224300366e+04
