x,y,z,Bx,By,Bz,Ex,Ey,Ez
0.000000000000e+00,0.000000000000e+00,1.000000000000e+00,7.940685517107e-19,2.203120342134e-16,-3.869339494011e-17,-2.265011031132e+02,-2.138844502535e-03,-3.682231838718e+00
