x,y,z,Bx,By,Bz,Ex,Ey,Ez
0.000000000000e+00,0.000000000000e+00,1.000000000000e+00,5.236771391579e-19,1.101860885925e-16,6.270930602321e-18,-1.425101192434e+02,4.977806946057e-03,-1.839495198476e+00
