x,y,z,Bx,By,Bz,Ex,Ey,Ez
0.000000000000e+00,0.000000000000e+00,1.000000000000e+00,2.716509323105e-19,8.890501971003e-17,6.923474842730e-18,-1.235928533855e+02,-1.487287972691e-03,-1.485721716515e+00
