x,y,z,Bx,By,Bz,Ex,Ey,Ez
0.000000000000e+00,0.000000000000e+00,1.000000000000e+00,-6.887522923347e-18,9.546809313238e-16,-2.089369285657e-17,6.029198858497e+02,-5.399535081037e-02,-1.594825247758e+01
