x,y,z,Bx,By,Bz,Ex,Ey,Ez
0.000000000000e+00,0.000000000000e+00,1.000000000000e+00,5.239432372170e-14,8.612807218430e-13,-1.182650496669e-13,-7.457921348553e+04,-1.810509966857e+00,-1.438411303442e+04
