x,y,z,Bx,By,Bz,Ex,Ey,Ez
0.000000000000e+00,0.000000000000e+00,1.000000000000e+00,-2.723006930709e-16,1.579504437612e-14,-1.397851130885e-15,3.986717368508e+03,-1.203440361602e+00,-2.639926042680e+02
