x,y,z,Bx,By,Bz,Ex,Ey,Ez
0.000000000000e+00,0.000000000000e+00,1.000000000000e+00,1.247133535217e-17,1.569054450216e-15,-2.432753116271e-16,-8.411169935828e+02,-6.243335891368e-02,-2.621775183106e+01
