x,y,z,Bx,By,Bz,Ex,Ey,Ez
0.000000000000e+00,0.000000000000e+00,1.000000000000e+00,-2.385377506753e-16,1.384947557152e-14,-1.524484477276e-15,3.646365145012e+03,-1.015923599806e+00,-2.314532716431e+02
