x,y,z,Bx,By,Bz,Ex,Ey,Ez
0.000000000000e+00,0.000000000000e+00,1.000000000000e+00,-3.198131682167e-17,3.132053063158e-15,1.474113575684e-17,1.335167828678e+03,-2.689672918105e-01,-5.226749447620e+01
