x,y,z,Bx,By,Bz,Ex,Ey,Ez
0.000000000000e+00,0.000000000000e+00,1.000000000000e+00,2.644759613752e-16,1.580569668149e-14,-9.106075462031e-16,-3.985358365395e+03,-6.594775659437e-01,-2.639347169256e+02
