x,y,z,Bx,By,Bz,Ex,Ey,Ez
0.000000000000e+00,0.000000000000e+00,1.000000000000e+00,5.429099869542e-18,7.950706324847e-16,-1.575503130513e-16,-5.333958674575e+02,3.320138132203e-02,-1.327346390274e+01
