x,y,z,Bx,By,Bz,Ex,Ey,Ez
0.000000000000e+00,0.000000000000e+00,1.000000000000e+00,-1.247207382602e-16,9.332708601829e-15,-1.172446725756e-15,2.788047323961e+03,3.146809095605e-01,-1.557032392008e+02
