x,y,z,Bx,By,Bz,Ex,Ey,Ez
0.000000000000e+00,0.000000000000e+00,1.000000000000e+00,-2.558110159493e-19,6.940652534320e-17,-1.215473649311e-17,1.047004991645e+02,-3.343516046791e-03,-1.158545942984e+00
