x,y,z,Bx,By,Bz,Ex,Ey,Ez
0.000000000000e+00,0.000000000000e+00,1.000000000000e+00,-2.839643209728e-19,8.432991530285e-17,-7.660189979088e-20,1.193199040674e+02,4.928565960633e-03,-1.409340587277e+00
