x,y,z,Bx,By,Bz,Ex,Ey,Ez
0.000000000000e+00,0.000000000000e+00,1.000000000000e+00,2.970038283991e-11,1.060557814325e-10,-2.040233613303e-11,-4.795740557104e+06,1.749187560834e+05,-1.773325412618e+06
