x,y,z,Bx,By,Bz,Ex,Ey,Ez
0.000000000000e+00,0.000000000000e+00,1.000000000000e+00,-2.426434574880e-19,8.025010708938e-17,7.530887921933e-18,1.153848457733e+02,-4.511226380465e-04,-1.340328362919e+00
