x,y,z,Bx,By,Bz,Ex,Ey,Ez
0.000000000000e+00,0.000000000000e+00,1.000000000000e+00,5.445851132219e-16,2.607176998803e-14,-1.782928567019e-15,-5.610046443074e+03,1.946033289826e+00,-4.353664496413e+02
