x,y,z,Bx,By,Bz,Ex,Ey,Ez
0.000000000000e+00,0.000000000000e+00,1.000000000000e+00,1.173185851634e-17,1.474681154991e-15,-2.736233434378e-16,-8.070049665644e+02,-1.453978587474e-02,-2.464444106636e+01
