x,y,z,Bx,By,Bz,Ex,Ey,Ez
0.000000000000e+00,0.000000000000e+00,1.000000000000e+00,1.317526757092e-16,9.021666080169e-15,-1.106500981901e-15,-2.727908643928e+03,3.958062207168e-02,-1.508190729269e+02
