x,y,z,Bx,By,Bz,Ex,Ey,Ez
0.000000000000e+00,0.000000000000e+00,1.000000000000e+00,2.615134680518e-19,7.652927166656e-17,1.986826481956e-18,-1.117733891897e+02,3.032981252317e-04,-1.277848493720e+00
