x,y,z,Bx,By,Bz,Ex,Ey,Ez
0.000000000000e+00,0.000000000000e+00,1.000000000000e+00,4.852840030084e-19,1.352514719195e-16,-3.929291559090e-17,-1.635480759699e+02,-1.009241861206e-02,-2.260372134529e+00
