x,y,z,Bx,By,Bz,Ex,Ey,Ez
0.000000000000e+00,0.000000000000e+00,1.000000000000e+00,1.679431669042e-17,1.998630363791e-15,-5.708731877299e-17,-9.887155613551e+02,-9.002081266474e-03,-3.338753456890e+01
