x,y,z,Bx,By,Bz,Ex,Ey,Ez
0.000000000000e+00,0.000000000000e+00,1.000000000000e+00,-5.395557872122e-19,1.640954236717e-16,1.198948932295e-17,1.858259301095e+02,-1.645568822206e-03,-2.737969852591e+00
