x,y,z,Bx,By,Bz,Ex,Ey,Ez
0.000000000000e+00,0.000000000000e+00,1.000000000000e+00,-2.724512278808e-18,4.303772631506e-16,5.650305957760e-17,3.539277605651e+02,-4.645624910108e-02,-7.188876272110e+00
