x,y,z,Bx,By,Bz,Ex,Ey,Ez
0.000000000000e+00,0.000000000000e+00,1.000000000000e+00,-3.072295666148e-18,5.766051737128e-16,-6.952016629327e-17,4.304560282517e+02,2.176691350432e-02,-9.631393046609e+00
