x,y,z,Bx,By,Bz,Ex,Ey,Ez
0.000000000000e+00,0.000000000000e+00,1.000000000000e+00,7.529833659947e-19,1.780089306550e-16,-3.569669505837e-17,-1.964715066914e+02,2.735916008272e-03,-2.975805457425e+00
