x,y,z,Bx,By,Bz,Ex,Ey,Ez
0.000000000000e+00,0.000000000000e+00,1.000000000000e+00,-4.101788342313e-11,1.386847669001e-10,5.558081235821e-12,3.903855042844e+06,2.017096042900e+05,-2.320231625976e+06
