x,y,z,Bx,By,Bz,Ex,Ey,Ez
0.000000000000e+00,0.000000000000e+00,1.000000000000e+00,7.121312338145e-16,3.179217923376e-14,-3.210660836071e-15,-6.435345089868e+03,2.428227072148e+00,-5.312103503888e+02
