x,y,z,Bx,By,Bz,Ex,Ey,Ez
0.000000000000e+00,0.000000000000e+00,1.000000000000e+00,1.502712519834e-18,2.919614313727e-16,-4.769094506940e-17,-2.730271811573e+02,3.544102929034e-03,-4.871968118330e+00
