x,y,z,Bx,By,Bz,Ex,Ey,Ez
0.000000000000e+00,0.000000000000e+00,1.000000000000e+00,2.713172330497e-18,4.494366798055e-16,-4.202941643077e-17,-3.645532417346e+02,1.285152246757e-02,-7.511041742462e+00
