x,y,z,Bx,By,Bz,Ex,Ey,Ez
0.000000000000e+00,0.000000000000e+00,1.000000000000e+00,6.600852370639e-19,1.839563679563e-16,-1.710789639412e-17,-2.007949637904e+02,6.700459493367e-04,-3.074507053493e+00
