x,y,z,Bx,By,Bz,Ex,Ey,Ez
0.000000000000e+00,0.000000000000e+00,1.000000000000e+00,-4.381781107285e-19,1.568428574597e-16,2.567400689478e-18,1.804691188513e+02,-7.330943596772e-03,-2.620313325028e+00
