x,y,z,Bx,By,Bz,Ex,Ey,Ez
0.000000000000e+00,0.000000000000e+00,1.000000000000e+00,-2.052825201953e-19,9.014057951697e-17,-3.559691066699e-17,1.247471659230e+02,-3.203454863851e-03,-1.506269453419e+00
