x,y,z,Bx,By,Bz,Ex,Ey,Ez
0.000000000000e+00,0.000000000000e+00,1.000000000000e+00,-2.405837506974e-19,9.440129422428e-17,1.235471510793e-17,1.285513926175e+02,-4.216564447796e-03,-1.575934773182e+00
