x,y,z,Bx,By,Bz,Ex,Ey,Ez
0.000000000000e+00,0.000000000000e+00,1.000000000000e+00,7.904328960244e-19,2.208341378878e-16,-3.848383838020e-17,-2.268527608020e+02,-2.391837580109e-03,-3.690799054963e+00
