x,y,z,Bx,By,Bz,Ex,Ey,Ez
0.000000000000e+00,0.000000000000e+00,1.000000000000e+00,-5.785416908138e-19,1.651561681822e-16,1.121223899416e-17,1.866115596692e+02,-7.478208631975e-04,-2.755361104694e+00
