x,y,z,Bx,By,Bz,Ex,Ey,Ez
0.000000000000e+00,0.000000000000e+00,1.000000000000e+00,-8.044606906569e-17,6.030001530201e-15,-5.268490485392e-16,2.077662804022e+03,-1.488355159833e-01,-1.007896198760e+02
