x,y,z,Bx,By,Bz,Ex,Ey,Ez
0.000000000000e+00,0.000000000000e+00,1.000000000000e+00,6.014268794141e-18,8.208688159163e-16,-1.713711596206e-16,-5.450296234802e+02,1.638939156074e-02,-1.370848782572e+01
