x,y,z,Bx,By,Bz,Ex,Ey,Ez
0.000000000000e+00,0.000000000000e+00,1.000000000000e+00,-4.618822511591e-18,7.505205108737e-16,-1.381486902534e-16,5.136650018206e+02,-7.217963271810e-03,-1.254411117870e+01
