x,y,z,Bx,By,Bz,Ex,Ey,Ez
0.000000000000e+00,0.000000000000e+00,1.000000000000e+00,-8.285926637724e-18,1.151983754733e-15,-6.434239685909e-17,6.834598634659e+02,8.125630223004e-03,-1.923673908240e+01
