x,y,z,Bx,By,Bz,Ex,Ey,Ez
0.000000000000e+00,0.000000000000e+00,1.000000000000e+00,-2.585855059929e-19,6.951323290113e-17,-1.103654622893e-17,1.048106724934e+02,-3.396862491151e-03,-1.160380972434e+00
