x,y,z,Bx,By,Bz,Ex,Ey,Ez
0.000000000000e+00,0.000000000000e+00,1.000000000000e+00,-1.334291577187e-18,2.930724359481e-16,1.140017132536e-17,2.739310513283e+02,2.504604064615e-02,-4.896840475156e+00
