x,y,z,Bx,By,Bz,Ex,Ey,Ez
0.000000000000e+00,0.000000000000e+00,1.000000000000e+00,1.693477116528e-18,2.986265677925e-16,-5.437512872739e-17,-2.772640768729e+02,1.816360198490e-04,-4.985673829025e+00
