x,y,z,Bx,By,Bz,Ex,Ey,Ez
0.000000000000e+00,0.000000000000e+00,1.000000000000e+00,5.750733282096e-18,9.793864849281e-16,-6.415217788267e-17,-6.138167828555e+02,-3.630162415042e-02,-1.637678398028e+01
