x,y,z,Bx,By,Bz,Ex,Ey,Ez
0.000000000000e+00,0.000000000000e+00,1.000000000000e+00,1.113550054717e-17,1.347347467675e-15,-1.935409365633e-16,-7.594933479077e+02,4.542699101930e-02,-2.251207419592e+01
