x,y,z,Bx,By,Bz,Ex,Ey,Ez
0.000000000000e+00,0.000000000000e+00,1.000000000000e+00,-3.922874628970e-12,2.189059774081e-11,-1.273099729290e-11,1.962001450637e+06,2.948797712877e+03,-3.656620664566e+05
