x,y,z,Bx,By,Bz,Ex,Ey,Ez
0.000000000000e+00,0.000000000000e+00,1.000000000000e+00,5.701462900409e-18,8.064307691856e-16,-1.662104853648e-16,-5.385219144383e+02,2.603419138168e-02,-1.346451829741e+01
