x,y,z,Bx,By,Bz,Ex,Ey,Ez
0.000000000000e+00,0.000000000000e+00,1.000000000000e+00,1.707826913049e-19,6.124454450769e-17,-9.826242545287e-18,-9.639136401915e+01,-3.695987618265e-04,-1.023532250152e+00
