x,y,z,Bx,By,Bz,Ex,Ey,Ez
0.000000000000e+00,0.000000000000e+00,1.000000000000e+00,-2.090777755836e-13,2.555268828061e-12,-5.381164165770e-13,2.007379324157e+05,-1.080632973229e+02,-4.264375592182e+04
