x,y,z,Bx,By,Bz,Ex,Ey,Ez
0.000000000000e+00,0.000000000000e+00,1.000000000000e+00,-1.241226247023e-18,2.460022761915e-16,2.122294548836e-17,2.435164480858e+02,-6.376545842892e-03,-4.105983965693e+00
