x,y,z,Bx,By,Bz,Ex,Ey,Ez
0.000000000000e+00,0.000000000000e+00,1.000000000000e+00,3.316544574536e-16,1.851153478122e-14,-7.653712009489e-16,-4.436859691414e+03,-8.527507890906e-02,-3.090564069577e+02
