x,y,z,Bx,By,Bz,Ex,Ey,Ez
0.000000000000e+00,0.000000000000e+00,1.000000000000e+00,-3.229335926687e-18,5.936314130165e-16,-5.719739306292e-17,4.388649364463e+02,1.999754940505e-02,-9.914365693582e+00
