x,y,z,Bx,By,Bz,Ex,Ey,Ez
0.000000000000e+00,0.000000000000e+00,1.000000000000e+00,1.397888721403e-18,2.890299495036e-16,-4.178985138519e-17,-2.711739584767e+02,4.646653489398e-03,-4.822527113646e+00
