x,y,z,Bx,By,Bz,Ex,Ey,Ez
0.000000000000e+00,0.000000000000e+00,1.000000000000e+00,-2.996089713873e-14,5.654795112105e-13,-7.544707209032e-14,5.285614594638e+04,-4.428247681149e+01,-9.450589078337e+03
