x,y,z,Bx,By,Bz,Ex,Ey,Ez
0.000000000000e+00,0.000000000000e+00,1.000000000000e+00,-1.315371388121e-18,2.722619579729e-16,1.028005243777e-17,2.608478755460e+02,6.538944852492e-03,-4.551282539353e+00
