x,y,z,Bx,By,Bz,Ex,Ey,Ez
0.000000000000e+00,0.000000000000e+00,1.000000000000e+00,1.866537575550e-14,3.905082703703e-13,-4.430352129729e-14,-3.934964025050e+04,-7.626017280704e+00,-6.521562808885e+03
