x,y,z,Bx,By,Bz,Ex,Ey,Ez
0.000000000000e+00,0.000000000000e+00,1.000000000000e+00,-1.081240254442e-17,1.506877893385e-15,-1.209257655580e-16,8.188237669660e+02,1.107634628317e-01,-2.518936572104e+01
