x,y,z,Bx,By,Bz,Ex,Ey,Ez
0.000000000000e+00,0.000000000000e+00,1.000000000000e+00,2.694448163568e-19,7.802762982107e-17,-3.064056800396e-18,-1.132505948375e+02,1.071466002677e-03,-1.303236370147e+00
