x,y,z,Bx,By,Bz,Ex,Ey,Ez
0.000000000000e+00,0.000000000000e+00,1.000000000000e+00,4.698678800160e-19,1.379533624687e-16,-2.778394552222e-17,-1.657177613087e+02,-1.268160846634e-02,-2.305598095510e+00
