x,y,z,Bx,By,Bz,Ex,Ey,Ez
0.000000000000e+00,0.000000000000e+00,1.000000000000e+00,-3.578323120120e-18,6.214476959321e-16,-4.825365636103e-17,4.524473589974e+02,2.085916027214e-02,-1.037707525256e+01
