x,y,z,Bx,By,Bz,Ex,Ey,Ez
0.000000000000e+00,0.000000000000e+00,1.000000000000e+00,5.382455794143e-19,1.582993855067e-16,2.217767227233e-17,-1.814594164313e+02,5.129791074676e-03,-2.642229601207e+00
