x,y,z,Bx,By,Bz,Ex,Ey,Ez
0.000000000000e+00,0.000000000000e+00,1.000000000000e+00,1.698398654851e-19,6.133784004376e-17,-1.001218526398e-17,-9.648900298278e+01,-4.108333945898e-04,-1.025085961869e+00
