x,y,z,Bx,By,Bz,Ex,Ey,Ez
0.000000000000e+00,0.000000000000e+00,1.000000000000e+00,4.650006471184e-19,1.530695055300e-16,3.013707693089e-17,-1.774902900241e+02,-2.485154623512e-03,-2.556124470619e+00
