x,y,z,Bx,By,Bz,Ex,Ey,Ez
0.000000000000e+00,0.000000000000e+00,1.000000000000e+00,-7.782274990488e-18,1.119903565515e-15,-5.366851464734e-17,6.707339446151e+02,2.317603398396e-03,-1.870389628436e+01
