x,y,z,Bx,By,Bz,Ex,Ey,Ez
0.000000000000e+00,0.000000000000e+00,1.000000000000e+00,-4.576413306044e-19,1.290704279982e-16,7.216083504694e-18,1.584734048945e+02,-2.406260809583e-03,-2.156523641782e+00
