x,y,z,Bx,By,Bz,Ex,Ey,Ez
0.000000000000e+00,0.000000000000e+00,1.000000000000e+00,3.780004357451e-17,3.699693718123e-15,-4.133698592321e-16,-1.494945237344e+03,-4.467740120137e-03,-6.179437992792e+01
