x,y,z,Bx,By,Bz,Ex,Ey,Ez
0.000000000000e+00,0.000000000000e+00,1.000000000000e+00,-1.812919379110e-19,6.006010042244e-17,-1.642875687709e-17,9.514040778617e+01,2.870548454535e-03,-1.003595911153e+00
