x,y,z,Bx,By,Bz,Ex,Ey,Ez
0.000000000000e+00,0.000000000000e+00,1.000000000000e+00,6.386724495004e-17,5.334902561609e-15,-3.666364314320e-16,-1.911814792632e+03,-4.988203340310e-02,-8.910207098843e+01
