x,y,z,Bx,By,Bz,Ex,Ey,Ez
0.000000000000e+00,0.000000000000e+00,1.000000000000e+00,8.164821744355e-19,1.735297890149e-16,-4.046373139685e-17,-1.931084994811e+02,6.143126240097e-03,-2.899856903868e+00
