x,y,z,Bx,By,Bz,Ex,Ey,Ez
0.000000000000e+00,0.000000000000e+00,1.000000000000e+00,2.911204135633e-17,2.909263769425e-15,-2.612943891549e-16,-1.272544895977e+03,6.709664679310e-02,-4.862731802157e+01
