x,y,z,Bx,By,Bz,Ex,Ey,Ez
0.000000000000e+00,0.000000000000e+00,1.000000000000e+00,3.853191136669e-16,2.052078514169e-14,-8.321185676477e-16,-4.759835824900e+03,4.814767680473e-01,-3.425835888009e+02
