x,y,z,Bx,By,Bz,Ex,Ey,Ez
0.000000000000e+00,0.000000000000e+00,1.000000000000e+00,-9.770589781631e-19,1.766039875010e-16,7.874196436250e-18,1.953171488006e+02,7.801810119629e-03,-2.950319412034e+00
