x,y,z,Bx,By,Bz,Ex,Ey,Ez
0.000000000000e+00,0.000000000000e+00,1.000000000000e+00,-5.139178346473e-11,1.559869723617e-10,1.130482586295e-10,8.450825363358e+05,2.845407700369e+05,-2.609424321099e+06
