x,y,z,Bx,By,Bz,Ex,Ey,Ez
0.000000000000e+00,0.000000000000e+00,1.000000000000e+00,1.204981988388e-17,1.520882775547e-15,-2.672723781345e-16,-8.238038968187e+02,-3.960599100412e-02,-2.541484962950e+01
