x,y,z,Bx,By,Bz,Ex,Ey,Ez
0.000000000000e+00,0.000000000000e+00,1.000000000000e+00,1.638564638345e-19,6.257508851945e-17,-6.824398341496e-18,-9.777078827780e+01,-8.728957359189e-04,-1.045575005490e+00
