x,y,z,Bx,By,Bz,Ex,Ey,Ez
0.000000000000e+00,0.000000000000e+00,1.000000000000e+00,-4.397932874534e-17,3.832814132586e-15,1.036237198075e-16,1.530536680880e+03,2.961283765758e-01,-6.406069223173e+01
