x,y,z,Bx,By,Bz,Ex,Ey,Ez
0.000000000000e+00,0.000000000000e+00,1.000000000000e+00,-8.669801546571e-19,1.719162800579e-16,5.782079418685e-18,1.917077259583e+02,4.356044186650e-03,-2.869004868966e+00
