x,y,z,Bx,By,Bz,Ex,Ey,Ez
0.000000000000e+00,0.000000000000e+00,1.000000000000e+00,-2.869356029118e-15,9.165282005496e-14,-8.279381451040e-15,1.348159072037e+04,-7.849969225068e-01,-1.530692777581e+03
