x,y,z,Bx,By,Bz,Ex,Ey,Ez
0.000000000000e+00,0.000000000000e+00,1.000000000000e+00,-4.077745370528e-19,1.034921750066e-16,-2.104406303247e-17,1.367408476023e+02,6.264236138080e-04,-1.728765706032e+00
