x,y,z,Bx,By,Bz,Ex,Ey,Ez
0.000000000000e+00,0.000000000000e+00,1.000000000000e+00,-1.273653718281e-18,2.784860178457e-16,2.102341293647e-17,2.648011744252e+02,1.158992248810e-02,-4.654926185644e+00
