x,y,z,Bx,By,Bz,Ex,Ey,Ez
0.000000000000e+00,0.000000000000e+00,1.000000000000e+00,-3.717671194916e-19,1.000717630605e-16,-6.536598281109e-18,1.336583929169e+02,2.018901705431e-03,-1.670738473212e+00
