x,y,z,Bx,By,Bz,Ex,Ey,Ez
0.000000000000e+00,0.000000000000e+00,1.000000000000e+00,6.233166534020e-18,9.250712401652e-16,-1.081142041583e-16,-5.909983057960e+02,-3.325283970645e-02,-1.547413744048e+01
