x,y,z,Bx,By,Bz,Ex,Ey,Ez
0.000000000000e+00,0.000000000000e+00,1.000000000000e+00,4.745395919438e-19,1.371335974386e-16,-3.157981933316e-17,-1.650625230260e+02,-1.203385591161e-02,-2.291904713998e+00
