x,y,z,Bx,By,Bz,Ex,Ey,Ez
0.000000000000e+00,0.000000000000e+00,1.000000000000e+00,-2.007266399060e-19,7.710478258958e-17,-1.573226387638e-17,1.123837775843e+02,-4.690151019131e-04,-1.288322561580e+00
