x,y,z,Bx,By,Bz,Ex,Ey,Ez
0.000000000000e+00,0.000000000000e+00,1.000000000000e+00,-5.895511540526e-18,8.830592230832e-16,-8.108467886642e-17,5.721651855285e+02,-6.443579826510e-02,-1.474407117328e+01
