x,y,z,Bx,By,Bz,Ex,Ey,Ez
0.000000000000e+00,0.000000000000e+00,1.000000000000e+00,-1.400184348546e-18,2.617711435290e-16,-7.945788041461e-18,2.540376565926e+02,1.434079833630e-03,-4.374480408128e+00
