x,y,z,Bx,By,Bz,Ex,Ey,Ez
0.000000000000e+00,0.000000000000e+00,1.000000000000e+00,5.634532624841e-18,8.035752871760e-16,-1.644252878782e-16,-5.372337864509e+02,2.788749897181e-02,-1.341641475911e+01
