x,y,z,Bx,By,Bz,Ex,Ey,Ez
0.000000000000e+00,0.000000000000e+00,1.000000000000e+00,1.698349587394e-19,6.345245875933e-17,-1.093668504941e-19,-9.867233192573e+01,-7.516434495489e-04,-1.060083228590e+00
