x,y,z,Bx,By,Bz,Ex,Ey,Ez
0.000000000000e+00,0.000000000000e+00,1.000000000000e+00,4.094340456836e-18,6.931977816066e-16,2.118565734130e-17,-4.869638273162e+02,3.419858639138e-02,-1.158760751450e+01
