x,y,z,Bx,By,Bz,Ex,Ey,Ez
0.000000000000e+00,0.000000000000e+00,1.000000000000e+00,7.723671312405e-19,1.945793183976e-16,-2.944587585836e-18,-2.083295433935e+02,3.897206753659e-03,-3.249066173473e+00
