x,y,z,Bx,By,Bz,Ex,Ey,Ez
0.000000000000e+00,0.000000000000e+00,1.000000000000e+00,3.040440837472e-16,1.742968486708e-14,-7.915345853848e-16,-4.258833800329e+03,-3.508922724984e-01,-2.910136860687e+02
