x,y,z,Bx,By,Bz,Ex,Ey,Ez
0.000000000000e+00,0.000000000000e+00,1.000000000000e+00,2.708758838630e-19,7.983841883269e-17,-1.480157460346e-17,-1.150126609788e+02,8.289568081935e-04,-1.333705553059e+00
