x,y,z,Bx,By,Bz,Ex,Ey,Ez
0.000000000000e+00,0.000000000000e+00,1.000000000000e+00,3.793350978200e-19,1.239622829064e-16,-3.160348705945e-17,-1.542632263992e+02,6.044873883390e-03,-2.070792725641e+00
