x,y,z,Bx,By,Bz,Ex,Ey,Ez
0.000000000000e+00,0.000000000000e+00,1.000000000000e+00,4.348828913843e-19,1.268786525052e-16,-4.304645781010e-17,-1.566654095562e+02,2.618136327502e-03,-2.119216206911e+00
