x,y,z,Bx,By,Bz,Ex,Ey,Ez
0.000000000000e+00,0.000000000000e+00,1.000000000000e+00,1.095946585486e-17,1.319366480149e-15,-1.609535847086e-16,-7.487858801342e+02,5.192084157444e-02,-2.204079117500e+01
