x,y,z,Bx,By,Bz,Ex,Ey,Ez
0.000000000000e+00,0.000000000000e+00,1.000000000000e+00,2.268956092875e-19,9.836839152982e-17,-1.880278826488e-17,-1.322395679002e+02,-3.595192314716e-03,-1.644063056143e+00
