x,y,z,Bx,By,Bz,Ex,Ey,Ez
0.000000000000e+00,0.000000000000e+00,1.000000000000e+00,-8.995069785651e-18,1.189991737569e-15,-6.673438176272e-17,6.984493677196e+02,1.432257968242e-02,-1.987083248140e+01
