x,y,z,Bx,By,Bz,Ex,Ey,Ez
0.000000000000e+00,0.000000000000e+00,1.000000000000e+00,-1.139480881180e-17,1.604989942217e-15,-2.294525336341e-16,8.538546087462e+02,1.017058300763e-01,-2.680972322723e+01
