x,y,z,Bx,By,Bz,Ex,Ey,Ez
0.000000000000e+00,0.000000000000e+00,1.000000000000e+00,-4.646440554121e-18,7.375615480924e-16,-1.306562186750e-16,5.077125167747e+02,-2.573349294241e-04,-1.232749540858e+01
