x,y,z,Bx,By,Bz,Ex,Ey,Ez
0.000000000000e+00,0.000000000000e+00,1.000000000000e+00,4.373386720714e-17,4.050558916385e-15,-4.214406523927e-16,-1.588619430742e+03,-4.927450230510e-02,-6.764581035525e+01
