x,y,z,Bx,By,Bz,Ex,Ey,Ez
0.000000000000e+00,0.000000000000e+00,1.000000000000e+00,2.719041060705e-19,8.036791915079e-17,-1.783291963515e-17,-1.155235374688e+02,4.770160137247e-04,-1.342584436451e+00
