x,y,z,Bx,By,Bz,Ex,Ey,Ez
0.000000000000e+00,0.000000000000e+00,1.000000000000e+00,-1.336815198273e-18,3.447662253085e-16,-7.765933464265e-17,3.054753174710e+02,8.844669429778e-03,-5.762057665588e+00
