x,y,z,Bx,By,Bz,Ex,Ey,Ez
0.000000000000e+00,0.000000000000e+00,1.000000000000e+00,8.386886831014e-14,1.237892059809e-12,-1.864349831718e-13,-1.020267688561e+05,1.991437885065e+01,-2.067730090067e+04
