x,y,z,Bx,By,Bz,Ex,Ey,Ez
0.000000000000e+00,0.000000000000e+00,1.000000000000e+00,3.685375185288e-19,1.232401267815e-16,-2.848602396732e-17,-1.536709987349e+02,6.653830543840e-03,-2.058919480358e+00
