x,y,z,Bx,By,Bz,Ex,Ey,Ez
0.000000000000e+00,0.000000000000e+00,1.000000000000e+00,-9.965717079661e-16,4.368697272829e-14,-4.627827930843e-15,8.019635104014e+03,3.419544948706e+00,-7.299866205254e+02
