x,y,z,Bx,By,Bz,Ex,Ey,Ez
0.000000000000e+00,0.000000000000e+00,1.000000000000e+00,-4.650684809748e-18,7.126473940103e-16,-1.116949481061e-16,4.961084483399e+02,1.108157866868e-02,-1.190896098421e+01
