x,y,z,Bx,By,Bz,Ex,Ey,Ez
0.000000000000e+00,0.000000000000e+00,1.000000000000e+00,-1.118762087061e-11,4.790275083740e-11,-2.744101186426e-11,3.629013698459e+06,2.230093267939e+04,-8.006846421286e+05
