x,y,z,Bx,By,Bz,Ex,Ey,Ez
0.000000000000e+00,0.000000000000e+00,1.000000000000e+00,1.450187044903e-17,1.758341480397e-15,-8.626862664273e-17,-9.075587970513e+02,-8.644856960225e-02,-2.937769646214e+01
