x,y,z,Bx,By,Bz,Ex,Ey,Ez
0.000000000000e+00,0.000000000000e+00,1.000000000000e+00,1.355567689124e-19,7.115028998163e-17,-2.318177698369e-17,-1.064929964179e+02,1.780417733728e-03,-1.188277449061e+00
