x,y,z,Bx,By,Bz,Ex,Ey,Ez
0.000000000000e+00,0.000000000000e+00,1.000000000000e+00,-1.812788498387e-19,6.014875510412e-17,-1.672019251166e-17,9.523629115836e+01,2.778350913595e-03,-1.005109587050e+00
