x,y,z,Bx,By,Bz,Ex,Ey,Ez
0.000000000000e+00,0.000000000000e+00,1.000000000000e+00,-1.226449001548e-16,9.257136011932e-15,-1.135844655073e-15,2.772841628531e+03,3.281817199240e-01,-1.544518375061e+02
