x,y,z,Bx,By,Bz,Ex,Ey,Ez
0.000000000000e+00,0.000000000000e+00,1.000000000000e+00,-1.549880621687e-13,2.028645591906e-12,-3.867457995593e-13,1.606723463039e+05,-8.252902583199e+01,-3.386389717382e+04
