x,y,z,Bx,By,Bz,Ex,Ey,Ez
0.000000000000e+00,0.000000000000e+00,1.000000000000e+00,-3.599922138401e-15,1.091858348446e-13,-9.347565626281e-15,1.527940548767e+04,4.268809215188e-01,-1.824421825263e+03
