x,y,z,Bx,By,Bz,Ex,Ey,Ez
0.000000000000e+00,0.000000000000e+00,1.000000000000e+00,2.877730956829e-19,9.235403590458e-17,-7.656376285060e-18,-1.267716414852e+02,4.805903071817e-04,-1.543291416285e+00
