x,y,z,Bx,By,Bz,Ex,Ey,Ez
0.000000000000e+00,0.000000000000e+00,1.000000000000e+00,-7.508186956956e-19,2.129438804093e-16,-9.904652643685e-17,2.213539028039e+02,-1.707330743812e-02,-3.556672264971e+00
