x,y,z,Bx,By,Bz,Ex,Ey,Ez
0.000000000000e+00,0.000000000000e+00,1.000000000000e+00,1.992899614276e-19,1.003679084531e-16,-7.369282844446e-18,-1.339764107676e+02,-4.193514349667e-03,-1.676607549332e+00
