x,y,z,Bx,By,Bz,Ex,Ey,Ez
0.000000000000e+00,0.000000000000e+00,1.000000000000e+00,2.848634451863e-19,9.187595695720e-17,-4.549417598514e-18,-1.263306990704e+02,4.245445083595e-04,-1.535267849538e+00
