x,y,z,Bx,By,Bz,Ex,Ey,Ez
0.000000000000e+00,0.000000000000e+00,1.000000000000e+00,2.656668514651e-19,7.702356458300e-17,1.193308209715e-18,-1.122623502515e+02,6.120048307630e-04,-1.286238075752e+00
