x,y,z,Bx,By,Bz,Ex,Ey,Ez
0.000000000000e+00,0.000000000000e+00,1.000000000000e+00,6.162356712854e-17,5.194102962677e-15,-3.708849331010e-16,-1.877754972202e+03,-6.207178353476e-02,-8.675307840666e+01
