x,y,z,Bx,By,Bz,Ex,Ey,Ez
0.000000000000e+00,0.000000000000e+00,1.000000000000e+00,1.379192554449e-18,3.393108102573e-16,5.089113535180e-18,-3.021154269916e+02,2.305342694917e-03,-5.670060676915e+00
