x,y,z,Bx,By,Bz,Ex,Ey,Ez
0.000000000000e+00,0.000000000000e+00,1.000000000000e+00,1.343952319736e-18,2.875698978198e-16,-3.832717467313e-17,-2.702541842080e+02,5.066093631039e-03,-4.798055770602e+00
