x,y,z,Bx,By,Bz,Ex,Ey,Ez
0.000000000000e+00,0.000000000000e+00,1.000000000000e+00,-1.091669412581e-12,8.820139052293e-12,-3.475815320379e-12,7.492707286264e+05,-1.099173871826e+02,-1.471510296989e+05
