x,y,z,Bx,By,Bz,Ex,Ey,Ez
0.000000000000e+00,0.000000000000e+00,1.000000000000e+00,1.407329575603e-18,3.449438495795e-16,-5.988542421739e-19,-3.053922558139e+02,5.294965281759e-03,-5.762332517086e+00
