x,y,z,Bx,By,Bz,Ex,Ey,Ez
0.000000000000e+00,0.000000000000e+00,1.000000000000e+00,-4.584206942191e-19,1.270959260817e-16,-2.073268702000e-18,1.568440928626e+02,-3.571410070480e-03,-2.123322070970e+00
