x,y,z,Bx,By,Bz,Ex,Ey,Ez
0.000000000000e+00,0.000000000000e+00,1.000000000000e+00,-1.902790893443e-17,1.999239783545e-15,-1.861183499648e-16,9.890466596628e+02,-2.692537452387e-02,-3.339012248636e+01
