x,y,z,Bx,By,Bz,Ex,Ey,Ez
0.000000000000e+00,0.000000000000e+00,1.000000000000e+00,-1.100829710844e-17,1.375433671433e-15,-3.012341475436e-17,7.702164033412e+02,7.406422093993e-02,-2.299594326889e+01
