x,y,z,Bx,By,Bz,Ex,Ey,Ez
0.000000000000e+00,0.000000000000e+00,1.000000000000e+00,-7.695574257883e-17,5.826132369141e-15,-6.458919659786e-16,2.029739829557e+03,-1.328883356252e-01,-9.735015213068e+01
