x,y,z,Bx,By,Bz,Ex,Ey,Ez
0.000000000000e+00,0.000000000000e+00,1.000000000000e+00,1.181244027735e-17,1.487683596318e-15,-2.736985946983e-16,-8.117535168832e+02,-2.174972759349e-02,-2.486133970956e+01
