x,y,z,Bx,By,Bz,Ex,Ey,Ez
0.000000000000e+00,0.000000000000e+00,1.000000000000e+00,5.705228703123e-17,4.895074919591e-15,-3.803653068806e-16,-1.804385824367e+03,-7.828272271712e-02,-8.176156612995e+01
