x,y,z,Bx,By,Bz,Ex,Ey,Ez
0.000000000000e+00,0.000000000000e+00,1.000000000000e+00,1.781519713270e-18,3.664762128555e-16,-4.081588190957e-17,-3.178847702307e+02,9.065406552741e-03,-6.118508033485e+00
