x,y,z,Bx,By,Bz,Ex,Ey,Ez
0.000000000000e+00,0.000000000000e+00,1.000000000000e+00,-1.375781806693e-18,2.656210457307e-16,-3.139095886779e-18,2.565601334209e+02,2.840137058119e-03,-4.439697432865e+00
