x,y,z,Bx,By,Bz,Ex,Ey,Ez
0.000000000000e+00,0.000000000000e+00,1.000000000000e+00,2.701530007163e-19,7.892448020260e-17,-8.754409510167e-18,-1.141265089857e+02,1.146067949248e-03,-1.318354269031e+00
