x,y,z,Bx,By,Bz,Ex,Ey,Ez
0.000000000000e+00,0.000000000000e+00,1.000000000000e+00,-2.700696680206e-18,4.627882499594e-16,8.764231876776e-17,3.717036821176e+02,4.023507143055e-03,-7.736923250274e+00
