x,y,z,Bx,By,Bz,Ex,Ey,Ez
0.000000000000e+00,0.000000000000e+00,1.000000000000e+00,-6.164718719659e-19,1.947361939856e-16,-3.802763104456e-17,2.086651586084e+02,1.806220243077e-02,-3.256170191772e+00
