x,y,z,Bx,By,Bz,Ex,Ey,Ez
0.000000000000e+00,0.000000000000e+00,1.000000000000e+00,-2.276014568641e-18,4.032454774308e-16,-7.007968850416e-17,3.387421120661e+02,-5.493912311873e-02,-6.728993386028e+00
