x,y,z,Bx,By,Bz,Ex,Ey,Ez
0.000000000000e+00,0.000000000000e+00,1.000000000000e+00,2.781755632128e-19,9.561346383452e-17,-2.362577913620e-17,-1.297694980045e+02,-1.255993104616e-03,-1.598228119854e+00
