x,y,z,Bx,By,Bz,Ex,Ey,Ez
0.000000000000e+00,0.000000000000e+00,1.000000000000e+00,-1.178634382348e-15,4.944879568868e-14,-6.010342387366e-15,8.739449954075e+03,3.073022819577e+00,-8.257182587594e+02
