x,y,z,Bx,By,Bz,Ex,Ey,Ez
0.000000000000e+00,0.000000000000e+00,1.000000000000e+00,-6.759686605970e-16,3.100505569083e-14,-1.526703190848e-15,6.324098074609e+03,1.674659166072e+00,-5.184853407829e+02
