x,y,z,Bx,By,Bz,Ex,Ey,Ez
0.000000000000e+00,0.000000000000e+00,1.000000000000e+00,-2.861919078223e-18,5.479324626355e-16,-8.699591406344e-17,4.160861161350e+02,3.007232085563e-02,-9.154427558349e+00
