x,y,z,Bx,By,Bz,Ex,Ey,Ez
0.000000000000e+00,0.000000000000e+00,1.000000000000e+00,-7.601964979341e-19,2.144217539627e-16,-9.092987042695e-17,2.223712510660e+02,-2.009948004927e-02,-3.581303806585e+00
