x,y,z,Bx,By,Bz,Ex,Ey,Ez
0.000000000000e+00,0.000000000000e+00,1.000000000000e+00,8.700842982975e-16,3.734240296353e-14,-4.283673425949e-15,-7.195789919329e+03,2.157233799745e+00,-6.242117818945e+02
