x,y,z,Bx,By,Bz,Ex,Ey,Ez
0.000000000000e+00,0.000000000000e+00,1.000000000000e+00,-3.479881661734e-19,9.884501060760e-17,3.874606018462e-18,1.325479791378e+02,1.505641318156e-03,-1.650008031622e+00
