x,y,z,Bx,By,Bz,Ex,Ey,Ez
0.000000000000e+00,0.000000000000e+00,1.000000000000e+00,1.001922088335e-14,2.424971673849e-13,-2.590198084386e-14,-2.737429304728e+04,-1.027951305051e+01,-4.050881018596e+03
