x,y,z,Bx,By,Bz,Ex,Ey,Ez
0.000000000000e+00,0.000000000000e+00,1.000000000000e+00,3.572221440766e-16,1.948195944332e-14,-7.786749190461e-16,-4.594024401875e+03,1.798890175610e-01,-3.252460770854e+02
