x,y,z,Bx,By,Bz,Ex,Ey,Ez
0.000000000000e+00,0.000000000000e+00,1.000000000000e+00,-4.650992336452e-18,7.350112186421e-16,-1.289656528346e-16,5.065341947883e+02,1.038790607744e-03,-1.228477123829e+01
