x,y,z,Bx,By,Bz,Ex,Ey,Ez
0.000000000000e+00,0.000000000000e+00,1.000000000000e+00,-3.518449259432e-15,1.072421947937e-13,-9.175125359845e-15,1.508365926687e+04,2.632580718421e-01,-1.791869405400e+03
