x,y,z,Bx,By,Bz,Ex,Ey,Ez
0.000000000000e+00,0.000000000000e+00,1.000000000000e+00,-6.799070747907e-17,5.407815374947e-15,-8.704509100239e-16,1.929945944921e+03,-1.523665830039e-02,-9.031207509457e+01
