x,y,z,Bx,By,Bz,Ex,Ey,Ez
0.000000000000e+00,0.000000000000e+00,1.000000000000e+00,1.174365760555e-18,2.492631436710e-16,-1.159186874729e-17,-2.459168670389e+02,-9.327491121033e-03,-4.165722749143e+00
