x,y,z,Bx,By,Bz,Ex,Ey,Ez
0.000000000000e+00,0.000000000000e+00,1.000000000000e+00,-9.003289989138e-17,7.158557967448e-15,-2.313490408814e-16,2.333612530137e+03,8.447091150185e-02,-1.197446584715e+02
