x,y,z,Bx,By,Bz,Ex,Ey,Ez
0.000000000000e+00,0.000000000000e+00,1.000000000000e+00,-1.206360664218e-16,9.182330981642e-15,-1.098637714935e-15,2.757758770505e+03,3.401128591923e-01,-1.532138668880e+02
