x,y,z,Bx,By,Bz,Ex,Ey,Ez
0.000000000000e+00,0.000000000000e+00,1.000000000000e+00,1.497224015291e-13,1.941969806124e-12,-3.444381337329e-13,-1.540307975832e+05,1.037628783524e+02,-3.245254827734e+04
