x,y,z,Bx,By,Bz,Ex,Ey,Ez
0.000000000000e+00,0.000000000000e+00,1.000000000000e+00,6.003007860997e-14,9.564091187888e-13,-1.345087082071e-13,-8.151990689940e+04,1.587525105331e+00,-1.597323888776e+04
