x,y,z,Bx,By,Bz,Ex,Ey,Ez
0.000000000000e+00,0.000000000000e+00,1.000000000000e+00,2.841397364303e-19,8.350144397853e-17,-1.924334811585e-17,-1.185235688475e+02,-2.577538975874e-03,-1.395193104050e+00
