x,y,z,Bx,By,Bz,Ex,Ey,Ez
0.000000000000e+00,0.000000000000e+00,1.000000000000e+00,-4.010753983632e-19,1.023960043011e-16,-1.999547466751e-17,1.357568369910e+02,1.332784216579e-03,-1.710158405117e+00
