x,y,z,Bx,By,Bz,Ex,Ey,Ez
0.000000000000e+00,0.000000000000e+00,1.000000000000e+00,-7.219799147303e-18,1.054966304726e-15,-2.123301181946e-17,6.446343610573e+02,-1.566613561599e-02,-1.762691739397e+01
