x,y,z,Bx,By,Bz,Ex,Ey,Ez
0.000000000000e+00,0.000000000000e+00,1.000000000000e+00,-1.804872959944e-19,5.979507644593e-17,-1.515442464484e-17,9.485353634918e+01,3.128159892334e-03,-9.990727907381e-01
