x,y,z,Bx,By,Bz,Ex,Ey,Ez
0.000000000000e+00,0.000000000000e+00,1.000000000000e+00,-1.357883684409e-17,1.735655819892e-15,-3.010442905415e-16,8.994345589991e+02,4.722892493608e-02,-2.897137469960e+01
