x,y,z,Bx,By,Bz,Ex,Ey,Ez
0.000000000000e+00,0.000000000000e+00,1.000000000000e+00,-3.675945890810e-16,1.988488433615e-14,-1.269916825856e-15,4.659860563892e+03,-9.957399083901e-01,-3.320664365548e+02
