x,y,z,Bx,By,Bz,Ex,Ey,Ez
0.000000000000e+00,0.000000000000e+00,1.000000000000e+00,-7.073271565625e-14,1.103921865936e-12,-1.653624946565e-13,9.243656714874e+04,-5.454357468098e+01,-1.843974793027e+04
