x,y,z,Bx,By,Bz,Ex,Ey,Ez
0.000000000000e+00,0.000000000000e+00,1.000000000000e+00,-2.606082218978e-18,4.914842571859e-16,4.770681033701e-18,3.869858542788e+02,3.544814343962e-02,-8.215975412830e+00
