x,y,z,Bx,By,Bz,Ex,Ey,Ez
0.000000000000e+00,0.000000000000e+00,1.000000000000e+00,-4.590262790446e-19,1.283243408764e-16,4.238569316211e-18,1.578592798790e+02,-2.937771883882e-03,-2.143992886531e+00
