x,y,z,Bx,By,Bz,Ex,Ey,Ez
0.000000000000e+00,0.000000000000e+00,1.000000000000e+00,-1.272320407825e-18,2.849313676276e-16,2.371658711757e-17,2.688491161649e+02,1.775658347745e-02,-4.761756045416e+00
