x,y,z,Bx,By,Bz,Ex,Ey,Ez
0.000000000000e+00,0.000000000000e+00,1.000000000000e+00,2.049322069158e-17,2.262349386196e-15,-1.664386088091e-16,-1.074166148989e+03,4.536080750908e-02,-3.777893454644e+01
