x,y,z,Bx,By,Bz,Ex,Ey,Ez
0.000000000000e+00,0.000000000000e+00,1.000000000000e+00,-2.336879215535e-19,9.406600965417e-17,9.644170374981e-18,1.282523857739e+02,-4.577837660720e-03,-1.570422842371e+00
