x,y,z,Bx,By,Bz,Ex,Ey,Ez
0.000000000000e+00,0.000000000000e+00,1.000000000000e+00,6.917247174070e-19,1.640493484391e-16,-5.598827445853e-18,-1.858332873341e+02,9.881330046309e-03,-2.738037554702e+00
