x,y,z,Bx,By,Bz,Ex,Ey,Ez
0.000000000000e+00,0.000000000000e+00,1.000000000000e+00,-1.510041797189e-18,3.716421050454e-16,-1.173344279593e-16,3.209052798754e+02,-1.838948671969e-02,-6.203125369331e+00
