x,y,z,Bx,By,Bz,Ex,Ey,Ez
0.000000000000e+00,0.000000000000e+00,1.000000000000e+00,-3.701277182649e-18,6.296933738652e-16,-4.909610987178e-17,4.564456027796e+02,2.148190783323e-02,-1.051456181175e+01
