x,y,z,Bx,By,Bz,Ex,Ey,Ez
0.000000000000e+00,0.000000000000e+00,1.000000000000e+00,6.512027221140e-18,8.915198378293e-16,-1.365849613793e-16,-5.764838973778e+02,-2.327932557778e-02,-1.490892129654e+01
