x,y,z,Bx,By,Bz,Ex,Ey,Ez
0.000000000000e+00,0.000000000000e+00,1.000000000000e+00,-1.792855820760e-19,5.961908143881e-17,-1.398189155712e-17,9.466293813001e+01,3.278748095539e-03,-9.960722342982e-01
