x,y,z,Bx,By,Bz,Ex,Ey,Ez
0.000000000000e+00,0.000000000000e+00,1.000000000000e+00,-9.989528461112e-18,1.244657255320e-15,-5.305811343560e-17,7.198745032064e+02,2.605736846097e-02,-2.078891604905e+01
