x,y,z,Bx,By,Bz,Ex,Ey,Ez
0.000000000000e+00,0.000000000000e+00,1.000000000000e+00,-1.086359098594e-19,6.423948962304e-17,-4.505851234875e-18,9.949328545830e+01,1.081537979751e-03,-1.073166079527e+00
