x,y,z,Bx,By,Bz,Ex,Ey,Ez
0.000000000000e+00,0.000000000000e+00,1.000000000000e+00,-3.973417049659e-19,1.080527951527e-16,2.386985049141e-19,1.407795552823e+02,-1.650467269090e-04,-1.805923323273e+00
