x,y,z,Bx,By,Bz,Ex,Ey,Ez
0.000000000000e+00,0.000000000000e+00,1.000000000000e+00,3.565407346803e-19,1.220440425648e-16,-2.344291708996e-17,-1.526913625566e+02,7.447867480446e-03,-2.039334372773e+00
