x,y,z,Bx,By,Bz,Ex,Ey,Ez
0.000000000000e+00,0.000000000000e+00,1.000000000000e+00,-2.868907151336e-17,2.995103476066e-15,-1.628960813778e-16,1.295978744301e+03,-3.069320606816e-01,-4.998425277059e+01
