x,y,z,Bx,By,Bz,Ex,Ey,Ez
0.000000000000e+00,0.000000000000e+00,1.000000000000e+00,4.792986371854e-19,1.363217068151e-16,-3.509668043537e-17,-1.644110217865e+02,-1.127061232240e-02,-2.278319521045e+00
