x,y,z,Bx,By,Bz,Ex,Ey,Ez
0.000000000000e+00,0.000000000000e+00,1.000000000000e+00,1.884990920787e-16,1.242537923409e-14,-1.317637034451e-15,-3.387040966372e+03,-7.094483602030e-01,-2.076052281654e+02
