x,y,z,Bx,By,Bz,Ex,Ey,Ez
0.000000000000e+00,0.000000000000e+00,1.000000000000e+00,-7.720851376909e-19,2.169177165696e-16,-7.362774315738e-17,2.240808180623e+02,-2.436223249085e-02,-3.622865273680e+00
