x,y,z,Bx,By,Bz,Ex,Ey,Ez
0.000000000000e+00,0.000000000000e+00,1.000000000000e+00,1.155856936964e-18,2.434411375338e-16,-2.198605613932e-17,-2.419959583242e+02,-9.649638738651e-03,-4.066465582849e+00
