x,y,z,Bx,By,Bz,Ex,Ey,Ez
0.000000000000e+00,0.000000000000e+00,1.000000000000e+00,-2.815114663548e-19,8.475146021216e-17,-5.800275692578e-18,1.197256520947e+02,5.069156838631e-03,-1.416497204467e+00
