x,y,z,Bx,By,Bz,Ex,Ey,Ez
0.000000000000e+00,0.000000000000e+00,1.000000000000e+00,5.566673799142e-18,8.007301747034e-16,-1.623858900587e-16,-5.359500817679e+02,2.970330952120e-02,-1.336853861097e+01
