x,y,z,Bx,By,Bz,Ex,Ey,Ez
0.000000000000e+00,0.000000000000e+00,1.000000000000e+00,4.484855990321e-19,1.276148632228e-16,-4.521558419526e-17,-1.572742524605e+02,1.541460072206e-03,-2.131557825306e+00
