x,y,z,Bx,By,Bz,Ex,Ey,Ez
0.000000000000e+00,0.000000000000e+00,1.000000000000e+00,-1.383522835731e-18,3.382654735820e-16,-7.309203952472e-17,3.016537093899e+02,1.357535556817e-02,-5.654651658060e+00
