x,y,z,Bx,By,Bz,Ex,Ey,Ez
0.000000000000e+00,0.000000000000e+00,1.000000000000e+00,-2.528449746261e-17,2.834039045634e-15,-3.546332680715e-16,1.249378335602e+03,-2.922252040986e-01,-4.731376974454e+01
