x,y,z,Bx,By,Bz,Ex,Ey,Ez
0.000000000000e+00,0.000000000000e+00,1.000000000000e+00,-1.573822045081e-19,6.178469125540e-17,-1.206296927911e-17,9.698493883390e+01,1.228284053317e-03,-1.032876438706e+00
