x,y,z,Bx,By,Bz,Ex,Ey,Ez
0.000000000000e+00,0.000000000000e+00,1.000000000000e+00,-1.032332276895e-15,4.488706105081e-14,-4.938545010255e-15,8.171727198528e+03,3.396154474779e+00,-7.499284716514e+02
