x,y,z,Bx,By,Bz,Ex,Ey,Ez
0.000000000000e+00,0.000000000000e+00,1.000000000000e+00,1.809451465041e-15,6.728431466062e-14,-7.471945045081e-15,-1.084608660038e+04,-1.635114034332e+00,-1.124024950337e+03
