x,y,z,Bx,By,Bz,Ex,Ey,Ez
0.000000000000e+00,0.000000000000e+00,1.000000000000e+00,2.479514114835e-11,9.735540663090e-11,1.877791122249e-10,1.872560180563e+06,-3.960165354629e+04,-1.631580624115e+06
