x,y,z,Bx,By,Bz,Ex,Ey,Ez
0.000000000000e+00,0.000000000000e+00,1.000000000000e+00,-6.062013265060e-19,1.969742782278e-16,-5.543250608771e-17,2.102356185403e+02,1.631890853504e-02,-3.292733177464e+00
