x,y,z,Bx,By,Bz,Ex,Ey,Ez
0.000000000000e+00,0.000000000000e+00,1.000000000000e+00,-5.484206937456e-18,8.606225803298e-16,-1.034614795305e-16,5.624386577698e+02,-6.117127400377e-02,-1.436960549494e+01
