x,y,z,Bx,By,Bz,Ex,Ey,Ez
0.000000000000e+00,0.000000000000e+00,1.000000000000e+00,7.305614827851e-19,1.928414061023e-16,-1.851489642898e-18,-2.070946312575e+02,3.147004349150e-03,-3.220253551169e+00
