x,y,z,Bx,By,Bz,Ex,Ey,Ez
0.000000000000e+00,0.000000000000e+00,1.000000000000e+00,-9.469447658269e-19,2.345326472598e-16,3.911055428417e-17,2.358726232011e+02,-2.067552565670e-02,-3.914074421923e+00
