x,y,z,Bx,By,Bz,Ex,Ey,Ez
0.000000000000e+00,0.000000000000e+00,1.000000000000e+00,-2.635796553882e-19,6.972700707700e-17,-8.722149538235e-18,1.050315266251e+02,-3.473132776621e-03,-1.164062406397e+00
