x,y,z,Bx,By,Bz,Ex,Ey,Ez
0.000000000000e+00,0.000000000000e+00,1.000000000000e+00,4.981993652638e-17,4.418256789319e-15,-4.003391936906e-16,-1.684193087211e+03,-7.765465384538e-02,-7.379212312233e+01
