x,y,z,Bx,By,Bz,Ex,Ey,Ez
0.000000000000e+00,0.000000000000e+00,1.000000000000e+00,-5.018899967204e-15,1.420665251942e-13,-1.372866345117e-14,1.848167986679e+04,2.830544298055e+00,-2.374605146251e+03
