x,y,z,Bx,By,Bz,Ex,Ey,Ez
0.000000000000e+00,0.000000000000e+00,1.000000000000e+00,-8.809904264413e-18,1.180355122851e-15,-6.723034314131e-17,6.946564183681e+02,1.270284992746e-02,-1.970972749184e+01
