x,y,z,Bx,By,Bz,Ex,Ey,Ez
0.000000000000e+00,0.000000000000e+00,1.000000000000e+00,-2.740993141002e-18,4.328439556787e-16,6.542762523628e-17,3.552982515142e+02,-4.344764979914e-02,-7.230798270673e+00
