x,y,z,Bx,By,Bz,Ex,Ey,Ez
0.000000000000e+00,0.000000000000e+00,1.000000000000e+00,-1.028971747420e-18,2.379242296320e-16,4.051290719085e-17,2.381243620367e+02,-1.606099240027e-02,-3.970369198505e+00
