x,y,z,Bx,By,Bz,Ex,Ey,Ez
0.000000000000e+00,0.000000000000e+00,1.000000000000e+00,1.658727451552e-19,6.180855388152e-17,-9.987803795557e-18,-9.697923710605e+01,-6.264509364785e-04,-1.032902047748e+00
