x,y,z,Bx,By,Bz,Ex,Ey,Ez
0.000000000000e+00,0.000000000000e+00,1.000000000000e+00,6.557662626338e-18,8.723015463923e-16,-1.515825569199e-16,-5.680273899229e+02,-1.477284208091e-02,-1.458284451248e+01
