x,y,z,Bx,By,Bz,Ex,Ey,Ez
0.000000000000e+00,0.000000000000e+00,1.000000000000e+00,-1.675155718975e-19,6.707088970815e-17,-2.153761493892e-17,1.023166447232e+02,-6.176170572162e-04,-1.119122898054e+00
