x,y,z,Bx,By,Bz,Ex,Ey,Ez
0.000000000000e+00,0.000000000000e+00,1.000000000000e+00,-8.249825776527e-19,1.708450612799e-16,6.144570990543e-18,1.908891108480e+02,3.597644521150e-03,-2.850654817850e+00
