x,y,z,Bx,By,Bz,Ex,Ey,Ez
0.000000000000e+00,0.000000000000e+00,1.000000000000e+00,1.894213300741e-19,6.483510243855e-17,9.987441910898e-18,-1.001001332754e+02,5.533378387363e-04,-1.083192073160e+00
