x,y,z,Bx,By,Bz,Ex,Ey,Ez
0.000000000000e+00,0.000000000000e+00,1.000000000000e+00,2.535441819039e-18,4.837478796916e-16,-8.738707780533e-17,-3.832056054995e+02,1.476487183373e-03,-8.092164116414e+00
