x,y,z,Bx,By,Bz,Ex,Ey,Ez
0.000000000000e+00,0.000000000000e+00,1.000000000000e+00,1.562000650354e-18,3.555488404908e-16,-2.040931371045e-17,-3.115441829798e+02,8.870388266314e-03,-5.936835243946e+00
