x,y,z,Bx,By,Bz,Ex,Ey,Ez
0.000000000000e+00,0.000000000000e+00,1.000000000000e+00,-2.642932067598e-16,1.534787834694e-14,-1.420711998802e-15,3.909868041386e+03,-1.182333083152e+00,-2.565309364717e+02
