x,y,z,Bx,By,Bz,Ex,Ey,Ez
0.000000000000e+00,0.000000000000e+00,1.000000000000e+00,-1.098101857818e-11,7.316332994544e-11,1.694068217055e-10,-9.869592326794e+05,-1.019600662059e+04,-1.221709377067e+06
