x,y,z,Bx,By,Bz,Ex,Ey,Ez
0.000000000000e+00,0.000000000000e+00,1.000000000000e+00,-4.613310260637e-18,7.531545395385e-16,-1.394257678141e-16,5.148677850385e+02,-8.698112756781e-03,-1.258804229597e+01
