x,y,z,Bx,By,Bz,Ex,Ey,Ez
0.000000000000e+00,0.000000000000e+00,1.000000000000e+00,2.005231691740e-14,4.123854860572e-13,-4.739940215661e-14,-4.105614514906e+04,-7.107773206838e+00,-6.886806985035e+03
