x,y,z,Bx,By,Bz,Ex,Ey,Ez
0.000000000000e+00,0.000000000000e+00,1.000000000000e+00,-1.318700667377e-18,2.915725314354e-16,1.490529420546e-17,2.729958479965e+02,2.385176672299e-02,-4.871901171957e+00
