x,y,z,Bx,By,Bz,Ex,Ey,Ez
0.000000000000e+00,0.000000000000e+00,1.000000000000e+00,-2.192748576209e-18,3.998521172880e-16,-8.378168164959e-17,3.368333043117e+02,-5.260591382847e-02,-6.671901124786e+00
