x,y,z,Bx,By,Bz,Ex,Ey,Ez
0.000000000000e+00,0.000000000000e+00,1.000000000000e+00,-2.526899532669e-19,8.078368322195e-17,1.189001283287e-17,1.158968048896e+02,1.585636763820e-04,-1.349267903640e+00
