x,y,z,Bx,By,Bz,Ex,Ey,Ez
0.000000000000e+00,0.000000000000e+00,1.000000000000e+00,9.635639819285e-17,7.014587478205e-15,-5.451720183654e-16,-2.299292099370e+03,1.618612365352e-01,-1.171564928751e+02
