x,y,z,Bx,By,Bz,Ex,Ey,Ez
0.000000000000e+00,0.000000000000e+00,1.000000000000e+00,-1.962815302736e-18,3.909466304092e-16,-1.106666221489e-16,3.318171107331e+02,-4.372820425178e-02,-6.522765884720e+00
