x,y,z,Bx,By,Bz,Ex,Ey,Ez
0.000000000000e+00,0.000000000000e+00,1.000000000000e+00,4.487240476091e-19,1.471692177206e-16,1.714676965996e-17,-1.729558410852e+02,-1.056403875318e-02,-2.458710617567e+00
