x,y,z,Bx,By,Bz,Ex,Ey,Ez
0.000000000000e+00,0.000000000000e+00,1.000000000000e+00,-2.321322060670e-17,2.698359779674e-15,-4.572369812660e-16,1.209513346187e+03,-2.375251641140e-01,-4.507148243224e+01
