x,y,z,Bx,By,Bz,Ex,Ey,Ez
0.000000000000e+00,0.000000000000e+00,1.000000000000e+00,-5.208719065038e-17,4.677763026458e-15,-8.208624527805e-16,1.750710669624e+03,3.478151323946e-01,-7.814200296401e+01
