x,y,z,Bx,By,Bz,Ex,Ey,Ez
0.000000000000e+00,0.000000000000e+00,1.000000000000e+00,-5.058454841333e-19,1.630383721594e-16,1.241206364694e-17,1.850454465727e+02,-2.558875507607e-03,-2.720726852408e+00
