x,y,z,Bx,By,Bz,Ex,Ey,Ez
0.000000000000e+00,0.000000000000e+00,1.000000000000e+00,3.769503920866e-15,1.153453004058e-13,-1.251605786627e-14,-1.589336696689e+04,-6.216672414189e+00,-1.926269499370e+03
