x,y,z,Bx,By,Bz,Ex,Ey,Ez
0.000000000000e+00,0.000000000000e+00,1.000000000000e+00,-7.894382235159e-15,2.022514021589e-13,-2.443607054851e-14,2.395499878733e+04,2.361877151398e+00,-3.380085230723e+03
