x,y,z,Bx,By,Bz,Ex,Ey,Ez
0.000000000000e+00,0.000000000000e+00,1.000000000000e+00,-2.753471413782e-18,4.353305134677e-16,7.344546010522e-17,3.566773454807e+02,-4.013880349585e-02,-7.273042574368e+00
