x,y,z,Bx,By,Bz,Ex,Ey,Ez
0.000000000000e+00,0.000000000000e+00,1.000000000000e+00,-1.070638360334e-15,4.613141425189e-14,-5.249676549209e-15,8.328176855505e+03,3.342626590626e+00,-7.706026257866e+02
