x,y,z,Bx,By,Bz,Ex,Ey,Ez
0.000000000000e+00,0.000000000000e+00,1.000000000000e+00,6.808513583561e-19,1.902553486430e-16,-2.813419404747e-18,-2.052636583913e+02,2.038214322935e-03,-3.177675158596e+00
