x,y,z,Bx,By,Bz,Ex,Ey,Ez
0.000000000000e+00,0.000000000000e+00,1.000000000000e+00,6.906088314648e-11,1.866122554125e-10,1.545763400401e-10,1.511998373373e+06,-3.052967384772e+05,-3.125918684519e+06
