x,y,z,Bx,By,Bz,Ex,Ey,Ez
0.000000000000e+00,0.000000000000e+00,1.000000000000e+00,2.148302354872e-17,2.320391799458e-15,-1.837255521263e-16,-1.092584675361e+03,4.887208030815e-02,-3.874842640702e+01
