x,y,z,Bx,By,Bz,Ex,Ey,Ez
0.000000000000e+00,0.000000000000e+00,1.000000000000e+00,3.537753720839e-19,1.213318210121e-16,-2.059968518271e-17,-1.521080252015e+02,7.798077405843e-03,-2.027704347298e+00
