x,y,z,Bx,By,Bz,Ex,Ey,Ez
0.000000000000e+00,0.000000000000e+00,1.000000000000e+00,2.715929759544e-19,8.023507221900e-17,-1.712455522558e-17,-1.153955144328e+02,5.755377546363e-04,-1.340357367229e+00
