x,y,z,Bx,By,Bz,Ex,Ey,Ez
0.000000000000e+00,0.000000000000e+00,1.000000000000e+00,9.214776596517e-19,2.327433869788e-16,-3.286507307021e-17,-2.347980348205e+02,-7.234710900282e-03,-3.886300659510e+00
