x,y,z,Bx,By,Bz,Ex,Ey,Ez
0.000000000000e+00,0.000000000000e+00,1.000000000000e+00,5.274568646264e-16,2.549087863004e-14,-1.641800453739e-15,-5.523566076351e+03,1.830658335184e+00,-4.256447408489e+02
