x,y,z,Bx,By,Bz,Ex,Ey,Ez
0.000000000000e+00,0.000000000000e+00,1.000000000000e+00,-1.083032973845e-19,6.434210190394e-17,-4.851138988742e-18,9.959573988907e+01,1.089463423281e-03,-1.074821759101e+00
