x,y,z,Bx,By,Bz,Ex,Ey,Ez
0.000000000000e+00,0.000000000000e+00,1.000000000000e+00,1.568443055108e-14,3.420800218561e-13,-3.776925635706e-14,-3.552480427577e+04,-8.865250071199e+00,-5.713187379221e+03
