x,y,z,Bx,By,Bz,Ex,Ey,Ez
0.000000000000e+00,0.000000000000e+00,1.000000000000e+00,-2.687380135247e-19,8.589346756167e-17,-2.199442633299e-17,1.208178887283e+02,4.625081570218e-03,-1.435817430428e+00
