x,y,z,Bx,By,Bz,Ex,Ey,Ez
0.000000000000e+00,0.000000000000e+00,1.000000000000e+00,1.880594267406e-19,6.473582217032e-17,9.487792452730e-18,-9.999705715676e+01,4.208522268197e-04,-1.081519341007e+00
