x,y,z,Bx,By,Bz,Ex,Ey,Ez
0.000000000000e+00,0.000000000000e+00,1.000000000000e+00,-6.083454316493e-19,1.960749924706e-16,-4.838924094897e-17,2.096053585508e+02,1.714870433690e-02,-3.278041481554e+00
