x,y,z,Bx,By,Bz,Ex,Ey,Ez
0.000000000000e+00,0.000000000000e+00,1.000000000000e+00,-2.660016631493e-18,4.711280490972e-16,6.877537535455e-17,3.761872085590e+02,1.601123661987e-02,-7.876635101418e+00
