x,y,z,Bx,By,Bz,Ex,Ey,Ez
0.000000000000e+00,0.000000000000e+00,1.000000000000e+00,-1.487037747543e-15,5.793274275828e-14,-7.399986719178e-15,9.757947391454e+03,1.839280638950e+00,-9.668287071146e+02
