x,y,z,Bx,By,Bz,Ex,Ey,Ez
0.000000000000e+00,0.000000000000e+00,1.000000000000e+00,-3.326890283988e-17,3.185358806012e-15,7.837839799787e-17,1.350333932763e+03,-2.420912979294e-01,-5.315948229420e+01
