x,y,z,Bx,By,Bz,Ex,Ey,Ez
0.000000000000e+00,0.000000000000e+00,1.000000000000e+00,4.416018750202e-17,4.075459792017e-15,-4.204843603600e-16,-1.595173503125e+03,-5.202109635274e-02,-6.806171871704e+01
