x,y,z,Bx,By,Bz,Ex,Ey,Ez
0.000000000000e+00,0.000000000000e+00,1.000000000000e+00,-7.177692259394e-18,1.042616591043e-15,-1.608286512377e-17,6.395992449538e+02,-2.016346449950e-02,-1.742155404320e+01
