x,y,z,Bx,By,Bz,Ex,Ey,Ez
0.000000000000e+00,0.000000000000e+00,1.000000000000e+00,1.563520757789e-16,1.062907666729e-14,-1.370212862534e-15,-3.048352446984e+03,-3.465639755684e-01,-1.776877004754e+02
