x,y,z,Bx,By,Bz,Ex,Ey,Ez
0.000000000000e+00,0.000000000000e+00,1.000000000000e+00,8.090065267820e-19,2.187587724447e-16,-3.923789193293e-17,-2.254509295275e+02,-1.363293816748e-03,-3.656690743699e+00
