x,y,z,Bx,By,Bz,Ex,Ey,Ez
0.000000000000e+00,0.000000000000e+00,1.000000000000e+00,2.011280836168e-17,2.239649652412e-15,-1.583955002524e-16,-1.066928481422e+03,4.333750030418e-02,-3.740018728256e+01
