x,y,z,Bx,By,Bz,Ex,Ey,Ez
0.000000000000e+00,0.000000000000e+00,1.000000000000e+00,7.907920967765e-19,1.681944558837e-16,-2.696078676870e-17,-1.890173866101e+02,9.674559456025e-03,-2.808456788221e+00
