x,y,z,Bx,By,Bz,Ex,Ey,Ez
0.000000000000e+00,0.000000000000e+00,1.000000000000e+00,-1.387710334527e-18,2.976218591615e-16,-1.782564948550e-18,2.767668657112e+02,2.800697485275e-02,-4.972689906684e+00
