x,y,z,Bx,By,Bz,Ex,Ey,Ez
0.000000000000e+00,0.000000000000e+00,1.000000000000e+00,1.551858389483e-18,2.934334027224e-16,-5.002928978686e-17,-2.739606504412e+02,2.881266518243e-03,-4.896939578376e+00
