x,y,z,Bx,By,Bz,Ex,Ey,Ez
0.000000000000e+00,0.000000000000e+00,1.000000000000e+00,-4.131315222868e-17,3.592120337577e-15,2.687567352367e-16,1.464511985534e+03,9.730731706900e-02,-6.000534168318e+01
