x,y,z,Bx,By,Bz,Ex,Ey,Ez
0.000000000000e+00,0.000000000000e+00,1.000000000000e+00,-4.494350664576e-19,1.313534509007e-16,1.129701845487e-17,1.603390763698e+02,-3.825636589813e-04,-2.194705328676e+00
